MFCC1,MFCC2,MFCC3,MFCC4,MFCC5,MFCC6,MFCC7,MFCC8,MFCC9,MFCC10,MFCC11,MFCC12,MFCC13,MFCC14,MFCC15,MFCC16,MFCC17,MFCC18,MFCC19,MFCC20,ZCR,Centroid,RMS,LS
0.0030782375283903343,0.7618804804317083,0.7553432222412307,0.3363456948645158,0.8397286397637314,0.1487212608498759,0.7214548814870007,0.27666639729961184,0.3535120381301478,0.541451894451256,0.1055988613967132,0.7244291975508916,0.1438619613448922,0.5591595070640417,0.13521632274625078,0.4868536799989271,0.1882407408696669,0.08393003414843515,0.24931036449599867,0.717830180216339,0.23810111735292186,0.17031046301433309,0.009866405242167541,0.0
0.005511218905016149,0.7632220610023853,0.7656585556828595,0.33399979051089074,0.8147140063564116,0.1421494245544576,0.6968244854504183,0.2889158970395966,0.35395480225605525,0.42462947161534514,0.04767631730245499,0.690810396921663,0.18228316630883257,0.5699116960390237,0.18138367737701863,0.6237179706739875,0.23775576065507736,0.1716597946191599,0.2999593504642951,0.6813227038492999,0.24557071424161867,0.16921722238767095,0.009218529406770603,0.0
0.0030168969070160103,0.7738574118649291,0.7654109085996792,0.33560470596148334,0.8308270121800982,0.17703073816905288,0.7267601429814591,0.30734657672096666,0.3509015721651505,0.4492314738190459,0.024711541715217535,0.6834731498709308,0.17363488693150142,0.5565141872943435,0.13605470057579494,0.6025085732164018,0.23436596876486152,0.15284043613068188,0.24307833901093356,0.6268206677734055,0.22760664238533243,0.15901037216005437,0.01640611650479311,0.0
0.0014765985154867219,0.764558891801741,0.755449687784439,0.32515523972081667,0.8218470548635978,0.17381566171521573,0.7250186018790631,0.2697545685550519,0.3464090119263463,0.4458807285434658,0.05231748567212386,0.7012475453800632,0.1745217661474243,0.5855476578425145,0.16580721492726658,0.5686686585900522,0.21631632758072677,0.04338814271466869,0.2145789624328605,0.6398704939670822,0.2380393851472304,0.16890330871824655,0.005978073745976108,0.0
0.005563712321384561,0.7630121517536615,0.7657893791802003,0.3439255573326971,0.8017194841496882,0.1294199965561902,0.6480678343868347,0.2726705195169198,0.3404312028233598,0.49592833880246234,0.06922608750727596,0.7102514821270014,0.22425563328909373,0.6324346843255327,0.21380236224186724,0.5934097114770736,0.19512762827099145,0.11032423405231614,0.21212896974977694,0.6045435703109157,0.24328662263102588,0.17215547039275875,0.0032194761862919265,0.0
0.0042351570363301,0.764128348014212,0.7501324646398072,0.33982503572349826,0.8035848732198023,0.12841703466543508,0.7518031749813624,0.2893797509597787,0.31569996075290935,0.39731234430856877,0.05400955654397262,0.7181255379232743,0.15444531145103824,0.5728233984273756,0.2210812791206621,0.5214380637343785,0.1986747490162358,0.045116366131622794,0.18941215093340366,0.6287771180261004,0.253102043336007,0.17083664810037896,0.006692930799812308,0.0
0.0005963016173984724,0.7636688459434655,0.758932638740397,0.3576526756978971,0.8254624219633407,0.10865681307298934,0.6824076165916219,0.2910992531352217,0.3357608749939062,0.45783057820508405,0.08293504364389742,0.7176919710888175,0.1590246855474814,0.6045637068978305,0.24762108692076515,0.6035766694421633,0.21589025233249617,0.17432645580497222,0.24736249036347913,0.4991766775799302,0.24754614482375387,0.16912330215705967,0.005891715817911856,0.0
0.009961068116156381,0.7597214795384443,0.7696330170453126,0.36789260612042163,0.8275537714771887,0.15707005461051576,0.6782979127048968,0.316915956100477,0.32093494534964023,0.4678657488055615,0.07822498389383226,0.6854416945650589,0.15169077425362112,0.579426150762363,0.24454414315403403,0.6460769539876376,0.1938805670319783,0.08784202591800436,0.2178472883404485,0.6572592338187029,0.23816284955861342,0.16689657870065203,0.014622023907841904,0.0
0.013638261423446962,0.7546113384702363,0.75559791657716,0.34470339950378875,0.7970956443866575,0.17535368565672743,0.6743862497063028,0.3088357295140721,0.36508265260416123,0.49339253310998216,0.02271144173195443,0.6491826311733991,0.16838598783857578,0.5376439154801455,0.214338146994347,0.6397141284915578,0.1890141446602683,0.1575570202935125,0.18383361512709884,0.6432375211026786,0.24436693623063074,0.17511633645687164,0.01333715668507959,0.0
0.017030869636380706,0.7465177281384109,0.7572905815528773,0.34687792915461346,0.8134075545859789,0.1646164881736988,0.6634544942408948,0.3229280127975916,0.3181731758411003,0.4478369685195079,0.06603699515395388,0.700289344843779,0.19821811391011449,0.5929347372165878,0.2725245490659453,0.5919509406949732,0.19012668713329967,0.14703025032603836,0.2051179184960033,0.6378945529165578,0.23992221742082828,0.17725591318815448,0.009525662215185462,0.0
0.019226745918848077,0.7545390193714056,0.75159304324479,0.34394438099179436,0.8208852056033735,0.16983790759066653,0.6644376910808935,0.3018855667816197,0.36439953836718486,0.4830312707693308,0.0912215624437431,0.6956433973548822,0.159569898550076,0.5581423206825679,0.23797169695357098,0.584510380414709,0.17970451441029275,0.19159197574638315,0.23546933953924848,0.5976069755305153,0.237699858015927,0.17629945186812454,0.007821731783603545,0.0
0.017532211253382387,0.748940724386092,0.7482370374323112,0.3459061519151031,0.8167925827488244,0.1722346483697305,0.6523098702106033,0.32048398788733057,0.3089398955778347,0.39711095601076535,0.02831366092923575,0.7192199390748358,0.20571518751609774,0.5672190908059613,0.19299580719791995,0.6526155579988534,0.20062429011192767,0.1678572602150112,0.17811439321341152,0.6455895198995559,0.24538551762454414,0.18290999409195144,0.00436540522452819,0.0
0.022226538229519324,0.7427107098150194,0.7505574281696725,0.34695583948556763,0.7977297709827303,0.16334008013914222,0.618394809541285,0.3355005705220535,0.3369668474532295,0.47569287161590873,0.06166657098064806,0.6533733673056822,0.14293379520540936,0.5651606440177188,0.24741251198183267,0.5709614776159482,0.17485018062628505,0.12649260048708186,0.22866811731739906,0.6897755516702443,0.24686709056114553,0.18607386310175303,0.003909239205075189,0.0
0.038924752957677736,0.7381831052166279,0.7343852128326314,0.3354222145567841,0.7936568664456686,0.222945890126815,0.6056466636737102,0.34466561787486816,0.32118478711471377,0.5060119729897133,0.07607611924232623,0.6579584395760126,0.19635384010268261,0.5635312167486562,0.20279704980462107,0.657753785870882,0.19296955587288275,0.22510882301483268,0.21328261647769584,0.6438432754446265,0.24581764306438642,0.19243354467134816,0.008196970138068145,0.0
0.02810344160811317,0.7470461785025351,0.7474942853707635,0.34808390447530163,0.7919781219703319,0.21188438579669217,0.6696505334942238,0.34182695670775387,0.31188886668254057,0.3979373155315131,0.04515899626341728,0.6620482089316431,0.17591221046381544,0.5863820933577027,0.1867032651547515,0.5990490192110133,0.20528777610872287,0.23426399579626844,0.23943650194098312,0.6278462440733029,0.23986048521513673,0.18121520327692292,0.011005038111957547,0.0
0.02445455935684151,0.7440483067065239,0.7480835113757788,0.3608133689083365,0.8238675633777132,0.24057611017806976,0.6557512114897432,0.3262679176291617,0.31518730292186137,0.4550228465664023,0.06327201870933911,0.6874420911412248,0.20702044089076085,0.5560931271027447,0.18928431514559216,0.6623380469857564,0.18009200744353204,0.1589687330887379,0.2322687886670643,0.6868746985580233,0.2385023766899184,0.17825467263705266,0.012657560458386195,0.0
0.025206571782344034,0.7536460623629653,0.7478715735263269,0.34625305840670806,0.8084694597998372,0.21390195351210622,0.671111262773193,0.335628227653257,0.2900099700686337,0.47366941596698725,0.08840928344167126,0.7033507534364746,0.19277559493850518,0.5040872727722556,0.189443953198746,0.6473102513494863,0.1954830454076468,0.1963266627264767,0.18782736103472297,0.6179740730786664,0.2388110377183776,0.1770275761778479,0.01133142802068062,0.0
0.016458160565664664,0.752378179856986,0.7575296205823642,0.3389818011882961,0.813860804119648,0.16123895555403314,0.6354896990047635,0.30850003939240117,0.34662142964940684,0.4709808614936449,0.05810007600299331,0.6714752591926781,0.16439997226105327,0.509813636486085,0.25242431640673646,0.6716613494426483,0.1978521301167479,0.14889373694117664,0.1785480398793883,0.6337985044268597,0.24788567195505884,0.18070391099555405,0.007188807113049448,0.0
0.027785532041567397,0.7557483724372303,0.7449444095975751,0.3268561418201567,0.8027792002812396,0.19903549103656953,0.6989735845446453,0.33793491117763824,0.30759184333305817,0.3987242459970383,0.06094455074349307,0.6868843142648445,0.1868112814488123,0.523662513600789,0.2324792729928835,0.5551080205334712,0.19151538105063884,0.18211939341446473,0.19761788558923632,0.5993137797827784,0.23726773257608472,0.17934116197780978,0.01212257189792821,0.0
0.011846997316583301,0.7593319982900824,0.7502577543883451,0.32022283382247213,0.8180324512266697,0.1500066114256707,0.6843726899990317,0.30869150205887425,0.36685244084105373,0.5125051104781976,0.04798664993591981,0.6898736564371767,0.1946633323527689,0.564744092804799,0.20008438924975464,0.5753368824356444,0.19356704856055296,0.20548456152762948,0.24832551012586387,0.6643683303493031,0.24510772269893066,0.1769856206131001,0.0035373020678027556,0.0
0.023981233889025216,0.7539797721029077,0.7465889735260054,0.31868214301520226,0.8076095237425533,0.18955024932689912,0.6806156004526096,0.302958216017479,0.32591648684633767,0.46869835384726116,0.07212231113849323,0.7006175791030798,0.2048839892440795,0.5713168114209333,0.2250846129645426,0.6647981012590952,0.21753883189812473,0.1967831065908914,0.2164426468603202,0.710296380838921,0.2418976480029618,0.18139822340721795,0.0067018775768546476,0.0
0.002013328952512053,0.7631574028250414,0.761589784105765,0.3326631705884765,0.8146895169912014,0.14756129215435917,0.7030004159366448,0.3089165199193151,0.39251374801143235,0.5035157515849565,0.02800975672940054,0.6750091578656411,0.17079073680491488,0.6263374865217377,0.2531210738547095,0.6108386973334564,0.16856635552371876,0.15912815773781872,0.2654104196503211,0.7000530329867996,0.24668189394406934,0.16782830724665249,0.005839924982948985,0.0
0.033957637160525175,0.7485995069430932,0.7340899849691457,0.32292152998047224,0.7844828965872744,0.2200643890914597,0.6670829079897466,0.35458817891333055,0.29968576690841686,0.4009898850449935,0.06011651492173133,0.6780066167337819,0.18330708201311768,0.5177337163485273,0.17728031950447856,0.5899978182654453,0.13442965220436978,0.19130575829282342,0.2065181724071984,0.6687055078521463,0.24121859374035343,0.18502414445110188,0.01019023551145833,0.0
0.02115071810080042,0.753311433312444,0.7598362005962174,0.35580188495825005,0.79894729404719,0.17652911749646852,0.6588670547963396,0.3512797104851689,0.3544523358367065,0.49348557947100735,0.04839592687699881,0.6987480335017718,0.1689552961604938,0.5820668831363617,0.25120007864750715,0.6451406055896709,0.15470303656462336,0.12159194787225938,0.19323380090192932,0.6890452855256928,0.22942774245323716,0.17337275133313035,0.013233551093253535,0.0
0.03638501530731392,0.7352999940244813,0.739222466038357,0.35345593389579333,0.7792373409915513,0.1738115164747459,0.6228873924783969,0.3709007992483529,0.30034779536311373,0.37406668349406563,0.08443999352684706,0.7454952821512361,0.20053509996243857,0.5836722363801293,0.25630656853171313,0.5892515810441653,0.1859053396494411,0.30831935438020264,0.2552558301112662,0.5913918678462323,0.2437804802765597,0.1961364279440448,0.0004607829391501984,0.0
0.011619624147931362,0.7657539955536012,0.7436946337140846,0.30722815664413855,0.7943556437580361,0.17360993669099986,0.6989580459518842,0.30538302211554647,0.3285122829666677,0.4842533438068955,0.07926328306555937,0.7044539476751626,0.18604230685721937,0.555987930669738,0.18645865487265487,0.6424080429827371,0.1924413035776017,0.11218261942948529,0.20543219747776723,0.6736743509928752,0.2401691462435943,0.17278816511968773,0.005088347868289033,0.0
0.005652184371443681,0.7577112537404443,0.7624091100075856,0.3387410171618757,0.8319731507077429,0.17419893344359982,0.6746108991650444,0.3136966726336333,0.33203463271578554,0.48199263080363475,0.039742451657468446,0.6793289002691894,0.182224732903357,0.565106732316122,0.24087521136297443,0.6815970445936284,0.19012396561879075,0.21921988593549538,0.21974545389787753,0.6085767241252656,0.24325575652818013,0.16973866597500972,0.00691561942927232,0.0
0.006385027852766729,0.7571910771715262,0.7558507190331567,0.35130578625501546,0.8179975440673811,0.12975939394162403,0.6857376487356892,0.31239619583680867,0.31732732331342023,0.4238741154404982,0.023538620429232233,0.7083533436200031,0.16446255692004522,0.5654280852661493,0.20423824109080255,0.5551456046525166,0.19755156099110216,0.256899432914205,0.2493966705578381,0.6195168598103729,0.2450768565960849,0.1714923218117731,0.006367497765643939,0.0
0.01579550491072185,0.7612722032656977,0.7420892317002596,0.3526856585554056,0.8232955811880555,0.12483023726564653,0.7476863619345507,0.33117123655991076,0.23220022901506188,0.3890255418422101,0.10337049844932208,0.7608821392901677,0.138247210474673,0.5817218090376317,0.25562938583805184,0.46332010690655,0.16139105087548591,0.18337236854681147,0.23687950419438686,0.6218854667324593,0.24260756836841754,0.17010428405217837,0.01058372624795798,0.0
0.012863541171762596,0.757900478501156,0.7509148515859432,0.3763895497864181,0.8263579295030137,0.11288593644265811,0.7113198597484586,0.35354906184110685,0.3074764988817143,0.37755243447565784,0.05955424126026978,0.7549054226293361,0.15075872759454684,0.5814191193384844,0.2918928786955767,0.4842271258876357,0.13807713987306097,0.24294753976029473,0.2071010996538208,0.49618049972538447,0.2327304154577433,0.1683305571547966,0.01001345293849796,0.0
0.03240023417265112,0.7436666395980774,0.7338117367280552,0.35775655613916946,0.8014652597776721,0.15096490718596997,0.6734765818934872,0.39508062711239844,0.32109560151259864,0.412362937303106,0.0677659759488921,0.675786761920178,0.15367408074340377,0.5992008452825496,0.3125177740877699,0.5600904041816478,0.15219969891188787,0.18009298144396024,0.2072093951787844,0.5372246148859936,0.24717575158960312,0.18315156426066,0.012936441545731954,0.0
0.01292458688630339,0.7704342057079994,0.7551483586081706,0.34204463939672747,0.8315627802105701,0.1416253078015708,0.7606350876760021,0.30970122091208635,0.3092140378761689,0.4574731915927334,0.11439852991103489,0.7605889543991323,0.15281856154045798,0.5590696019500333,0.23344043791765423,0.5721202952081648,0.19663471439857125,0.21763668603665043,0.26670996594988416,0.6122550143885492,0.24112599543181615,0.16496127080350545,0.008924386170350136,0.0
0.021449458723166715,0.754622983070896,0.7519468247921904,0.3472595403080284,0.7964744116980382,0.18016230432893052,0.6734183883402056,0.30064920642954895,0.31527252095156305,0.4613120395952353,0.07575303688216288,0.6782067670736142,0.18869802617201772,0.5599854343325051,0.22309584758521667,0.585413963972842,0.19217427870055404,0.20948954126467736,0.23503509926100438,0.5558942768678968,0.2451385888017764,0.1756963041477436,0.009396986510186285,0.0
0.024627079854456793,0.7550984198583343,0.7367397047057783,0.3218351292684427,0.8259713840479506,0.20936272889470608,0.6849392900579463,0.32191747636758755,0.3279919477134453,0.4946661433378378,0.10850847759799205,0.6668085280433009,0.20564529304113133,0.5739445265695281,0.22566429262062976,0.5336794710478464,0.15727257664006375,0.07742350012755118,0.17381034294529243,0.5344873206873215,0.24476819556762727,0.17442876729859244,0.011753146556369557,0.0
0.0,0.7679885331327196,0.7640193836122371,0.3276830749731629,0.8218949465198536,0.1223220873269892,0.719998722382373,0.30210795918419353,0.34411559229914945,0.5306531558766352,0.06343931869454733,0.6918777424205285,0.16205812380995174,0.5990149577354437,0.21446078579598019,0.6289811868653061,0.18683902165730612,0.17230624132701472,0.2625839477435378,0.6987552406701605,0.23202049509228917,0.16711059730469008,0.006938751871497351,0.0
0.007639561522605059,0.7729597050851665,0.7560646906535363,0.33271291549403176,0.8356030121296818,0.14616145842042025,0.7494938151068941,0.30422004791692686,0.31144672312565164,0.42599703372714776,0.06502815963636203,0.7230389059430251,0.15725936498963075,0.5523820023988599,0.2374346517055486,0.5881522846796128,0.18292802809311834,0.1897711553594164,0.24151174461871122,0.6583590716962119,0.2395518241866775,0.16318156276648155,0.015423238889742355,0.0
0.028498026951376848,0.7481334164798679,0.7473027325275856,0.33662379924731056,0.8016912806144153,0.2213600561926935,0.645755326170042,0.3190298066536212,0.29588506991242397,0.43929867387847965,0.0911824025688833,0.6854573745455986,0.18509884425097498,0.45679255619963455,0.1767275551355698,0.6138430172174846,0.1717105528813687,0.21382506368205104,0.1475916246987095,0.5863482717632406,0.2502314957713432,0.18143578194125112,0.013463703344195083,0.0
0.008292780158874899,0.7599450252274145,0.7635484946970074,0.3439172898695201,0.8368165190590331,0.18969612453084844,0.6863714811371386,0.3111022481391535,0.34775947862544626,0.48891770790022376,0.02648911075433874,0.6390480755943582,0.1767249988289347,0.5610358695306729,0.21532177839849778,0.5975057232785869,0.18852743660042082,0.17766291392114844,0.222636190784918,0.7461258395026484,0.24186678190011604,0.1678545077199002,0.012585627414138096,0.0
0.02074934990036554,0.7652692124419495,0.7587049982875042,0.3193827287789809,0.8089623573440132,0.16693772968532922,0.6593403217392578,0.30220681688502177,0.32143799283861996,0.4550223808688997,0.0657890718969756,0.6860484790668911,0.16758754837148046,0.48986344467400944,0.21616883140324816,0.6378796729891075,0.17853852898723077,0.1595865967855652,0.2439520846501417,0.7278234889763078,0.24081733440335693,0.17403381294502676,0.012703777499097122,0.0
0.01812821796394733,0.742830679845494,0.7571445284220789,0.3631541819993272,0.8341829913055429,0.1893618504763324,0.6305107479582873,0.32614045625578164,0.346338673988739,0.5222965970987995,0.09425487242210985,0.689651738594948,0.19382757672634676,0.5593526481855442,0.22784102012942342,0.5549789326974492,0.17434316880238046,0.17594020831890297,0.19145727424086675,0.6600060604916073,0.23936662756960292,0.17473695223850766,0.014467895339839505,0.0
0.010283991098872172,0.7624608718435089,0.7667687108273222,0.34325981635722275,0.8072684844198845,0.12658558358954258,0.6676751010249733,0.3111981809877965,0.36815167159861917,0.5194896416226221,0.02934071034211121,0.6465515919289325,0.1815156356315062,0.5528018079181307,0.241165866805781,0.6108110334190215,0.17118103476538582,0.07274627881243069,0.1805441256517153,0.6922408591556786,0.24229890733995832,0.17283868094952998,0.009006390319230556,0.0
0.01180217147788668,0.7557125193246745,0.7562219531729355,0.32804670322644763,0.8233462509227322,0.19193734892869055,0.6475349520586172,0.3269942943057192,0.3402282597988662,0.509655486761946,0.07421331988733361,0.6924302311466087,0.17974291501303935,0.5367690951993975,0.21434511679323048,0.6824529986520217,0.18191756140148121,0.14931302508376468,0.1939635052339826,0.7180132954430039,0.24482992777331883,0.1740186055384245,0.008984406126454738,0.0
0.009747555568680372,0.7659825974507513,0.7607477556447532,0.3114709533541087,0.8034627585553015,0.14599522962000674,0.7014544782960643,0.32687193415091415,0.38061414718041514,0.4950092382112744,0.0,0.6728692402077305,0.1966330570239816,0.568331357824797,0.22360872097753628,0.6583375445358889,0.14942127310423414,0.07582774811378942,0.1595091910535921,0.6685945904715582,0.24677449225260822,0.17214408885724708,0.008580916050921037,0.0
0.026661347192149507,0.7476892362520934,0.747873701891251,0.34993647015054613,0.8156757952236267,0.2001718458341288,0.635091484480475,0.3216933682052673,0.311282641964285,0.48850039119370153,0.09262665732431417,0.6943931802398384,0.1564549693761859,0.5200044380112755,0.16618773628759392,0.6154737173501558,0.20279881817915993,0.23959186247427708,0.20484857338196136,0.6136066930285986,0.2380702512500761,0.17974501957551312,0.011218301527108118,0.0
0.02453506892239531,0.7518157150014633,0.746540494102732,0.33447080236781085,0.8405692500580872,0.2635316135367159,0.6855524043357143,0.33838567235398326,0.361495933231494,0.5268917688920705,0.0799099299184083,0.6563113037378914,0.1897498725928969,0.5372073679269971,0.2524764416047707,0.7437617407871357,0.1846366202182199,0.18811787921377074,0.19549089540732512,0.7228431151450985,0.23081671708130125,0.17398629369803217,0.014690871031651528,0.0
0.013133970738109974,0.7725035738198728,0.756352256403295,0.3113536674781938,0.8103608178638857,0.17841594712200845,0.6994919438743998,0.3011341791643285,0.3093174660459222,0.49960082930819194,0.06893964721880085,0.6687078348625747,0.17029380468560895,0.5582310495412687,0.205712056967503,0.7177786908004685,0.22261674759269384,0.16028008012317543,0.2057429664043847,0.7013028025981987,0.22893388480770338,0.16809238021271655,0.01121031162462048,0.0
0.025118099732284915,0.7516802699095858,0.753785826680696,0.361023138270636,0.8182950098339484,0.19100862876050742,0.6505469000685167,0.355878165393853,0.34656365908219644,0.5268547200685281,0.12335044516181567,0.6775887298798652,0.1821985168349545,0.5381638203260902,0.29087336024185473,0.7100933799831067,0.1589715358696245,0.20324630932249327,0.15144865912022007,0.6669580186067673,0.22541514908327528,0.17023863024869884,0.019441848855769463,0.0
0.00843315581163537,0.7711564773857262,0.763137767563635,0.3204417581157471,0.8083507271438487,0.14820678527426145,0.6928928152441517,0.29922609311393333,0.35964111686580175,0.5168935643244684,0.056306918012320434,0.6870138739471876,0.1524309608045242,0.5470652107831254,0.23484448165872165,0.6968329767625971,0.22093554782757951,0.2207222187883112,0.266811783358364,0.773527837519075,0.2419285141058076,0.16799402256164603,0.008760186497715417,0.0
0.01272670440100449,0.7629943784158134,0.7543800188705344,0.3145380420662072,0.8022533583505722,0.1560577775726376,0.6879815027779297,0.30358333983866287,0.2849829812168204,0.42129586400786173,0.0427836900373115,0.7131806254720844,0.21718853027830412,0.5488764087057174,0.20721271398458518,0.6251849091955306,0.21556708830732305,0.20585033783008871,0.24952249054930556,0.6648956956505695,0.24100253102043315,0.17519192484132304,0.006496245236220847,0.0
0.0014241050991183103,0.7666327032480775,0.7701313855165637,0.33120099732697056,0.8386130600987164,0.16575563751539513,0.7218399948448433,0.3019461941310502,0.37176491944905626,0.5298387026887046,0.053243769387856583,0.686859964177418,0.16502423956974288,0.5667151438236894,0.24254751821426496,0.6306047519612226,0.1866850092525164,0.11426398298779755,0.2418299724125151,0.6661125438303411,0.23405765788011587,0.16222854370680131,0.013987998831557099,0.0
0.014375823414106497,0.7488228994136331,0.7542517967081009,0.35136548014168195,0.825610867979831,0.1858835745405292,0.6602713170323339,0.3015405954360853,0.3001300604148016,0.48194324617068934,0.08612960016580451,0.6842752269931339,0.1581593748009153,0.5078121988717491,0.23761438354059006,0.7250944818195886,0.2373299005963661,0.2603082657576136,0.19648780268741178,0.6529687359577195,0.24035434286067056,0.17832623450228455,0.004645147498971149,0.0
0.02221002344684162,0.7621397260148043,0.7543313029622694,0.3323804420313625,0.8217740699120403,0.21219872543636456,0.7302605918487488,0.34550505045203506,0.34064457683310456,0.480025172692196,0.06913651799870463,0.6842864181949307,0.22222061661963935,0.6002370477914958,0.26423501134902466,0.6524346159702766,0.1843697978724845,0.178676401278409,0.20029861277974945,0.6396945854219673,0.23232915612074678,0.1684307177348135,0.01815781889824512,0.0
0.01974342269119334,0.7590532939664115,0.7473170635180751,0.31845583872654915,0.8132644835473031,0.24513720210334158,0.7317254850643398,0.3711643238241775,0.33388054408561646,0.4984792227451943,0.05788011643230342,0.6804123561794329,0.214080504819501,0.5774518062286115,0.20424194843063426,0.5788731693801664,0.17520620535687723,0.15748375394589012,0.22699431138783194,0.7479759584448329,0.23344033582319906,0.16807518178577585,0.01573034777629794,0.0
0.03701818027890369,0.7425695956412418,0.7448775789389552,0.33139904277256155,0.8176110892018315,0.18343858129936708,0.6512422774844319,0.3492387394181682,0.30393629166564823,0.4957848832739859,0.09890182638204528,0.6865485167208127,0.18388347453940615,0.5179922572651305,0.2599668992943631,0.6296645231046699,0.17977722315140493,0.20197621800200374,0.1907898733876652,0.5869096067407237,0.2416507191801957,0.1893801921964357,0.012846949853531355,0.0
0.027930921110497886,0.7531591341932974,0.7507263730476557,0.33301353353361307,0.8036562577566174,0.2228626359994014,0.6694636641433717,0.34183044580307725,0.3273567563254837,0.5083301220182982,0.0822678793737142,0.653464126722454,0.19110868616238583,0.576190468453797,0.2396669151650215,0.6650404108625663,0.1882390446699265,0.22538489280518306,0.1937621158199476,0.6513698353828508,0.23797765294153883,0.17490290575555215,0.016467547850839703,0.0
0.02222948729785463,0.7625468273825852,0.7525623952252674,0.33487857046687,0.8270298923193188,0.1845975719044357,0.6937361647493007,0.3501854242522383,0.31921870916706724,0.44987123869932377,0.051220259192126194,0.6915763178534448,0.18403418309097994,0.5443760951074755,0.18065659388922245,0.5511088324324795,0.18810063983439013,0.25948779685742784,0.22599182931427717,0.5746403951895204,0.24013828014074856,0.16908128745641285,0.01742554672761184,0.0
0.02223862940969407,0.7641626689424705,0.7369321561919243,0.2859666702126455,0.8029476061872537,0.213498561065936,0.6793604274595777,0.26996785246125354,0.3181458368934101,0.529896221504696,0.10007924757157115,0.6961169327671856,0.17053168956102713,0.5270594213035122,0.22283744599894617,0.6073197472764872,0.18551108713365408,0.13605822559920783,0.20406435995822006,0.669553013602464,0.2410951293289704,0.1783923882012168,0.009272999490482534,0.0
0.026321909426756013,0.7615545848316819,0.7545131126237944,0.3292875233354404,0.8375946829819281,0.21871322700123944,0.6969027877708025,0.33786132926636364,0.3012734062695674,0.4800426829182948,0.07862049327288805,0.7179014679268538,0.17350619807249282,0.5373841590997244,0.22247494231020085,0.652914666250174,0.1901703452893052,0.19971382627106235,0.1689019437704651,0.5945477719700478,0.23340946972035168,0.17284100195728982,0.01970965412023028,0.0
0.028027060738228797,0.7368142517654591,0.7521199318060253,0.3490916475150727,0.8249453068224957,0.19160205020799093,0.6159958742497234,0.3374570317851662,0.35500235327910434,0.4426671984498268,0.03876099055308239,0.7022241314621568,0.20393605952807298,0.5414191460982927,0.2317410674855922,0.5900461362336435,0.2031363619275057,0.260531775622227,0.2196043032243728,0.6367050246113908,0.2361565528736341,0.18724339143405744,0.0097430880346254,0.0
0.031084654788272003,0.7454274257924834,0.7493229292166381,0.3313101091573716,0.7960947510460181,0.1688576280831565,0.6447366850890393,0.3632039758742866,0.3369443916715867,0.5050368231168757,0.05520637017494752,0.631720974413387,0.15040036612251123,0.5393831657864245,0.2980844328017292,0.6392156773273984,0.1332747427124487,0.19587167322646867,0.25342278123865203,0.7043877209087436,0.25513920612383373,0.18668515252891899,0.010271785144910336,0.0
0.010858174703755864,0.7606855298982778,0.7573950606221564,0.3300150600949988,0.8216406617548283,0.147801483222931,0.7093925664489384,0.3475051196491066,0.3352240454909238,0.4933013288413007,0.049229319726785244,0.7229662861115836,0.19455066191765522,0.5604013974177712,0.20734832847562923,0.6460218139228933,0.16892534227475323,0.14880852872701905,0.22433343149443438,0.7354769847827479,0.24137292425458223,0.17043138335976785,0.01360058424845622,0.0
0.010572999795731966,0.7616227670329099,0.7608484982511653,0.33222681668453485,0.7995357031353364,0.13442656210476123,0.7112205346261036,0.36889634277300354,0.376058317725966,0.5112065078177008,0.07597937131620204,0.7170660631597388,0.18013908898993092,0.5463857665089644,0.2503236635112896,0.5523487954207699,0.17985169138329266,0.1621742545581308,0.1838560175378873,0.5750655238857025,0.23878017161553186,0.16898687917957048,0.013421911848266261,0.0
0.017496232619691677,0.7536958583526261,0.755374107181131,0.3361089277976051,0.8468646777248703,0.21528059528633994,0.6643970673089691,0.31549970582384723,0.32476180797703696,0.5089126681987531,0.09323746565967855,0.6739811660434247,0.19686015766472137,0.5450872590664307,0.23119505047517702,0.6482904739646902,0.18457825322565924,0.22395773012877326,0.21405771924359343,0.6302665753143346,0.23359466633742784,0.17361097351695895,0.01459047096958068,0.0
0.010596592342414397,0.7609427836417876,0.7567471863392299,0.3280471236059312,0.8303973159199973,0.1844089401751909,0.6739174513782958,0.3085801619180113,0.34188794620574064,0.5254911991761649,0.057369109529037246,0.7094230872335394,0.18580555003982185,0.5294726659010274,0.22634555338810577,0.6363626327401775,0.18398321623015054,0.12348773745562619,0.21694484283857127,0.7297825598404755,0.23884190382122342,0.1718568226836317,0.008849678189936558,0.0
0.008332002767734442,0.7647105780471699,0.7603387312033202,0.3338422416222164,0.8292850578704858,0.13577879543690066,0.6707435160778481,0.3007657514254817,0.306706491417795,0.49301951975921,0.06317821714862855,0.7087654504026623,0.16999419247529463,0.49604462710676483,0.18628641186407333,0.6025816447550955,0.17359822066115588,0.12570209861932824,0.23829281757546555,0.7461888652085704,0.2440274090993258,0.17007736149133904,0.011726138772207214,0.0
0.01920138393116446,0.750557638474986,0.775588655073208,0.36347848141648265,0.8567294832149289,0.11366975949733976,0.6919135792219157,0.3577648792959969,0.34195643939173004,0.4224785338622874,0.18113526006556144,0.6626185912825749,0.23248517752911807,0.5410746601272165,0.29358305492485604,0.47719994397583987,0.15812887902842693,0.3050159921897329,0.28308932858064983,0.5506089293765354,0.23106364590406733,0.15736654778463655,0.028333222854197884,0.0
0.006667548599288854,0.7711785408396061,0.7586049651360667,0.3238016644925652,0.8440306149844982,0.11877394778776201,0.726124990307422,0.3337878392642677,0.34739003320308753,0.46657695683912015,0.07976904008136144,0.7541361197409674,0.1672598249552887,0.5941726675107818,0.2529391176157687,0.5809146974186064,0.2047538782531117,0.22393608640922377,0.24151378354780373,0.5894531067209791,0.2411877276375077,0.1669143734409202,0.009775310785068774,0.0
0.0172791811902133,0.7707774149905847,0.7579341991059555,0.31085229488079386,0.8299954004441056,0.18776425616896783,0.7141235093678162,0.3142926400542933,0.3450225522241723,0.5117887538819873,0.06684858489968,0.671820403234914,0.19151424558201002,0.5598466754147224,0.21275659582213677,0.5647849141319903,0.19299216343061715,0.23835878801670102,0.28918541685647203,0.6796424660458427,0.24671276004691509,0.16908066756071613,0.01573455802430581,0.0
0.013579574963574412,0.7623387567550169,0.7545658014799178,0.3081278154478017,0.7986761596326121,0.1768907780835268,0.7085213896600212,0.3262157654419688,0.3448063975226505,0.4857667468532713,0.06479378966028608,0.7017905031375802,0.1798929467298007,0.5850601392260382,0.25654784220796123,0.6780734317275521,0.1719432866756042,0.18900427412363444,0.1944156571171659,0.6487264245901933,0.23350206802889054,0.17603051677603984,0.007445177726654412,0.0
0.019118515110942418,0.7721070445237438,0.7555716194460966,0.30883993829296275,0.8223940343474674,0.20302675212444737,0.7078035676101182,0.28552243517057135,0.32644767357966537,0.5078606471914816,0.07107635141669093,0.6991110096787395,0.1746389488146211,0.5750120174696556,0.234070685689046,0.6151181233911939,0.17257091855418463,0.08422730915650387,0.20473005740230626,0.7313495544706624,0.24865732452620448,0.1692303107710692,0.013177765307036574,0.0
0.01710754541309861,0.763813177704267,0.7576393496184562,0.3204957068161381,0.827215359250418,0.16587123849119395,0.666551650612406,0.3205733340609737,0.3099806406882052,0.4500749658334737,0.027784118709004473,0.685069925300965,0.21842682212885475,0.5827681273422229,0.2450562750783873,0.6593073775361693,0.20759629129724216,0.235795397666308,0.21701610211989258,0.6676420964741098,0.23393419346873123,0.16915345722971703,0.01297890285386347,0.0
0.024688715382664646,0.7499481355615379,0.7493048617632815,0.33514854751298245,0.8291468182725418,0.18799163891024515,0.6538257462599597,0.32705177801480884,0.3080358791167904,0.5680904125316186,0.14145248570028698,0.7113461292390421,0.1762269837739288,0.5389460301056224,0.2666040015014913,0.5719696144977536,0.1515200797770839,0.2739177104497094,0.24123798612650704,0.6590984444656314,0.23822458176430655,0.179237796827985,0.01285953275385696,0.0
0.028075425458927782,0.7478956214769338,0.7212925996499131,0.3978775273418903,0.8904322247220325,0.00806482150058916,0.7545240536654244,0.44412944537905613,0.21346369722786188,0.3785921455456099,0.14599508475430328,0.7800235831418956,0.032420116782770625,0.6399237450347721,0.44056580697580394,0.4041738911415071,0.10651260953621215,0.4970761546711022,0.34918477678759235,0.4008444232560727,0.24847212790912995,0.17666286162271988,0.013410453275530636,0.0
0.022472785435517208,0.7517165826774308,0.7473165432510936,0.33009483877921336,0.8156804454853311,0.15535378532880165,0.665562157087759,0.337425894776076,0.27339982650111033,0.45969809763245867,0.08079191101237772,0.7141812541910056,0.12560510935831576,0.542330547919106,0.3079208209900351,0.632769672323889,0.16936820230548988,0.3022234590532871,0.25873522389377124,0.6296048709174416,0.2430705599111056,0.17850076790941677,0.008439609601877797,0.0
0.0248308604764263,0.7537940713660802,0.7567246256710333,0.35011830763160423,0.826598505054962,0.19113596682168157,0.6549012606216564,0.34868530902102124,0.32035325175859763,0.5092276556406978,0.09949511723576925,0.6621927722032084,0.15427195149440756,0.5561100651791737,0.28780590726509275,0.6445231119701835,0.16942832878882605,0.18456089121834202,0.22645025284011208,0.6824120592809176,0.2357552935366376,0.17309067495684927,0.01792046616631482,0.0
0.004805801759211427,0.7636018894896754,0.7611472260925264,0.3346516122545758,0.8498522594945013,0.12288747018163186,0.7179701743313315,0.29674838634287753,0.3187348416691736,0.5061147058587931,0.0900591409326861,0.7262707651477068,0.15404209839209712,0.5344820627963843,0.22588940229521143,0.5366335014403625,0.1595065223310392,0.12508505345925244,0.2184662452707814,0.6490274673331362,0.24430520402493927,0.16788635503762817,0.009443155707199296,0.0
0.030997362365547003,0.7513128521151032,0.7463731573226915,0.3282963152220229,0.8338336177476113,0.22917399749338707,0.6553688402365053,0.3286093424096173,0.31921275441735947,0.5532831361333714,0.09092333669361387,0.6867746773813052,0.1636857310446277,0.5232167520477312,0.22796336234387007,0.6203665375106487,0.2140136478256428,0.2800742967139207,0.2002360512086075,0.6270382767985817,0.23442805111426498,0.17903158390450485,0.015201746353470552,0.0
0.03395527790585693,0.7408184622079083,0.7488309458401596,0.35114370660968525,0.8177674467025204,0.20724744528596967,0.6395501465680304,0.34396929578178903,0.31266516122274585,0.5093912706966213,0.08137957698667586,0.7074352346418054,0.19315575049150194,0.5310756274256697,0.24799308139947956,0.6353156286844716,0.18257243374156473,0.2643858157206269,0.21172742976469985,0.6766429141540258,0.23748379529600505,0.18599522353491105,0.012270337250200365,0.0
0.029618672918792374,0.7347291021553232,0.7478423439813677,0.3436201282834703,0.8200683901546229,0.1786127761807217,0.6291738196242576,0.36528655123634757,0.3286430636484613,0.43418535669495056,0.07649953873739017,0.6815592084031533,0.15858772099255908,0.4920615913842808,0.2699880612998818,0.6083013781226296,0.171056250160601,0.2709780862133432,0.21390954845979554,0.6884364192076211,0.2529168467189325,0.18820461487552184,0.008037435228869667,0.0
0.03439675343565195,0.7489264750721276,0.741838226530199,0.33680661761383035,0.8246975746989632,0.21419780258473908,0.6750640573408603,0.34722747747966337,0.28555132748733353,0.5340209560296449,0.10085585592429677,0.690117526252161,0.15012484923152034,0.5527292329656538,0.3259402720952948,0.6342375183720369,0.1586406250217563,0.24197606635973185,0.2116434207242431,0.6461290055288842,0.22637199827149712,0.17968269488707336,0.016313251829781484,0.0
0.014235447761346026,0.7661014949522191,0.7574976005145045,0.3145677488830459,0.8366610976499861,0.15626913826086297,0.7162727100214732,0.3262646818674922,0.32550281486037497,0.4760782932179176,0.05398662846402745,0.7083582013394645,0.16341838129370714,0.5022203595565952,0.2172223832366254,0.604798137664129,0.20076998607470645,0.15223841696668705,0.18454104609450875,0.5981328667378283,0.2405395394777451,0.16948824655020145,0.013588527629136716,0.0
0.03470316163569003,0.7397997128686622,0.7420175767478117,0.3225089508717679,0.8114361757848069,0.224380050177903,0.6237568427570075,0.3506498309003925,0.30323582184267844,0.49138003687562254,0.11765029949224465,0.7056665943270305,0.2273874382109745,0.4976425699420949,0.2413914213611426,0.5910547738197827,0.17888455373427864,0.2620137848287142,0.18357180630793044,0.6275189624579881,0.23871843940983872,0.1853351829831053,0.009992066792326604,0.0
0.014371399811603541,0.7624386551711987,0.7556544837871455,0.3223423404697813,0.8340560753968145,0.1611017900126439,0.7031394507960558,0.3528831052409903,0.33279924835052754,0.4791654640558433,0.044452404266973125,0.6644608352707074,0.16625495087039405,0.5872259389153514,0.2861641488940156,0.5962792480132844,0.16794673629018078,0.1747216190384828,0.20314353828528128,0.6708246653196615,0.2266497931971106,0.16992854756736472,0.01219668183177845,0.0
0.028129688316297377,0.7432812952473172,0.7530438786681198,0.34631583507625396,0.8140569002203574,0.17313244224946459,0.6500690629512571,0.3564065157592697,0.3395266302239602,0.5087150158298042,0.06208120494975176,0.6857194454360334,0.19414352321680184,0.505857027299511,0.3202494313068139,0.5804637818721239,0.163151655573225,0.2263826342925232,0.20119605129119697,0.627920931500279,0.23174270016667567,0.1795467403386414,0.017882502168563724,0.0
0.024452789915840326,0.7512500325589163,0.7544812344469297,0.3427593779364529,0.8174025219447328,0.14713600911244953,0.6344430275211329,0.3405082168575206,0.29352637863239395,0.39686865877456434,0.05562239697133761,0.6985277758927769,0.17406458679277,0.5351497053089596,0.26595432726938134,0.5466253380647543,0.1759812040815629,0.2848361105135442,0.21119320453323626,0.6575959823929632,0.2491203160688925,0.17958171898552597,0.011174141766662059,0.0
0.09585238847505238,0.6328705626027522,0.8130413034563656,0.292052457287401,0.7361627519315742,0.533566282651279,0.30638717917820446,0.5925361660158897,0.3330379063089176,0.3295399158351276,0.5518860627001796,0.03163777344078842,0.5989027661646554,0.1303010368398923,0.5847675351253883,0.4287879841859245,0.08336100206417382,0.6551631539159747,0.24028691603715807,0.5955037710353412,0.2164948453608245,0.1666082519005701,0.05359806001340685,0.0
0.035360214060795765,0.7406319953789322,0.7318475396850084,0.32179267094060265,0.8082501123906052,0.22177655970843962,0.6597597621843768,0.3262395788054298,0.270597404635226,0.4804217606854346,0.08836546295242996,0.6703943858674647,0.17397993731889214,0.5356539659593136,0.29216314376930874,0.7227248672665173,0.19908701416060962,0.19191329527152695,0.18291377420486282,0.7325111405060004,0.24473732946478152,0.18953360525248122,0.006788737864045232,0.0
0.03145269851651794,0.7461421897671545,0.7374387543408822,0.3242598781296523,0.8027103522508087,0.20496257942385535,0.6798385692551271,0.3597923027701001,0.30679521583200564,0.4875740153726392,0.08105151259044953,0.679158757107802,0.17441721773006016,0.5122662856364036,0.2796512425712499,0.6455620734625299,0.18006318470615176,0.2688151553478419,0.2354043260913497,0.7153627762417264,0.23878017161553186,0.185933594354731,0.008820637047368619,0.0
0.03384616237745069,0.7420313392976158,0.7399685288897866,0.3191293333680536,0.7865546787661579,0.1936207823167954,0.6324659701010055,0.3817477114562661,0.3240119707017633,0.4610988846738655,0.04783949237608417,0.6209733008501782,0.16777430965739779,0.44027008997934064,0.27466064413018354,0.6721622728344552,0.16763823046873466,0.2205797312724588,0.16872158887808056,0.6498061820322917,0.2509105500339515,0.18890404756987855,0.008017843222470355,0.0
0.01916275113597198,0.7677974697508515,0.7523037279414796,0.3047888346274988,0.8015314203191958,0.10990783733163512,0.6845084749566888,0.3437986640507613,0.33669579782672526,0.5049688002349917,0.028672206814922028,0.6970216983893947,0.15116825777840423,0.5405298186687514,0.23491410550076142,0.5801368532362641,0.17751079650122095,0.19604564151961618,0.1951279918380894,0.6120327865356521,0.2550774739181422,0.17721472991773052,0.00801344159954748,0.0
0.02880767912658377,0.7591489022665605,0.7396762807371948,0.2931191468725343,0.7855213241831005,0.2180833600406364,0.7004127832244946,0.3483910159214211,0.3072076873729817,0.4796114884261943,0.07467611353837833,0.7129023826801518,0.2114338099688687,0.5742896790852786,0.30248015149339835,0.6385086828082691,0.1895495108678935,0.23465566197767554,0.21608567941375884,0.6926890819904651,0.23976788690659784,0.1834569811953579,0.005002564064969927,0.0
0.03596801704470193,0.7475458238018702,0.7296288374940254,0.30458424994549665,0.8073872774688822,0.22463451670944104,0.6736576623568401,0.36284372966094225,0.279677746850758,0.49181562962191455,0.09955736590141505,0.737676014051673,0.18108661260505005,0.468824863825842,0.28086398757700093,0.6177350545910728,0.16729643356283086,0.2446761852352614,0.13321480014752554,0.6633900233288471,0.24069386999197387,0.1869025235619267,0.011140651157432157,0.0
0.024708769047344717,0.7653600709707766,0.7489728841321046,0.302507668714343,0.8180076900929183,0.1595432727474612,0.7244611421688313,0.3997891324633441,0.29574150483063133,0.43805636887163407,0.09159285805612782,0.6820347729894087,0.15526220594735313,0.5473421012825268,0.30581171535977175,0.5240849902532458,0.14980360158901004,0.2372953516466898,0.20601380845370973,0.5442790716673852,0.24476819556762727,0.17277862040550254,0.01380155182565378,0.0
0.03065084683614878,0.7511446182792652,0.7436687149590078,0.2936577931174769,0.7512253723436231,0.1512580082902014,0.7013487549296312,0.4479207404029185,0.3678498071597035,0.4258278199523593,0.011417487399100801,0.7479835413376104,0.2301065092642188,0.5261173584276817,0.24948187492910012,0.5627799062158867,0.17431886504490562,0.28033636916040233,0.16863760564685285,0.6736077874614649,0.23927402926106403,0.18862867566662456,0.007628060374852242,0.0
0.02315048133897007,0.7801243520775654,0.749598859904811,0.2592143270933058,0.7840615949554456,0.19474344384808356,0.7711107397421294,0.34464059541896835,0.2968361071931993,0.45170196802399076,0.04013212187597743,0.7406169634997508,0.22642845352636437,0.5663800678950737,0.22354673425554997,0.5060469758100165,0.17493461086709602,0.18734928782084723,0.27640724175995196,0.6820190003176345,0.24300882770541404,0.171304939661052,0.010462562008158798,0.0
0.029367412296624474,0.7745269764028296,0.7345209552177969,0.24512087136259367,0.7707234365266598,0.20844914584059818,0.7929048855823847,0.3869591416859158,0.2497203098824619,0.3371899908038089,0.05035493845531327,0.7344954990969944,0.22728911667388474,0.5619177865517765,0.28414557650244276,0.6179860326383204,0.20497037156774298,0.31143258583086475,0.2584648464105685,0.6618398006120864,0.2439656768936343,0.18054500928956213,0.005070023720676249,0.0
0.021228278598018912,0.7907525016739108,0.737783596755601,0.22744596926722363,0.7682896586509323,0.20694698521551083,0.8294901467802893,0.34083728575869343,0.25361523163664385,0.3951536242328004,0.04119361697905114,0.7880748534633286,0.22524877557057246,0.4971512088916138,0.1481600548879078,0.5459313931523211,0.2437777634036805,0.2981351676225014,0.20607451176036234,0.6420922483737591,0.24955244150873482,0.16933825317043744,0.010953773557980238,0.0
0.04835911746914882,0.7647311093167528,0.712209542202398,0.21567296157696492,0.749284190047026,0.27480545664551215,0.8173471935549571,0.3957956210472822,0.18997990061726205,0.3089335451662096,0.09346272868811291,0.8230562751465298,0.2555499932894649,0.502799822129613,0.15918138303322685,0.45477868556069057,0.17650870954262987,0.42970308164197957,0.308047059515824,0.5990295089532617,0.23884190382122342,0.19325225721720712,0.0044427685318315984,0.0
0.03715590177016238,0.7873115221791338,0.718008059601889,0.20364852024670207,0.7738190613896596,0.29800743879703817,0.8826218765206941,0.3563247235345774,0.1580928534566481,0.2742828671344552,0.0954159546761607,0.8651681526076966,0.20191818934053418,0.42520476883406094,0.05664437114199459,0.5224112608419007,0.2663862705036055,0.4443919282816954,0.24504064050247476,0.5294196477364231,0.2499845669485771,0.17652168556565986,0.011066923973411968,0.0
0.03798488487921634,0.7865066657677853,0.7169964714019158,0.18895303438669148,0.7628992806192679,0.3102099554982819,0.8749454054590123,0.3604204205344657,0.1718986218918682,0.30423757832291126,0.10229695003319322,0.822147020745578,0.19889061697977178,0.3993269952335415,0.10607581605419873,0.5205287690174397,0.25930997835066855,0.42226093088068456,0.24425436234041187,0.44558248683351565,0.2385023766899184,0.1766430428325974,0.014398808997375744,0.0
0.08503137203232135,0.6987799216440951,0.7725007286471817,0.11194142805946646,0.7049607339508405,0.6473147609637768,0.5941642529798677,0.5342221098151149,0.16036024309594246,0.0705915244247912,0.511323985754948,0.22538214945857937,0.6182172853514982,0.0,0.37100324726359285,0.40344683715501056,0.14819205993711657,0.8152150944829873,0.16137597258853403,0.4427333907978833,0.22291499475276216,0.16360188267456793,0.0405737773840498,0.0
0.06275234038643361,0.7736346322681078,0.6871265723827052,0.1777743498685322,0.7690122006124005,0.312065835547505,0.8443010662267518,0.39864879708124495,0.0808004192794883,0.29518570988877585,0.22001973011461065,0.8920465907787432,0.1683573802871691,0.3732294971415685,0.13647073825171013,0.5027337839401612,0.22560666672320664,0.5095943880131377,0.18772910529984776,0.3898348249881135,0.25359590098154083,0.19528179175643912,0.012721718896900349,0.0
0.060332334910483135,0.7855652917355511,0.694542126857607,0.1545263368330314,0.757962061531759,0.40917116755169103,0.8502990645919497,0.36681629498989793,0.11264519992509223,0.322816725073949,0.1543974225000407,0.8837872378920284,0.23535856691960258,0.3735382641598049,0.08737295392436031,0.5711615402912666,0.27137724963237403,0.4083607005508484,0.11854705396683979,0.502586977562472,0.24878078893758754,0.18881438688743934,0.012245530277499481,0.0
0.05379896892045061,0.7845342849219273,0.6892355928345945,0.1543431915046912,0.7656634384515492,0.397418688895837,0.8669621233598723,0.3136490228763791,0.08513563983894125,0.3084061944886496,0.15566623458766607,0.8494237304223368,0.23009649210899435,0.34660725195263453,0.09313593954596658,0.67280899506942,0.2800679188755765,0.42655419999244437,0.1543607144304303,0.47494237643894704,0.248595592320513,0.1887041717763486,0.009206472787451144,0.0
0.08181777226734055,0.7781757200883151,0.6686815470886083,0.1477018962968188,0.7395007339402921,0.43359968676886285,0.8809039987654436,0.3629624855687631,0.08401034135202551,0.3315650712799337,0.24291207868295567,0.8915547928008699,0.21087668467357484,0.27160578279750286,0.11534735394574439,0.7450351257896982,0.2615897087764286,0.4365304674527208,0.0854610676813479,0.4261488674708133,0.2445829989505511,0.1981460419574237,0.013918936410973151,0.0
0.0636892593965597,0.801599753624765,0.6912417423151472,0.11545897674262189,0.7490186419857943,0.45238166654223183,0.9572545500274896,0.3066378873395137,0.08048374596131648,0.3112350791427841,0.255345955009163,0.8889185883863431,0.16509530722505086,0.1909243924089354,0.12128643820935689,0.7513199665858104,0.30354592454468116,0.2705710425492311,0.06689901855244809,0.43948194900706095,0.24084820050620273,0.1798485318262759,0.020562037968629956,0.0
0.06628473443846077,0.7920087395792319,0.671055950998046,0.11261978041944769,0.7424377063682556,0.46871936335440684,0.8899690919109285,0.2979717921331042,0.08260312141197505,0.32684662935771686,0.21372313294478126,0.899759296500755,0.2377157569597866,0.3356907597154406,0.16487607945513275,0.8179854627405752,0.3061197177776796,0.23264305916067055,0.014856927829394802,0.5195048099112443,0.2466201617383778,0.1943305726883284,0.006203250249270175,0.0
0.049768772133424136,0.8086813562282525,0.6829752675435503,0.10305474590337278,0.7643027235623954,0.3887460773333268,0.9440677689825618,0.31370599991816106,0.09284062477288191,0.34300012711800815,0.24387693300046567,0.8989423387695691,0.1168927111630845,0.2527231014898099,0.089519726127314,0.650627855676282,0.2853957582095118,0.3149978140065373,0.13825529095647196,0.46520354543181314,0.25300944502746975,0.18122335612544305,0.011087018338958154,0.0
0.08621955166461533,0.7737549087354426,0.6471115145218055,0.1232412285777243,0.7586368628194943,0.5008133637149962,0.8576725838745054,0.31745219435466104,0.035149436139460075,0.40086765497380356,0.28038813249405836,0.8535486106363525,0.1565159747539486,0.28373119103130423,0.15537609528315674,0.7357474985165796,0.2606557103133881,0.34479133126409084,0.07351263348855865,0.5234288807730372,0.24766960923513692,0.2061702498317034,0.012908381199577946,0.0
0.08144176605458929,0.8028854094685925,0.6576428533547413,0.11216245425015924,0.7441689021720388,0.39512418185645015,0.9072956384338055,0.344157845111243,0.02492883395881717,0.3384137054250704,0.2706551089870116,0.8905110595079939,0.11253939989400202,0.2678989122169805,0.20040855904463992,0.712601501872477,0.23679592679151287,0.3991885431318192,0.03401496367480062,0.43816389608797246,0.25032409407988043,0.19265296094865655,0.014709984600783736,0.0
0.09655544636618886,0.7620136272471398,0.6281644788875872,0.1623586605355098,0.7826688113784331,0.3746390089391412,0.8270772978468436,0.41035178416010754,0.013842989011981147,0.3329439317305918,0.35563760874190936,0.8762562969640393,0.0696111970362306,0.3195397745255315,0.31786094054683245,0.7492773119626195,0.18148939754909263,0.48288595769704995,0.1101025839425817,0.41636797564954026,0.2491203160688925,0.2112518884603144,0.009408636457836959,0.0
0.06950305271277804,0.8006655808587281,0.6655273102709436,0.11892407140799456,0.7817922370471285,0.43941327008845243,0.8880332676193045,0.27525741309278084,0.04186180905947211,0.3807069063643384,0.3184163887539366,0.8766896793281367,0.08834896271821824,0.2859098707162353,0.23608703367671963,0.7804843667324758,0.24655254364771298,0.2701458865898217,0.08347195040085605,0.49505665049525543,0.24757701092659962,0.18550023968418305,0.018796580503543853,0.0
0.08618740681976052,0.7837194693126468,0.6306949155944679,0.14245224401487633,0.8166013180888472,0.3723617582098001,0.8769495792468992,0.3336308530050491,0.015504377744797116,0.3701420979941214,0.3917539416998093,0.87787225731144,0.012101355223524839,0.31872994235052665,0.34942282210317316,0.6230637691680385,0.19054800289569143,0.4700693238589124,0.11569317265883838,0.32766765595295727,0.24853386011482145,0.19845514924954627,0.011847015949633803,0.0
0.07266828775705984,0.7985454974466148,0.6418449464623696,0.11062989077957161,0.8190990219647596,0.35859105977823336,0.8588618447975903,0.2753944205388443,0.053886035748410714,0.49924370141667607,0.34517747582108405,0.7845974027203092,0.0,0.35500342115081474,0.3324293031495442,0.7313444923704905,0.18647575643229955,0.3139920333189593,0.18142303313672722,0.46542999902071025,0.25649731464905207,0.19278853128579154,0.007284374958648821,0.0
0.0754993933589517,0.8095805951923124,0.6523239275181701,0.08954318879557896,0.7659899230590129,0.4724863389874258,0.8536711423399589,0.1936703310842999,0.10552435016521786,0.5605431739203511,0.27513026305819815,0.774966020791298,0.08997381749132362,0.35835821891352715,0.29069822550820446,0.8441610335435351,0.22611466588725868,0.17390802274095493,0.1305599079952604,0.6426541729888234,0.25251558738193597,0.18962792016743252,0.013778921742555126,0.0
0.07266769794339278,0.8173169001460167,0.6570917014333701,0.07655729287756884,0.7878273406479714,0.5286928130891976,0.8857113143755393,0.20151381737119076,0.1037263684265769,0.6212289192085619,0.2919221352526941,0.7450320155889333,0.09506208112209286,0.3149919010043537,0.26598702600669705,0.9160229331550958,0.24552227952029954,0.15116687196698136,0.10035939351408912,0.6529307370913633,0.24489165997901033,0.1824351869273643,0.016298539883592693,0.0
0.056658975392028445,0.8266437656187037,0.6481024339335149,0.05455388336641296,0.8162742597477964,0.4876303812033,0.8879220600436613,0.1629605116254457,0.16773602125218973,0.6595930587774438,0.27140295009924503,0.7425871069369927,0.01731975162756916,0.4069019225802333,0.32471885191433764,0.6880193913173721,0.16670240922388355,0.17088203122960138,0.28403188162442256,0.7684171537823785,0.2493672448916586,0.17890268028155898,0.007045802211691576,0.0
0.07390306266905163,0.8202286631845225,0.6500811511550446,0.06419790251656679,0.8184802351930108,0.5237322294356134,0.8312735303677675,0.16366019614702126,0.17640524157958376,0.6758958657867993,0.27144044929541733,0.6706030218438243,0.07352871693073236,0.44708213734205454,0.357909108344963,0.7618825435625339,0.1556218451792421,0.2108113246426964,0.3655918069118664,0.8001348075299274,0.2430705599111056,0.18153544902169572,0.01857310245258496,0.0
0.06211947032167737,0.830809468286083,0.6492360010921439,0.04983264809531315,0.8367760859394073,0.5289860189888342,0.8515732291983564,0.12920790165031212,0.1679083427562613,0.7333211283242728,0.2834308708417485,0.6863746226621198,0.06049973703557464,0.45590013129778334,0.30325135232519196,0.6816638573281513,0.14109850198980686,0.12496621946300901,0.3577261862760457,0.7763172163707699,0.23489104265695304,0.17388796282839683,0.015333149150937336,0.0
0.09107961628119636,0.796679756627846,0.6214964534710629,0.06996254302029352,0.8311646694942547,0.5582504677251809,0.740081998068035,0.1860679493448688,0.14309241844793938,0.692980175298566,0.29477743118980376,0.700917035986331,0.09084359534765184,0.4694848606789179,0.31162252566520704,0.5707449855796816,0.11532150643296404,0.3441831072991851,0.3479264736360016,0.7020493820491684,0.24890425334897223,0.1999805820963457,0.011814051621410047,0.0
0.0752985618053175,0.8185159875770498,0.6330049482891981,0.060953974168381414,0.8395127045595162,0.5526937554094806,0.8131117590941265,0.1503688387252849,0.15872191375835018,0.7607901195866563,0.28290486426001354,0.6452524901686763,0.025464601271394546,0.40541074451832004,0.33979341469767194,0.6360876834729559,0.14496576144874698,0.38306982241270426,0.4170663655934071,0.7568104983267969,0.24847212790912995,0.18261449215141076,0.017116548013826574,0.0
0.08167002394374183,0.8119303530305839,0.6225466360216616,0.043671192713515744,0.8281481292767364,0.5931513446042267,0.7785529131992374,0.13433585844102128,0.16050161075301378,0.7888251506402351,0.29252833654395755,0.5997895856507249,0.06831311811057952,0.5236087979417434,0.36592615658425254,0.5486196747197467,0.10236783154660632,0.3304261355175878,0.37232584771057947,0.6683165435942895,0.24723748379529464,0.19069022434198563,0.01012445038620732,0.0
0.08540649352457201,0.8156731728319206,0.6287380022891617,0.0535076522494799,0.8191969190325914,0.5229705706091179,0.7554561661122283,0.1522944047977951,0.1386673205045146,0.6736529631258057,0.30568573307516667,0.6495259920021619,0.06227674427452037,0.4584666811703847,0.356930259409195,0.5508168592179135,0.11359847129365483,0.3615333311776478,0.4550675775948018,0.6727446890728839,0.2506327551083397,0.19182276155873454,0.01193593351710984,0.0
0.08569432259409769,0.8131052319497193,0.6210150173252088,0.05066735826876523,0.8403312110125233,0.5724660663163023,0.7896472653117723,0.11752168928964193,0.162586207209935,0.7074645680949906,0.22870695461069596,0.60039563227112,0.12117779748307131,0.5233130089404004,0.30309037962969887,0.49998932960530296,0.1426278412453245,0.27190159596387325,0.4208132462254648,0.7045577985933311,0.2576084943515027,0.19188596257100604,0.01221115455933369,0.0
0.08051045027430029,0.8195423978377813,0.6269570338175892,0.03805233047292342,0.8171799435095113,0.5580072696106786,0.8089432522975409,0.12941561221612924,0.16511991929971276,0.7345953180867983,0.24304621866469153,0.6420446121107025,0.09178529818338382,0.5208971373726985,0.34267312798535576,0.5800205959487922,0.12396392259101346,0.22348867933671282,0.42617179706822644,0.7480549043654523,0.248595592320513,0.19028728821590032,0.009550110359936019,0.0
0.08057208580250814,0.8233792937549703,0.6344316622433871,0.059136697015340745,0.8334570673355624,0.5151933193441559,0.790526363736215,0.15082601384913852,0.15659543058822264,0.6625833127906557,0.25995005274490157,0.6444924722883919,0.0177173695187273,0.44359595186148687,0.3302821602126075,0.5825916814081203,0.12447427618157084,0.19641122780461526,0.3643060169313705,0.5982553148088969,0.2489968516575095,0.18508851688279496,0.020421831925317376,0.0
0.08723698024029522,0.8101531724641964,0.6264860503083629,0.04476665493885756,0.8063674811163788,0.548522589720819,0.7860135704725707,0.1557756237475439,0.16012652934317537,0.7059879551513224,0.247871775938967,0.6683237060844084,0.07394835451445576,0.45299729003274847,0.32453355906954845,0.649913100239981,0.163704312891637,0.33557854665040493,0.3802988863575771,0.7873847792887441,0.24353355145379196,0.19594889373135424,0.012946919322053647,0.0
0.07832253647633823,0.8008849896500951,0.6263341796467716,0.052612921227540875,0.8212898991576865,0.5818210473373886,0.8020231958690909,0.19162998183626775,0.17802965389394104,0.7136781732447303,0.25279504540441095,0.65560269159773,0.09379739271385633,0.4472125840556638,0.31569125698371886,0.6387710518791074,0.13693352150180005,0.25689884367736937,0.3698555689734869,0.7287352324653535,0.25121921106241074,0.19413722597957983,0.007826037719089459,0.0
0.08417968109708554,0.8071888555042955,0.6430050945340521,0.07606736394388826,0.7900504375112798,0.5499997566417814,0.7706002004884704,0.1769723038980404,0.13597946313984158,0.6755827514836985,0.2971216666533667,0.677048354707378,0.06872643856938666,0.46742986423957755,0.3742649277741384,0.6827065115149584,0.10216438884341077,0.23224481179761416,0.3205904738651876,0.7442275995822942,0.25162047039940727,0.19080091937463667,0.016559647026191088,0.0
0.08485501774587016,0.8042688186705848,0.6387004055293596,0.08565453844609765,0.826637428349359,0.5627182859179148,0.788519549403153,0.18400392491536863,0.1461412231696137,0.7412328528475975,0.3277872771665209,0.6951502465943741,0.026163906999625567,0.39362552892372227,0.3538435653387064,0.6803682848648035,0.12758741029919823,0.21197748372083797,0.2776371805688509,0.7962463442265219,0.24671276004691509,0.18787265588737648,0.017719163683026163,0.0
0.06806154811048143,0.8090803370192581,0.6487679499968131,0.06290051801261867,0.7963748236259502,0.5362447600550841,0.865593914721461,0.17962187452289485,0.12082466582663551,0.6666094643287149,0.28869077594825815,0.720609554291385,0.06135778308848693,0.35888235827857906,0.285303527025481,0.7719965833383599,0.1962950693878605,0.19576286630543102,0.1823013212002427,0.7101469077120386,0.24291622939687516,0.18665656111904666,0.010257838698361197,0.0
0.0638697423786803,0.8210655422476838,0.6557764665042111,0.07078809826277015,0.8014191195186817,0.5127181042725459,0.8926686431147303,0.18468797184140257,0.12010274398393264,0.6116081883389238,0.2907040006501814,0.7486074200927371,0.05332754413957078,0.29915583856879063,0.25369074369325084,0.7708098514795416,0.19731540948097176,0.06033175115346373,0.17241865769813164,0.6701006231273582,0.251188344959565,0.17762623544415965,0.017650196949899763,0.0
0.07069477122707439,0.8104476582861291,0.6556536361995856,0.07537074843078766,0.7824476521789265,0.5012481365630377,0.8600911201360206,0.19673909981526405,0.0770528334964356,0.5302773276431805,0.24502794404183018,0.7904606086200562,0.07243125184349357,0.33113198622841267,0.2290515407312754,0.7748141405059324,0.21840110896020046,0.18145428845369418,0.19742341304857838,0.7428673056820279,0.25109574665102774,0.18832257301054928,0.01511553195658235,0.0
0.06711814115001767,0.8107246772070735,0.6626922808949106,0.08032744292151602,0.78916109005854,0.5301384191273132,0.8755731442946729,0.1927920693670989,0.124763563203944,0.5731583190342247,0.302684243843266,0.8100739276508538,0.11775914996767127,0.35327267909126037,0.2663339588681491,0.8259004090829623,0.22972245741874095,0.1456893336514532,0.13837447797608154,0.7283839394974188,0.23442805111426498,0.18329098956407563,0.01313688284192341,0.0
0.06830514115497754,0.8121255533100544,0.6646831534450074,0.08425789767519641,0.793460498576418,0.48565541864204065,0.8938770987700493,0.2506804444232589,0.10489906075285231,0.5162996758226162,0.29174963895030215,0.8024259710249536,0.10235105058440597,0.3095614831259082,0.23622331548893366,0.7464916746963178,0.21858303271146515,0.15950890887781197,0.15256578578907706,0.6784099597125209,0.24853386011482145,0.1792006194807755,0.01861386530838135,0.0
0.06313601417685666,0.8150086645022013,0.6638084900551577,0.09686115484549833,0.7869549032377936,0.47516772737470697,0.8979140861050298,0.24242540610053787,0.10838924942780824,0.5021851606804459,0.290885764611056,0.8063497785473408,0.05691756622948496,0.33404241434018134,0.22397804617157183,0.8588143336322477,0.23970228909749897,0.2137828651891661,0.1889767492398537,0.6304229603039765,0.2367121427248594,0.18181889853240113,0.011297147989951834,0.0
0.08211267910087096,0.7851512955384325,0.6524771697927125,0.13239218930248656,0.772541507674105,0.5325611491668509,0.8373442452847103,0.23037605146225332,0.12294398701989356,0.5126758972756615,0.3149156245101436,0.801531535742865,0.0831828179616956,0.3503487632519649,0.25694949540532935,0.7650675238289512,0.21313028219067487,0.20678045868088257,0.06914142760653211,0.6088502504477438,0.24081733440335693,0.191829989789929,0.017938957766983378,0.0
0.05309001289264353,0.8178079652132877,0.6802997709428357,0.08486343096685768,0.7697563934676488,0.4425769385741034,0.9235978565476101,0.21074571026312108,0.08613625481944752,0.45131532525964163,0.24042111422179896,0.8419365704596196,0.10873351262123486,0.28832582070095786,0.1923934386220627,0.8109210878849946,0.2813058978510542,0.1822655168413338,0.09138769255943156,0.6006504226645024,0.2479474041607504,0.17755139355857136,0.014298695997677446,0.0
0.07320590291458576,0.7964188256420236,0.6662146302504652,0.13623095461991802,0.7587330990795744,0.4324164767812739,0.8560396098025771,0.2997489161996299,0.0601188003764704,0.41026603080918655,0.26295636330202443,0.8385349370342693,0.09100901377581634,0.242294559162705,0.19496781540120628,0.7850051009850171,0.27000291012179345,0.3745807850713423,0.0320906791776044,0.4672625762448482,0.25921353169948713,0.18993598414465335,0.01571113851970823,0.0
0.07144914290724516,0.7924280984213903,0.6646618697957655,0.116028590942854,0.7542606947869869,0.4955006209244194,0.8619318848013419,0.2627191590480822,0.08008001664400019,0.4169573846780396,0.2485684038632854,0.8344903629166655,0.14508585917509798,0.23402201439735026,0.16903601133350482,0.8055042180512837,0.31071229882786267,0.2604017981981993,0.03434330868637983,0.5457220131019763,0.2494289770973518,0.19580264994802524,0.008779108691932576,0.0
0.0553053530261239,0.8024556317732122,0.6762957962534336,0.11537065034224149,0.7627318108048957,0.4931456120044674,0.9253434600271986,0.2774409188855651,0.08711079911900088,0.43865262725633297,0.26111274210735996,0.8805456017583043,0.17745232551840118,0.287795486391286,0.15187058303187922,0.8585052738822955,0.31454287480286425,0.2675082108318216,0.09509761437553409,0.6504393545217741,0.23874930551268447,0.17962242516098134,0.011998249972133404,0.0
0.059576783602978245,0.807825171642946,0.6808320040648805,0.11536383085284142,0.7726491884094191,0.45057863830899897,0.9214936467213595,0.28244407430625956,0.08376496225814527,0.4000505731821915,0.27249942659531917,0.8575169370054488,0.13128258025448933,0.30384192208860755,0.1296114180950689,0.8166316833984394,0.2919913612800384,0.30217340406926063,0.06689122416528437,0.453862226887857,0.23634174949070863,0.17851219462961698,0.015144214271200006,0.0
0.04708570976196454,0.8219954248976887,0.6868960468129154,0.0979084135567246,0.7902038659510248,0.44547852539544314,0.9635065485266443,0.22287712197491785,0.07979562647914151,0.4089137487498869,0.22798943427708174,0.9000940487127508,0.13237652580070333,0.2551817103336869,0.07302421413327952,0.8308518116504936,0.34795607298367737,0.262138746888048,0.04882331853518172,0.4771004499868339,0.2566207790604351,0.17082785950234147,0.015365969947964546,0.0
0.0623604092046717,0.791750566525144,0.6805770732439598,0.13708857547522446,0.7595699952038677,0.45939169900225924,0.9018919658518605,0.31691057851791593,0.08616834807185883,0.3544210196073829,0.21021695810268354,0.8779476441982708,0.17334705164692382,0.27272479368010183,0.14832851640986097,0.7597715740918194,0.30073956840324184,0.27162524023378715,0.060953294844890406,0.5276215806896182,0.24347181924810046,0.18630807606710043,0.013547453789108549,0.0
0.06455599058030555,0.7805821687455854,0.6729569592513434,0.14574143322079233,0.7591282203419369,0.43196029073878295,0.8931165202001964,0.3288778875978544,0.046593542701971344,0.27924730082639393,0.22208652509677987,0.8916911778865066,0.17416209612808475,0.304804334181259,0.11788480562016418,0.7030719092301168,0.3033671969906885,0.415868670437,0.06529528467966747,0.3145886836460561,0.2517130687079446,0.19584337199109678,0.009846286954762128,0.0
0.07009316128667237,0.7819966812888122,0.6711223559836811,0.13692887798030082,0.7490731164800475,0.4389273920145063,0.9095768663462162,0.36296694193803747,0.0661721086522893,0.30863582216557073,0.25718121924010917,0.8948238535280089,0.1839567080661141,0.2832381636191374,0.13761586137893062,0.7860061967121305,0.2870993376846342,0.44789966521312136,0.08535886313443279,0.48862652163962556,0.2508179517254142,0.19638985134027442,0.00965022335963436,0.0
0.05698189837474424,0.7932732512797572,0.6919561634747038,0.14151222878079103,0.7267035760874703,0.3837988725597982,0.8618034121226312,0.3092977755531791,0.120400915528525,0.38555261823960696,0.21120800828723363,0.918204487726394,0.23428361787045834,0.31580247814105333,0.11554621565431764,0.6804099685005808,0.28337700203784477,0.35463852571036625,0.00503543220005869,0.3850597842552123,0.23927402926106403,0.18836235142972885,0.008402339338188623,0.0
0.06000557813893145,0.7794963097341204,0.6832200295098333,0.16194603471797386,0.7497860559530607,0.38036123395332005,0.8703672079225703,0.36258178266287105,0.08558535230320359,0.31055485808556954,0.25678565629077305,0.9085859572324134,0.17511241732709537,0.2752571537317632,0.09313193561894846,0.6486963574151641,0.27445397874661726,0.44363080603662924,0.10268594065477497,0.3952183962732415,0.24973763812580937,0.19365078463144172,0.007914763911650404,0.0
0.05644133414888301,0.7847209049693328,0.6845717304246937,0.14689971882451158,0.7443814553677415,0.4190982034015471,0.8799502541600901,0.30631641844795604,0.08229944274122929,0.316478582063173,0.22450431255512068,0.8859893220610207,0.2265810572154131,0.27836968210962704,0.034077126265168664,0.6956913395878294,0.32705895547260494,0.44007845885224695,0.09328085112643089,0.3295705884057302,0.25026236187418893,0.18979346002308237,0.006832108202992407,0.0
0.047653110509677035,0.7990483603329738,0.6975440673406956,0.1445665192730565,0.7578185979385238,0.399474099396439,0.9215616915393328,0.28699796552219986,0.10756860624484775,0.29301892289737863,0.1757685893905216,0.8497551621678653,0.22130779206923884,0.33728211552104825,0.11029306340636912,0.715459866443243,0.32860319976688646,0.31034326323608763,0.19154752911474598,0.4153189776346043,0.25131180937094805,0.1796215642538735,0.007499504279169796,0.0
0.059330831303813884,0.7772867467590472,0.68769082557261,0.1776643505703324,0.7488948061205327,0.38018201052266964,0.8333899273255955,0.33635755221233193,0.12023475223941317,0.2778337950687486,0.19687308342593807,0.8207176829116614,0.19342079900406023,0.3737352869238224,0.07380142085560064,0.582601163496439,0.258524599896228,0.36388579118470876,0.21142956545259198,0.4967172992279531,0.25128094326810224,0.18906084404045173,0.010672428518659698,0.0
0.05369309736721319,0.7823262541311525,0.6981520229570438,0.16277483622424027,0.7428325256655723,0.37219152389612364,0.8373277926570808,0.3396537800189467,0.15309626231347967,0.36622326644554304,0.21888082595658154,0.868437090354596,0.2198105883417629,0.29739447466272917,0.02268847488932318,0.5600532894729152,0.2944663572072603,0.4562588256204586,0.20062166689937988,0.41172225390341305,0.23810111735292186,0.18769670477153816,0.007191510283657781,0.0
0.05849182136241989,0.7846248370138957,0.6984419062597199,0.18664687924867915,0.7609319179532045,0.4009375090094939,0.8820100825155134,0.3756113024806141,0.10349072853609112,0.28073733620697117,0.1879433462711793,0.8870126406341349,0.23849601213158717,0.31867961822761787,0.07892933916403379,0.5909833295701734,0.26531656340312354,0.3984392458194666,0.0943070776906831,0.4705055338060272,0.2372060003703932,0.18105134692705754,0.018393688474614575,0.0
0.05126955300926035,0.7871210716709849,0.6972938189226081,0.17713028179087728,0.7413926657379275,0.3532447941019469,0.8905476759825612,0.35085709237473234,0.13324914935925672,0.3126121078499318,0.19134136271746044,0.8992124033755731,0.1972691915030497,0.39049210240989396,0.11381859529273791,0.648809391418488,0.26385714808317406,0.4007204200455092,0.2004788644352179,0.4538026243556715,0.24405827520217152,0.18544192480665375,0.011190887071256447,0.0
0.0597324944110823,0.766297001668549,0.6858518236841044,0.1738425405587381,0.721769074685373,0.35150919588995216,0.8055127778773906,0.3869973547645644,0.20238540762404914,0.30928098137525406,0.1165276806994104,0.7871610487935142,0.23892034243667687,0.4177795395795122,0.15629551556142235,0.5688222183503818,0.24008004796954133,0.38460071269727414,0.19353507203226777,0.5630874622691321,0.2558491264892895,0.20319441128587476,0.0,0.0
0.04525050453690485,0.792055930855587,0.700091389075975,0.20306227770245333,0.7822298145949231,0.28678592352720655,0.9120472994763649,0.4116093525693129,0.09841730891377742,0.2576218611293279,0.21292686429920527,0.8912193027074369,0.16201512223820022,0.40751369296569895,0.13330244563152552,0.4883491586674889,0.24869132493832605,0.5255844888368106,0.16617628271222992,0.2946555266001646,0.24078646830051118,0.17644194715003586,0.015210669208633123,0.0
0.06542006760254962,0.763164910528098,0.6930198256698223,0.20353716639238872,0.7224216211492364,0.36815475831454897,0.8125805017167862,0.3802049037467939,0.11737758465639779,0.24421174968080042,0.20366381286075627,0.8916199723278199,0.23914469061584606,0.3700955217085967,0.09896143091713543,0.5378578800062678,0.26523501923351267,0.5507663919615485,0.17706215094630828,0.30145658663095376,0.25788628927711454,0.1986674634642417,0.010047469828734008,0.0
0.03457192809476901,0.7877451303352567,0.709630673369242,0.19042370865553196,0.740464153418754,0.32478995391191234,0.9011666284041516,0.3425703758301152,0.16236719721271053,0.28159411612347396,0.10499474934637956,0.8829262532350914,0.24433032821496747,0.41685766908646155,0.04334933147788403,0.5243486580259495,0.25380594943324775,0.40239565782453196,0.15856725743131583,0.42063416733911285,0.2501697635656516,0.18074539144598498,0.006046251057603625,0.0
0.042975888129884864,0.7909588868987517,0.6960844346756792,0.1559970578107034,0.7410302774865243,0.3520226933751186,0.9128366193648543,0.3322032027139965,0.16802206626776445,0.3203296261658271,0.1250231235922153,0.8180182666540171,0.19792612737202048,0.3956160273636977,0.12353886959751449,0.68504608380801,0.2893109289820156,0.3260613357946206,0.17943561926535062,0.5026739818633704,0.24492252608185613,0.18346587730340302,0.00837504449167427,0.0
0.05698130856107718,0.777278472963842,0.696526425124938,0.17807366006083128,0.7420368175735192,0.3647268074610789,0.8806430925902595,0.38549392316551523,0.12720872721606283,0.24004021773125397,0.19692751083066798,0.8671529306934425,0.23047809157625776,0.3338578990909343,0.0661173658799957,0.5233099468857698,0.28158228980129524,0.49292715266179293,0.25311216716740875,0.39986392147350824,0.24779307364651995,0.188840360912321,0.012116615353866753,0.0
0.05882005266813923,0.779245644383089,0.6903763018399691,0.15816869151397456,0.7441654597705172,0.4358629880653869,0.8583078381079722,0.3256454538113432,0.10433855467671528,0.3239872906741188,0.20320407271568539,0.855584548501742,0.24998636600874657,0.3434735117707244,0.04093273908197817,0.565174117869349,0.28620004169613394,0.47835711078486515,0.1918656278624048,0.44047850203489664,0.2487499228347418,0.18878036419692498,0.009838153521098484,0.0
0.05610278110399011,0.7923688028890867,0.6796161874261809,0.15137489197123066,0.7630005898921168,0.4259709655247802,0.8914587656273938,0.3021849841301271,0.0902953829854923,0.28488823775715116,0.1844703850028339,0.8723618817188994,0.21387104700620593,0.41189524398638677,0.0664543630706987,0.5680246589349016,0.30458715700847583,0.43763208636968,0.19298634201409545,0.4515217260238168,0.250385826285572,0.18256283835215964,0.010174542768855606,0.0
0.054729989793906086,0.788122200890812,0.6971748196748461,0.17330324039015424,0.765041209278279,0.36398604367397414,0.9052508408739941,0.35643190670048414,0.13168298236436443,0.289038580470328,0.2101029069760398,0.9247672052285775,0.19202679002432346,0.36887994026524656,0.08450280557344243,0.6433334384734051,0.2945981797751472,0.4095318366247736,0.14987279921478003,0.3488120514321863,0.23359466633742784,0.18366054712673147,0.013863916124395845,0.0
0.05520626433005769,0.7906628688925219,0.6950801302134466,0.14962676724323665,0.7412343756609461,0.40409045343201927,0.926349304620045,0.35659439720909075,0.13308616012807567,0.3382480257768852,0.18439201168283406,0.8823586994296687,0.199034557183221,0.32571852603065127,0.0626633115055824,0.6486643749258515,0.28966501700693403,0.4760347027699661,0.2258844113031002,0.5250912329031922,0.2505401567998024,0.188910159151275,0.011689801461213515,0.0
0.0647349990282585,0.775299044070217,0.6918659208019177,0.19157386692256875,0.7561276540753389,0.4156594236895463,0.8304610549292809,0.34194088776098563,0.10132569548288964,0.330897371017519,0.19318284110091516,0.8427805838435017,0.22993540542362972,0.3841562031956833,0.10014370158946971,0.6871863444822437,0.2719936030485013,0.41618060602295703,0.1401636769685925,0.4540307649632042,0.23445891721711073,0.1886779462856681,0.015715444455194145,0.0
0.05548966979708041,0.7869667807122512,0.6974245005289539,0.16745627557089582,0.761345157118312,0.3826116570589463,0.9253142109114131,0.35170483890181164,0.15359339574580202,0.3017200978271596,0.19860838551394522,0.8654281328340593,0.19949845976367916,0.3613780583731547,0.11934342140355458,0.554098757066915,0.24970341188046147,0.3546968756873655,0.13773048609360028,0.40569931893419797,0.24825606518920798,0.18274130797632288,0.015832470212542648,0.0
0.05487714830383776,0.781490907252288,0.6770174065567341,0.17978950898625368,0.7749614857472417,0.34701689632618515,0.9269728795190834,0.3759964214526991,0.07447761449525521,0.27086057519922124,0.20519361935373992,0.9093221169462293,0.17539637209208145,0.32499242362929004,0.10136808764229228,0.5721539362805826,0.23851403788829204,0.45657467848944067,0.16381809345676684,0.4088108036935488,0.24853386011482145,0.1881881478350397,0.009282783532742304,0.0
0.057455813656227595,0.7899654186004113,0.6919913524414505,0.14941027180920008,0.7319449645655621,0.4235006933031125,0.8919124316003588,0.34157429093354613,0.13174914926430628,0.3030439671643822,0.1661416350383616,0.8476394101270219,0.23177265096088406,0.31804632237002367,0.10827997787774739,0.7751137494615868,0.29724457415449823,0.3905208309109886,0.10720921451418126,0.48680056145945655,0.24575591085869491,0.18827049595688597,0.010006372066846568,0.0
0.049375071510661055,0.8025824966330245,0.6973729468007899,0.1608072734058247,0.7713505273371666,0.38458257917514094,0.9312414223540326,0.33246122304043313,0.0601839635145025,0.23672246453652673,0.20861574242613182,0.890058000305572,0.16531577488462856,0.3600034080037111,0.0898094176617643,0.593733917533119,0.28086751249649844,0.42784152443489837,0.19215936269786968,0.4309620954265203,0.24427433792209352,0.17550184439080135,0.01424879498994421,0.0
0.061626386096014535,0.7736398416947181,0.6845533318923489,0.16173136092836618,0.7404224218494317,0.41979942438911383,0.864411052042454,0.34024392076556836,0.0959177247289307,0.2916497722396504,0.19369770506435893,0.8962227537526423,0.24648045192486048,0.32657736884347144,0.0717445145701676,0.5581862256007353,0.26007971126123464,0.40856331763029813,0.08895961191178509,0.45168752883593927,0.24263843447126335,0.1982773665447029,0.006841413807985074,0.0
0.04816949237518877,0.7870818477529752,0.6895375841688393,0.16134152902060575,0.7524127291000124,0.3695980937855533,0.8959363177688937,0.3180744278691579,0.08822150236517504,0.33625656936761306,0.18741310763730473,0.8450389929621979,0.1866405837091106,0.3089212081534891,0.07523200914986299,0.5963641173978399,0.26786649591589273,0.4159376321583132,0.16250899774246674,0.4316300565333048,0.24779307364651995,0.18581990601330364,0.008046549458947285,0.0
0.03846646773837149,0.8047617223590122,0.7026568728586077,0.15279353260177186,0.7691360062811576,0.3526691412976009,0.9283654624206498,0.2973757441062816,0.08837705833248398,0.2773116188078845,0.2029665420930749,0.909810963398354,0.1777941270986921,0.3385663902743604,0.042341824805216845,0.5945236221493648,0.31389087587577386,0.3563734801304287,0.15808963183909072,0.4036317875126979,0.2451385888017764,0.17500930793129418,0.011820295227844054,0.0
0.04630184739844074,0.7991776766876627,0.6954638034637824,0.15045687659678525,0.7572692631272973,0.4154969908115855,0.9461940172050812,0.3052079570455765,0.08056418255759674,0.311267007881006,0.20746076718402892,0.9258124142843278,0.22603512225568512,0.32930800633147844,0.09778138464870004,0.6457146318141923,0.3010660868532748,0.3730504648391529,0.16892883698710287,0.4781199006074135,0.23285387986912637,0.1770406454064786,0.01248017983882145,0.0
0.06652065990528508,0.7772766343426853,0.6929799543002424,0.17352435999851004,0.7370286970932685,0.43507900199563054,0.8486021080792405,0.34885459347761716,0.08246178088360401,0.26914646687804583,0.1352699396571012,0.81341929761662,0.2204025931910587,0.2808344466896136,0.09222015246073618,0.622518877676932,0.29467183788178575,0.4095258876165976,0.07542680076797942,0.42023173968981425,0.24862645842335876,0.1920183178766092,0.01831668399526149,0.0
0.061160728205870034,0.7838907675170801,0.6649866109862,0.16856430247191315,0.7627219667444043,0.4050937413529236,0.8955805550862663,0.31002786011321554,0.09331920217422425,0.3054854458277049,0.1827922424038491,0.8471965582844808,0.19511951901636498,0.30382555253557725,0.0960295924314178,0.6352493479483032,0.27138111038551455,0.4093399628401872,0.14645772203099017,0.45838399371131866,0.2459719735786152,0.19277069368064384,0.0073329602638976124,0.0
0.04911791275182254,0.799006684920089,0.6844260556698818,0.13555745997841356,0.7537421604104267,0.3748917987441971,0.931831888878953,0.3100189358595007,0.11863038803455035,0.3440385624516939,0.18002871235680096,0.8521854976614218,0.18582296725566233,0.3079744402564283,0.11368209104013398,0.6674319625242561,0.2932536503420944,0.33869694511431087,0.11797548278098573,0.4111344016135891,0.25100314834249043,0.18429063791524058,0.009170350773231724,0.0
0.06024681192875932,0.7863687691810319,0.6866615482952667,0.15179041373632005,0.7165495484765932,0.39700560869665863,0.8512979015841392,0.34534230660977466,0.14486036871538904,0.3504922803444361,0.18672655092567259,0.8141055888433072,0.20796020346669714,0.3350350561942372,0.04395281225569078,0.6068330626641688,0.3017121933849982,0.4434692619620312,0.19361043498100308,0.5428521814780651,0.24424347181924771,0.19229224308923157,0.006226574066410209,0.0
0.06066970832804191,0.7779628996894266,0.6889142570280385,0.16547217782612667,0.7391757893545617,0.3951151461637406,0.8668787430679978,0.344045537696429,0.13786314444261386,0.3427480790169449,0.17852263749796618,0.8535523000435383,0.20916460845430407,0.3128045170301466,0.11445381089950402,0.6829193421507852,0.30200522454836465,0.38968917564638095,0.16097350347121225,0.5446345576136764,0.24069386999197387,0.19295171657730448,0.010920546089263657,0.0
0.05841868446770435,0.7799740447980045,0.6841172062708811,0.15774644367714813,0.7346795600198646,0.3964360340258105,0.8792475644652289,0.3088017252286271,0.10325850686183849,0.30943045733755614,0.19437440484442595,0.8722250047123045,0.1926700538300827,0.30475003039455967,0.09486289258637673,0.5999224666270639,0.26880345639937553,0.3856192282088653,0.126897784871301,0.4020344429258911,0.2531946416445459,0.19444286536927385,0.005607356623771699,0.0
0.05979589938029133,0.7813908556176766,0.692685388594733,0.16544630113347158,0.7344532070215711,0.3763331780343055,0.8593412053062974,0.3441441881242677,0.13304389361306568,0.3216254165308496,0.19890136137661055,0.8898736529265192,0.2413056436827383,0.272640887468162,0.1304454954104084,0.6261844402216012,0.2619623031000075,0.3569756454617006,0.1983457574660292,0.5281061808874121,0.25087968393110577,0.1943051772060407,0.008164245028498482,0.0
0.052519073262928664,0.7848264724674143,0.6919720552661378,0.15381967892115692,0.7456832568764697,0.4008310601657435,0.8790546015485882,0.31005551954214844,0.12001850936961554,0.32593195159919974,0.17347213861693794,0.864796875264561,0.21619511726290042,0.3041168717667514,0.06991093843619771,0.680220483204311,0.31852960241964157,0.39085961742574016,0.15378878191537,0.5192628291993705,0.23856410889560994,0.19037295343613697,0.006159090488824073,0.0
0.06568400921855934,0.7701165839031783,0.6846670811732979,0.1843985496440729,0.7453591879893721,0.4099091367946588,0.862114387096712,0.37135476164086917,0.1230697285456133,0.25790435323442246,0.1862009729061794,0.8442492138639477,0.20341940895456406,0.29054414018975394,0.05734780180166441,0.5565217905135837,0.2541067970394479,0.38512109012867146,0.14320808200521193,0.4086702078880307,0.25513920612383373,0.19538569647277285,0.01671875134186155,0.0
0.0393172739531067,0.8102789647950014,0.7011057677988488,0.1416942530971751,0.7535139352288497,0.35935054701105573,0.901572764563965,0.280352332871996,0.13297235523047174,0.3551034281492556,0.18476159304625092,0.8664439496125622,0.21229731582260147,0.367523012142437,0.09684609695595482,0.6113042584816986,0.2855448212553574,0.33845547677262067,0.14226872930583756,0.4643022843886588,0.2540897586270746,0.1746543783089494,0.011254997666052143,0.0
0.05229700841728027,0.7786906872306226,0.6855674268332329,0.1595570181128675,0.7499231782803353,0.4055360944019366,0.8921347451922147,0.3397245291993647,0.10339805689599217,0.3116744750853476,0.1737036157978807,0.8772996613161966,0.22640196672403687,0.3477938975154187,0.12055149516111761,0.6341631637784884,0.3181189891712836,0.40857064061087844,0.04941022040307305,0.391564723378981,0.24044694116920778,0.19104734003349796,0.007423193533878636,0.0
0.0414134717258408,0.7997075060176538,0.7030849579903617,0.17205223775589293,0.7827683692540165,0.3587541447164928,0.9473749502549218,0.32531392066462844,0.11925928556405085,0.30585894039922984,0.2165207336900658,0.8985634366515827,0.17838978685597512,0.3474472354720235,0.046419305445731536,0.6003282249014544,0.30801849946322873,0.4316711070936656,0.1173138890043135,0.2943978385982755,0.23643434779924594,0.17232110372745732,0.016308228238394916,0.0
0.05518709538587821,0.7770345492237192,0.6943743171075833,0.17455158062101964,0.7224622958408988,0.3688085884911264,0.8896003296212854,0.3768157370347179,0.13450588639894745,0.2747913881096589,0.16321091214666586,0.8812954122787078,0.2406908069391022,0.3169227044874701,0.021107887625469317,0.5663806275493468,0.29483218571918807,0.4305195135846822,0.1302128254834133,0.4553289667503859,0.24149638866596693,0.19238289344690937,0.009891762417713215,0.0
0.05035150803648021,0.7847423555494949,0.6981031178607856,0.16943705698862796,0.7489427279732931,0.3681885490107384,0.8805347286786513,0.34688910432429493,0.14092668004853107,0.30688259525417455,0.1947917708978222,0.8656354775179038,0.24547508149443661,0.3661758469386803,0.10812857011901982,0.5743727136531385,0.28136115092468833,0.376916742792824,0.20330905287097986,0.4667096108452565,0.2405395394777451,0.18714326473203177,0.007922610282962036,0.0
0.03322361405186801,0.8014142061063674,0.7068796434622174,0.1727385773260619,0.7750959507821137,0.3404975275969384,0.9732278171481371,0.35699519407979874,0.11882202517320929,0.25248869488335346,0.18345351394320517,0.8693537850600394,0.14674654107094276,0.30748672559740065,0.07206527361240796,0.6517699309673417,0.312213473572765,0.3575762906532911,0.1691985434303511,0.37470858186216166,0.24229890733995832,0.17038690202732848,0.01185912041269235,0.0
0.06412129790768173,0.7689115209533864,0.6842047057177649,0.17291747215073514,0.7354395154505009,0.3695553372602578,0.7891104221657924,0.3472299877858696,0.15435074767104856,0.28843531075100615,0.171593589599553,0.8476138302372,0.22405538042924808,0.3452405413065171,0.10279897252374146,0.5867938738223907,0.2568665646499569,0.4148396235730972,0.18308045020586722,0.5054295220694222,0.24865732452620448,0.1997332522152083,0.007223924409016205,0.0
0.03177768584706844,0.7954854189681352,0.7155373590038807,0.19060517246593808,0.7949776917522791,0.34954609849734103,0.892847083032908,0.33416108034253744,0.1850360612317553,0.3342226840350389,0.1611220462090353,0.9028100673027314,0.2407616489828061,0.40040393538463975,0.06744563159490297,0.5669798767546764,0.31388734423601583,0.3963457942273421,0.21956336978714866,0.4793278223293557,0.23452064942280393,0.17053545783146806,0.010968078832479659,0.0
0.0328490823732844,0.810280343760869,0.7137888835701511,0.15902327629523302,0.7555187415605861,0.3073828549221261,0.9423018536170111,0.33819505029463426,0.15912339139354464,0.2516531300753037,0.14603295894243717,0.8801936323127746,0.20108243371411222,0.42627672950435713,0.07287732932914692,0.5964177866436042,0.2949379956716527,0.4146158999388411,0.24664416790142324,0.49583531605794584,0.24563244644731022,0.17071338118831134,0.010643746204042041,0.0
0.04016070749700365,0.7938252972820583,0.7016748925795799,0.18124747845292413,0.7553142206351003,0.29524300587315366,0.9029505197887787,0.34474974767827543,0.12650519863213838,0.27915443556995306,0.1712136691720486,0.8670315491970281,0.20199079115475033,0.3214236650261311,0.07746797994916776,0.5790104249556313,0.28389945687431145,0.4421447671810228,0.20625445370508258,0.4033112539719257,0.24334835483671743,0.1806514531631801,0.008075399226600175,0.0
0.05267950258036921,0.7891276202266714,0.701375124204256,0.20217868673682882,0.7746315587382563,0.37193123539763356,0.8934762437005858,0.3556420353981413,0.1145417673604895,0.23388168907282514,0.1968196202862526,0.8754596309723756,0.21935061140321704,0.3674492609346525,0.14886941729130837,0.5381017856048024,0.2762961276139672,0.4847169659432272,0.21583703330139012,0.41604970238616334,0.23927402926106403,0.17721929699852743,0.014861122935825791,0.0
0.04843372889803201,0.7761590591162668,0.6929105696037134,0.1978025830217368,0.7498161920646265,0.3391906357434212,0.8886346010032142,0.35208076301377894,0.08065652865329252,0.19742186938285894,0.19390357565134425,0.8686658336001185,0.20567507377287944,0.28188880273880657,0.01972942452924062,0.5328373176526495,0.26888319044538284,0.4787867841124877,0.24048172409779323,0.37857632595611,0.25100314834249043,0.1893469407051364,0.00755285003529179,0.0
0.037366465249303094,0.781107248304255,0.7107980105846683,0.2059158136369003,0.7570817428338872,0.34903609419234577,0.8762192653871296,0.3291518333989848,0.1137279877386956,0.24956092712616082,0.13009815766159616,0.9084386269054586,0.26060062490466146,0.3678422478329107,0.0661878053367983,0.5678365192815286,0.2833879893615365,0.3582474834811509,0.1077860507827552,0.47275955449146356,0.2502314957713432,0.18247858629205618,0.0054645430973083355,0.0
0.0477778561002604,0.7706887015197736,0.690996791160871,0.17135678996358,0.7362331701802428,0.34627308182839756,0.8661778814428733,0.3333110998732379,0.13966638914910587,0.2953325960555216,0.1537821678314159,0.8877491692886693,0.248714232417573,0.4067534791604183,0.06803183616909392,0.5339459709294374,0.24419699056191427,0.3552898105550915,0.17801528577397877,0.43992850120203353,0.2506327551083397,0.19927148372802875,0.0030209486392098746,0.0
0.06933053221516275,0.7640152728130748,0.6899139263844362,0.1986619788126406,0.7354058463478998,0.38754633295959406,0.8405003061255113,0.411437321745606,0.14138246934165236,0.28729619913632637,0.2006299136093067,0.7997791288197077,0.20435623857964635,0.391056665749016,0.16158284948261917,0.5944594068185728,0.22228881142347487,0.41320569266656937,0.17736959048238224,0.4877220339685952,0.24433607012778502,0.19764452489930132,0.012178429449743443,0.0
0.056252003961756496,0.766618147497253,0.6983787647669686,0.20436573435449734,0.7364596741610592,0.3765598621395486,0.8520501522807482,0.37251701038402546,0.1313950925971718,0.30625606653180476,0.143085147131343,0.8414289080308471,0.2546968655695231,0.40573519494065735,0.13550534695953126,0.5677434821575302,0.24130345101963757,0.4011724715832485,0.15684603994804086,0.5353258180857013,0.24226804123711257,0.19442071991326534,0.009918172155271182,0.0
0.04871949361972297,0.79345037178452,0.7077211989532463,0.17977993367579476,0.7545606366669292,0.39023414879839025,0.8709775800957331,0.35666606760279546,0.1658298502568993,0.2638048906508117,0.11936149495414121,0.825533343131107,0.23389240734885797,0.39117868263292094,0.12271346745738121,0.6238069395752747,0.26694343414371596,0.36224402571213093,0.21321349936238304,0.5311761617125617,0.2375146613988508,0.1804612005004755,0.009323187560588366,0.0
0.04768731970236657,0.7822421372132329,0.701565778404466,0.2103528723771094,0.7559789060938029,0.30839822924642274,0.8872788841746694,0.3784081693524277,0.14906390656376461,0.31341080752623174,0.14711620357929064,0.8596704439798274,0.20130082574693156,0.4170001136042079,0.10349120701711935,0.5897430536416745,0.2677167113522471,0.4283312725133894,0.19887807281454548,0.4788752427279956,0.24797827026359615,0.1833001517944325,0.009901713913028805,0.0
0.03403165877574131,0.7973252658722803,0.7165009880475619,0.1933843946494567,0.7467461134444969,0.3103639115923606,0.8886146953549716,0.3180666551320514,0.17854962969188498,0.31925369159179556,0.12423242625578498,0.8899799078534716,0.2351228027932635,0.40490009288079487,0.06968671852317537,0.4730437068311934,0.2516205606243939,0.3644883511676287,0.22529717391523166,0.567751036930918,0.2457250447558491,0.17416218679231282,0.010572889643686006,0.0
0.030711302737022515,0.7931638533209323,0.7177358180795845,0.18567636314761962,0.7577588994489791,0.286400276436306,0.9144733511356857,0.2949889150259581,0.1365710044490797,0.28551944415221403,0.12778735005290662,0.8679436936336088,0.23188202746657713,0.37445064619337454,0.09710968881798984,0.5111900855492982,0.3119659549927323,0.3805163239327857,0.17719346830355678,0.4557564539968936,0.24813260077782492,0.1763450075029375,0.010020892638120267,0.0
0.03689402450198739,0.7946840865806702,0.7195878739396253,0.2092335419388672,0.7600132194980179,0.2775035424340116,0.9184688006638733,0.3785463455878486,0.15976758950999354,0.2502939763906319,0.15470346951108585,0.8849860492669495,0.2183337347809814,0.499560728680655,0.13637249374616967,0.4439319119335831,0.24685815073975195,0.3805253643788714,0.23369438724115602,0.4405284738199194,0.24455213284770536,0.17398679117753635,0.011052833995686871,0.0
0.042339774089959786,0.7760783130038014,0.7074866531385994,0.19435733960975468,0.7522327881292507,0.3082792515297917,0.8436915065290272,0.3413472118583763,0.15522567538323562,0.2706153492431704,0.1345773830740815,0.8296708903097942,0.24163711225155896,0.38292725165033703,0.09897270123022385,0.4906945203543985,0.25042009424541456,0.40645048425723657,0.21561755161781282,0.5582184644255186,0.24319402432248866,0.18771488075034168,0.007421829987655148,0.0
0.024024880100387714,0.7967981944740241,0.7270776374048842,0.21443578475682978,0.7909764133240689,0.2886434337271762,0.9310894894470358,0.33244152059126403,0.15996505931920907,0.2912816590614892,0.07708345479207118,0.885382906499907,0.23548897042680272,0.43678025810731946,0.08072858533116213,0.48794715567560093,0.2869384518734336,0.4353485150002937,0.20214275962084177,0.43469984081259394,0.24680535835545397,0.16791638244614426,0.011674371859103616,0.0
0.040123549235978814,0.7819265072479978,0.7135116285660252,0.21659606821404467,0.7901304280518987,0.34796699475701603,0.8855766465716101,0.3624537455311868,0.18487077962540202,0.3059773672741483,0.13733159189236682,0.8183862235306854,0.22001359366317919,0.505464393277845,0.16573803596600675,0.5349080430125459,0.24118210944716167,0.4173061963733528,0.27198901146265286,0.489594853957663,0.24260756836841754,0.17473499571361026,0.014429931342088411,0.0
0.045566349755615916,0.7741479140076886,0.7113425409262754,0.2032179582378675,0.7484539069572347,0.3187958430410751,0.8332251979304423,0.37473457803808524,0.20600380653644873,0.32527795189859154,0.11375815078097473,0.8144613091861426,0.24445378288475966,0.43901133996620273,0.1824232154658317,0.4864670736652992,0.19647451213054967,0.35753152692469387,0.20514403743577045,0.5294551897795235,0.25736156552873496,0.18738182438254342,0.008082480098272154,0.0
0.04041934079000981,0.7798637275286021,0.724469964699754,0.2214484151751856,0.751270334938935,0.3292294598793586,0.8482288771746861,0.3811850861990014,0.195825592949967,0.28878798864416355,0.09391898676496761,0.7815125663919834,0.259379299046743,0.48423788604003853,0.10554292302678785,0.4216526031970267,0.2229028990205459,0.44164227331597283,0.2548712467896545,0.542790335047306,0.23911969874683525,0.17657489694992523,0.014249895395674918,0.0
0.054566021594463186,0.7636573545612358,0.6903315115825642,0.2079439578097808,0.7440865865005677,0.3144792271520517,0.8492263938942879,0.4069426933319153,0.16515171413642118,0.22899080971421829,0.15591635422613456,0.8252662915409716,0.2179683342268963,0.395121294381335,0.12437183471090447,0.5181794955779235,0.19884483734393854,0.41837773406469464,0.25205850539270935,0.4824711638969233,0.25026236187418893,0.19633536752027994,0.0071480921009921036,0.0
0.03483321554927694,0.7863624872254129,0.7206571644775435,0.21593298964196633,0.7518814819950264,0.2952257961388436,0.8741848268891588,0.3242364926348444,0.1947163546536071,0.3298604890598954,0.07536925939448084,0.8207783121697486,0.2448740521809747,0.44354313799817713,0.12042166412021105,0.4435203173243034,0.24458587599792558,0.38403157386225223,0.2100416483528679,0.49696855035291204,0.24035434286067056,0.17462968980777227,0.014020915316041854,0.0
0.056537473776613924,0.7700816501012008,0.7018464387924706,0.22052605587941,0.7543671374656133,0.3058139046921653,0.801624575107083,0.37115192774788847,0.1228999571393664,0.26677344833481786,0.10696983200876771,0.8169629732186255,0.24271855891490285,0.447133970992608,0.1428611540664359,0.5838464151742537,0.24392007962518542,0.40471717421904096,0.19558427319791585,0.5026188998859755,0.24640409901845745,0.1978958793480429,0.007477472242675518,0.0
0.0353498923216222,0.7884039695830768,0.7053678422080589,0.1973296093938934,0.7617657340340311,0.2808057620891863,0.9094476827514967,0.3433185967767334,0.160611319216878,0.2702321785124242,0.13556891539115382,0.8795300309402803,0.17904175926965463,0.42726196094997543,0.11681612784027369,0.4679099070631156,0.24685021404395158,0.4048603889170967,0.2767928832599534,0.47796849477957,0.25035496018272624,0.1811559999692293,0.008436882509410234,0.0
0.042485458065723805,0.7757864318951742,0.7112981290448571,0.2144250884344146,0.7413387649772615,0.27826344884845455,0.8295228489166884,0.3862430595678371,0.17377931903761154,0.25156633440964715,0.0842751042042501,0.8184410112273953,0.27506580314953233,0.45053448587827455,0.07355629154592742,0.48755159925200875,0.24987308248733262,0.5187469297835866,0.25121704709900394,0.5394886594103137,0.24492252608185613,0.18508589204504877,0.008048534973634423,0.0
0.058743376891421326,0.7658270807445803,0.7048857439042284,0.2194347507400722,0.7322000646362108,0.34420621369683396,0.8275123784441532,0.39490767507540486,0.17816499897955393,0.25140453039956717,0.08879911437102107,0.7930554301839818,0.2945501627519809,0.4278556170037046,0.13487954799593757,0.5259597681015661,0.24641463248225035,0.45253465880190147,0.22595221214773306,0.5134970089732849,0.24356441755663935,0.19208620317552086,0.010130789680098874,0.0
0.06141906659204266,0.7565772841420457,0.6923036545213281,0.24063229278123188,0.7443293060043406,0.31574340905600906,0.8419011153408917,0.41485982198470267,0.17064969791785325,0.1815436853564003,0.13949802759579352,0.8492209360073547,0.20121942508015345,0.39777567131690134,0.0876207525187125,0.4710288569455313,0.23549540994426213,0.4703983463995569,0.26225467359971383,0.48990893424268334,0.23415025618865315,0.19533441083134956,0.012158885287083176,0.0
0.027972797880859202,0.7918936725385074,0.7121491912325474,0.20457003878351057,0.7645515427600925,0.21181773591902567,0.9008881524476102,0.37354491168448367,0.17025348325050987,0.28316693699676854,0.15646362820912724,0.8971171890347309,0.20681039648729493,0.4702988685602647,0.17027989799384222,0.41637835586335703,0.257110159185814,0.43352149712078,0.31602879587300103,0.48374569828674086,0.24594110747576944,0.17482849175258913,0.0068347156861431925,0.0
0.03360374896028869,0.7800028498627929,0.717968803093287,0.1954793324513928,0.724626449127277,0.2793675499490997,0.8519894197417209,0.3692378998717941,0.22267604769887447,0.2792265358921934,0.12132436359263328,0.8421693720530465,0.2725660265755241,0.47532343914908926,0.06663431734613019,0.48527577287943635,0.2812144866090726,0.4016498246766455,0.19864171189518975,0.46438463710419287,0.2445212667448596,0.18439143261544658,0.0013989745127487483,0.0
0.04016011768333659,0.7916279917813634,0.7114574253351837,0.17667818701071783,0.7471239019132334,0.30151692047570405,0.8387340860816715,0.36569702084656586,0.2076412270625822,0.2860443835515938,0.1526259069025871,0.8017624926326989,0.20178557483961332,0.42700247902912614,0.13214738683355604,0.48082768769630724,0.21700140240275553,0.37973419745000725,0.24245801419146268,0.43782313470239426,0.2445829989505511,0.17975163321730753,0.00776565893503453,0.0
0.03436106970879477,0.7869773527839022,0.7175722177624111,0.19592003027666463,0.7683838717452062,0.30585258584059444,0.9147349682268783,0.3598096964284695,0.1784773045769834,0.28836145630150595,0.13937567307571178,0.8555239192436547,0.2677103233863151,0.4286135959239009,0.12359270017187086,0.5202110251767006,0.26267418800450076,0.37461919783175157,0.22665313918943014,0.4892220883544727,0.23736033088462202,0.17621861908761846,0.00915039993886159,0.0
0.044056721674773786,0.7755282588410862,0.7115100668943091,0.18971817175561337,0.7552930830818979,0.30100142023390614,0.8846698224228288,0.3425084012062529,0.14227584457001838,0.21981909402778135,0.15517290587688118,0.7850961490817158,0.22552681931152993,0.3355845634654224,0.07879565248970195,0.468655831344187,0.2638757683056977,0.35905119887075004,0.18480393890129596,0.37408810295950073,0.243873078585097,0.1865592871892461,0.010890667681457791,0.0
0.04003537209275323,0.7796726641467343,0.7076062672473394,0.22727118481972322,0.7781536488353674,0.30627905656376236,0.8399499555753664,0.36169896669748397,0.16947998974860676,0.3205177136255138,0.17658676828071806,0.8737012595076011,0.2237503986627548,0.40112352917329913,0.10659069141002746,0.5187443370073244,0.25169500353986757,0.4315814188524663,0.19283522897818944,0.4356276519257326,0.24180504969442454,0.17883954059164994,0.010287047293985,0.0
0.04469666950353476,0.7810571458777348,0.7003906371843176,0.21798229291551977,0.7634727122411453,0.28101432823327477,0.8796928010055196,0.3893558622939052,0.1261372520704692,0.24918040052234625,0.1679028651420079,0.8747795502477845,0.23094194903439494,0.46012751445615935,0.11961806113828811,0.41990210955252716,0.23159317585933087,0.5180291899863495,0.2543778001400409,0.3729248872314031,0.25162047039940727,0.18387464337101325,0.008858577123239897,0.0
0.05232384493913154,0.770679048758701,0.6957360449860867,0.19653420470215477,0.7499449801566384,0.3177780700663942,0.8562076906589139,0.4148971915774357,0.1498331408597264,0.26423383427164954,0.15186413751748973,0.8218616450997528,0.21451922914493568,0.38878594408626777,0.14151650190947246,0.5195327898627361,0.25991147103175655,0.4568954864291148,0.15130603732066134,0.39924132970284737,0.24316315821964285,0.192761750984817,0.009375145848607056,0.0
0.04640948839267933,0.7806031596704576,0.7092153584270331,0.19686210069933635,0.7446080801345761,0.35127906518027346,0.8424893475583565,0.3697488623364245,0.16463078883396803,0.2322330164251858,0.08220525571610678,0.7785502183822278,0.24249488757054627,0.43622087029155077,0.05772253971185442,0.45507295888578936,0.2366923826581045,0.3756640746117591,0.16905137920648494,0.5404278865621808,0.25399716031853736,0.18541372827084224,0.010436535020430971,0.0
0.04509892242447023,0.781116747846898,0.69899589600099,0.22747530241341032,0.7762189889837585,0.2259140686061517,0.8770199599317582,0.4278565063063581,0.10851211531130008,0.20730171434295963,0.16232378830579272,0.8937015358620743,0.1871185644536678,0.4594675568115936,0.15508825741862217,0.47340701476629565,0.21650478296681283,0.5521234674286117,0.24612150520456008,0.3678852384444424,0.2550774739181422,0.1843141784091703,0.009110809254394225,0.0
0.05979354012562309,0.7655568034345444,0.6905405643151191,0.19210957051112662,0.7360039787105194,0.3345620322893739,0.8476883778892325,0.41468301236707106,0.16340796266960625,0.26291517557203964,0.14018303076929856,0.8555978303676111,0.23884945527065238,0.38204486412711036,0.13246925807774562,0.5438814157282507,0.22631210860032763,0.4924318794602293,0.2725779264504077,0.5451096417160596,0.24421260571640196,0.19954642973125647,0.006509019511461502,0.0
0.0466808026795273,0.7831183934128331,0.7043760241533816,0.19372111861579325,0.7352004497237815,0.328056636280812,0.8599912872165165,0.3402478244068707,0.15974876219201092,0.3387878765515782,0.1892001586160296,0.8972782931485129,0.23293261046247304,0.35157455851223585,0.0882675350257537,0.540457849846844,0.26913036725382605,0.45555961983395177,0.20627450747603032,0.4512071052376802,0.24319402432248866,0.18491274881633327,0.00882087626600217,0.0
0.05267124518903035,0.7807487171786972,0.6899948988455524,0.19988294766824263,0.7684931226987581,0.2953775165976127,0.8572139414894797,0.3721616811465988,0.10699513264998489,0.21221369497285225,0.19515101319715158,0.9182324042407669,0.17808981366709403,0.32871701645644646,0.11132466778794245,0.5330300575270881,0.2832731984111925,0.5919823484101687,0.16626248553715328,0.3276957292533601,0.25004629915426857,0.19036087416428185,0.007968899089271281,0.0
0.05370430382688735,0.7859962951783692,0.6886361979749414,0.15684655132932754,0.7324777818887861,0.4017001168166025,0.879089131754724,0.34749817600395816,0.12495775044042767,0.3165785854274458,0.18183210227100083,0.8822857721476285,0.26437258019216414,0.3711586212555759,0.09935730066436609,0.6415186669100719,0.28421534243044916,0.44822715299735677,0.14706878133724327,0.4379616831551992,0.24455213284770536,0.19024999869665743,0.00595195107079078,0.0
0.05050692393775073,0.793346336470736,0.7014280495453711,0.1769037439580669,0.7478449038529682,0.40258959692752916,0.8981075568188195,0.3229164976315079,0.1341056566839651,0.31003640740472643,0.18942043960840096,0.9061248766789748,0.23317771490922418,0.3245540136719046,0.0963126849009675,0.6448545156510254,0.2908095720855143,0.3522536458012552,0.13184556892961127,0.45068853536366954,0.23590962405086638,0.17919752625322333,0.013840951135206093,0.0
0.0851841337720901,0.7504131534957551,0.6645272625385593,0.2103185413859515,0.6987962383278941,0.46076001260712013,0.8215850654421035,0.3504445615497851,0.12384731848125614,0.23752842133224267,0.2588735043930788,0.86840216396657,0.26092157997272863,0.3641864855455021,0.08657172363992996,0.595421165961473,0.27663493718301474,0.46706074817861964,0.11789072527288744,0.38432106663866106,0.24692882276683703,0.2070525625691584,0.01060516023784784,0.0
0.0658282186601557,0.7847710073958536,0.6830327333965037,0.17147108647427847,0.712105528898306,0.421194379314747,0.8500581656244383,0.28360755517218683,0.14685739372786077,0.32930625470039204,0.21994049967012677,0.8866289422868069,0.19198247990526787,0.31387563471747243,0.060499188952216405,0.6512120837516018,0.3124985617112276,0.37056938493664987,0.12796133158071463,0.45167311547283867,0.24816346688067067,0.19107959216839937,0.012573953544648735,0.0
0.05505291277662188,0.7929539440722082,0.6832317118684172,0.14274893851261095,0.7448564765812092,0.4186414351623609,0.8547457426667869,0.27353581515711056,0.1039922568178561,0.3579419165207776,0.24926085330574463,0.8967539054071646,0.22413023835950574,0.24142216980959266,0.0706781353409729,0.7411661521094792,0.334773623157329,0.33975590511146236,0.060714714331839066,0.45881477310098906,0.24427433792209352,0.18726445310602402,0.007745827710001712,0.0
0.06383818734749255,0.7987115862244375,0.6776849563909599,0.13638957781171698,0.7362656012261563,0.41701960982854214,0.9021231151141099,0.31126510713307476,0.06406746408587362,0.24074143398421202,0.24366131262247562,0.9307880717953998,0.1786681464531783,0.2857587807219783,0.1353163467749105,0.7452381926910185,0.2945819709410605,0.3970651418646267,0.04395482042841772,0.3816001021252291,0.25313290943885275,0.19053217163460062,0.0108378482063419,0.0
0.05334186332847849,0.8229325088138902,0.6843390764899795,0.10905379467801914,0.7617346014378144,0.47153506451927063,0.9533711205503831,0.28539771440671924,0.07932828035970811,0.31948138144966415,0.2602476892219482,0.9471526833287004,0.2336524468466816,0.3530737351102405,0.1252329756070155,0.7609330516758085,0.32245103900461936,0.338506335676671,0.036826724321043065,0.3961717419694187,0.24161985307734996,0.16973657494698355,0.018587144586591553,0.0
0.058290105088285096,0.7953289829513859,0.6772681752418033,0.12134774596607939,0.734539025487573,0.4319387145292588,0.9400410391499923,0.32840410760450817,0.1004501709392968,0.36425055242034543,0.2503766151027073,0.8801107436313326,0.1787362360353114,0.2680738213812157,0.15777741343895607,0.743848174872734,0.2863414908304581,0.3415596458521056,0.07502722228430776,0.43488708350232863,0.2474535465152166,0.18993918678397223,0.008142858882306541,0.0
0.06931195308465034,0.7896694005941811,0.6713572328773162,0.14049925435189123,0.7418503843542739,0.42619855785686783,0.8823408615784072,0.3422284444884269,0.0653938947565404,0.2549421342108687,0.2858565867015656,0.9144887627692886,0.1750925635059299,0.23896330611039907,0.14220717932012117,0.6680048308700058,0.27921832533693297,0.3488636100696754,0.04777716724612687,0.42178589332378424,0.24729921600098778,0.19334147876947777,0.01511641706553878,0.0
0.05538025936184063,0.7976359928477638,0.6754216058335671,0.11838897503424638,0.7693252477753283,0.4166615472170602,0.9351414060181985,0.2815377270989805,0.026933889066566803,0.337525155236857,0.27437454711476833,0.8886568864366271,0.1814814329123166,0.2567537363437402,0.09527255363778123,0.6425476769037868,0.2655938794024769,0.27129659407388107,0.0693046967893061,0.4399582942787154,0.2466201617383778,0.18749470569615015,0.00950465881884416,0.0
0.0569689224740689,0.7994612840010851,0.6777828138804748,0.12833043602343908,0.7527376434892383,0.44870898348596744,0.8686175420657889,0.2849223683507856,0.09112877665757647,0.3515986670075249,0.23319051921588133,0.8876202859976438,0.18751965676352983,0.27371992527455874,0.08652975655303492,0.6945958297998001,0.3235795941095287,0.3721164924806087,0.10263860652875419,0.4489612084478097,0.24961417371442632,0.18794779837290668,0.006740009027620435,0.0
0.06605323257413939,0.7884732243133136,0.669761101075161,0.13156717121157216,0.7350217770062119,0.43349610233285285,0.8596883354373909,0.32245559159384324,0.07957634519491442,0.27727419742633996,0.2435615111903775,0.8734662442698627,0.1814897354193495,0.27830808554002073,0.1502931840802805,0.6711127652570811,0.2730368165216943,0.40019095831784307,0.12148786075817708,0.4038477258980602,0.2559417247978268,0.1957589648937751,0.005165113129008563,0.0
0.0603223080781431,0.8050333786349158,0.6850679705310204,0.1222618377986782,0.7589432063584065,0.47063151853618795,0.925328124553297,0.2763613260045573,0.10050136279669337,0.38136736373698304,0.282091453124759,0.8432504913387391,0.21771740900075803,0.3365902813576475,0.1095247542996444,0.6887713240504475,0.3218360336875395,0.28850374896479236,0.0576589532344513,0.454176880431637,0.23606395456509516,0.17902566351958196,0.015206100132654428,0.0
0.0682193232664202,0.7845940401095206,0.6710134309965603,0.1323640238770878,0.724301685720574,0.4750863479206519,0.900837880529854,0.3559714612694628,0.11919295589190743,0.29751152222848737,0.22950766958953236,0.8670996802497267,0.19344259308502135,0.24062088508982277,0.11611870307113138,0.691636197777551,0.24538945695405817,0.28957893352969666,0.021805649795087628,0.46958034330436144,0.249058583863201,0.19536171876142594,0.01071070350062203,0.0
0.0671358355600295,0.7832970461018939,0.6749746964964835,0.13249527569362335,0.7659715635842316,0.3802655673923648,0.8906415168957064,0.3100247164728747,0.05496255683225329,0.24809453882988372,0.23391012879042525,0.8648657441986967,0.15658018381649044,0.2891536299779134,0.10527999848592254,0.6192453666255193,0.27603841917728483,0.32666408579500067,0.15848730043981507,0.4346232861999435,0.2578554231742688,0.1987281319835692,0.011494120615895305,0.0
0.05447342084873464,0.8047949707582627,0.684340211617939,0.12181651579908714,0.7644841441618814,0.44988967838383315,0.9304393059773869,0.29136338801484885,0.08540939555329675,0.3407196117837529,0.2459270676254783,0.8826506545183087,0.17030111450158342,0.2550238372671563,0.11602676104330469,0.7516567841322599,0.29724815009798083,0.31373683986995393,0.18858997213377543,0.5034089814873945,0.24282363108833788,0.18177020551534945,0.012382339416182886,0.0
0.05832519900147522,0.7951809739482707,0.6802928655810815,0.13949604206877622,0.7565849499406211,0.43664100079705054,0.9169219489884249,0.2944778143793347,0.07469903894680309,0.31127314732641564,0.21778954577769116,0.8674873139647197,0.19184106655178523,0.254814424613899,0.08135794334099412,0.7217550655602578,0.3141653437785482,0.35105761013168413,0.06470064004307044,0.41401977673929863,0.24757701092659962,0.18410848629104642,0.012005904968529988,0.0
0.0608994407513621,0.7929508797036143,0.6732706329441721,0.1443862231834381,0.7548418567140353,0.4124369300498123,0.9378036849112596,0.34948009729928176,0.04547632856773403,0.2770146797313751,0.26834322997271715,0.9160865220412391,0.16543507830090443,0.2667343214412133,0.11305762671887985,0.6420220625295262,0.2998034370323188,0.482654691831298,0.13175668194486995,0.3349436526767343,0.2521143280449411,0.18730068064745886,0.010197746976678863,0.0
0.04695654056887823,0.8109145148415032,0.6947809294021022,0.13903932311429745,0.7795383699456584,0.4261157811307443,0.9712804150815144,0.2894619922759482,0.05304252307112839,0.2730136137654575,0.21133100565067844,0.8977378703036298,0.1776437795256849,0.31645451566654814,0.12426765846163325,0.6628253261844711,0.30642119829423065,0.3360273605829575,0.06232123560135375,0.4695621791910903,0.23186616457806036,0.17134895492723712,0.01741796349681353,0.0
0.04350170701406957,0.8073676614117853,0.6864905223493576,0.12427106489479832,0.7735121139206558,0.42808687790594746,0.947587412582086,0.2825263271375952,0.06477755781526175,0.3222105835533609,0.21319016222661424,0.8907316860577076,0.18589317758687463,0.28878169804966064,0.14300840960455166,0.6905134308973582,0.3209250984776861,0.31094744202160085,0.06782675709876392,0.4191022233873752,0.2410333971232789,0.17666064237715534,0.009244915222469298,0.0
0.05346542929172773,0.788742275875911,0.6806292418331019,0.15511570886899123,0.7473598875964861,0.4129072867598644,0.8704413463063317,0.3150032985291466,0.08767469628267086,0.307048083448942,0.21622775782740056,0.8381797701025118,0.172693319462732,0.321013583217403,0.12488537542439379,0.6245571511372032,0.30195957905385723,0.35820613275847285,0.14956314008501043,0.4735943338973162,0.2425767022655718,0.18634999954386935,0.008907832240650256,0.0
0.036072708970605216,0.8270478026178901,0.6988731129933629,0.11747063269798039,0.7666037878005161,0.3705699430849168,1.0,0.26146105806244546,0.09095254862066701,0.33879521128724466,0.22487421534021892,0.8936049963740447,0.13998306615702133,0.23278149634147963,0.08649913392602496,0.64552908956455,0.32337937924912274,0.2515414301978501,0.10343538904702777,0.5103840009835154,0.24288536329402943,0.1689208501979128,0.011896127535868155,0.0
0.19168560800592527,0.9841706975881886,0.65003579333366,0.05392364110288435,0.8332898390932266,0.4034805907498633,0.5137051149848247,0.3455979317816659,0.7428559212905252,0.7279936316848681,0.31023647481178035,0.6662235725339851,0.5592714031172022,0.7740235547526861,0.3887768646646115,0.6264552273840492,0.3599028349700184,0.5080121126223202,0.25146306067001273,0.6072777197758205,0.14503981727267096,0.07060654004939006,0.22350175752735515,0.0
0.20180681053268867,0.9743811124577308,0.6453403365288846,0.07203485039336431,0.8215391713029522,0.4457060129321256,0.5203179541380973,0.34516223244255834,0.7222232696914824,0.6563107399882498,0.2994428668964241,0.6202053507444442,0.5998105821374438,0.7404715778575163,0.3703966523203275,0.6536299223908087,0.32648916527099386,0.4630900410138586,0.24618502171717577,0.6185264652194984,0.16528798073955167,0.07655609814105287,0.21646298834361705,0.0
0.2040537056973568,0.9528776719378914,0.6376933105442264,0.09201441294413827,0.7975708769756571,0.4680711222661033,0.5254590955939813,0.28435343854009004,0.787964493197492,0.6820541667708935,0.28290877489047145,0.7094302200874321,0.5993511241055874,0.8529836915411803,0.30861898722714387,0.6617013388374648,0.3322033330831228,0.45878278369368486,0.24411119854704363,0.5984081619730505,0.15396012099512177,0.08865154131404403,0.2018127605584246,0.0
0.21434801853540253,0.9575151341503961,0.6296025441213717,0.09677035287704804,0.790773613599344,0.4596937310037951,0.5039614017293438,0.33690923230423414,0.7892195753864667,0.6665388438896497,0.2630156120319764,0.6681112577206234,0.584166267404631,0.8038867165863047,0.3459780360783392,0.652745146539209,0.3643706440736237,0.45110072858056416,0.22849426635072728,0.6050540981834691,0.15979381443298837,0.08950029784955497,0.20790283647040372,0.0
0.22043784464780533,0.9501419568751402,0.6296929759821512,0.10690967247650579,0.7473725399319031,0.46228328368437543,0.5197098162723901,0.2967518063472044,0.7808186307759749,0.7120071678146316,0.2558899612050607,0.6674032604816595,0.6023025976722692,0.8779900167928334,0.35666637095997344,0.5786309536587579,0.34291038508417643,0.4662973018738484,0.2291530985398945,0.6581569570363688,0.16457806037409595,0.09251739922180714,0.20823889081206978,0.0
0.2028277779903709,0.982162003974486,0.6514085414127708,0.08883344810082479,0.7938632897509424,0.4975289825665624,0.5711996347110428,0.2696430787170299,0.8188833984318147,0.7548407408510748,0.2838193089438119,0.7271339634489554,0.5701578172912061,0.8736288541974767,0.31346692723148584,0.6371082440810403,0.4118108223366215,0.41690482103056753,0.28525162578785895,0.6364556734297496,0.14744737329464677,0.0729422095131878,0.23249216804161035,0.0
0.21971207893048703,0.9462183393267276,0.6605673686515873,0.090989434345541,0.7830410134938233,0.5167826930341842,0.4997548101465792,0.407613497816953,0.723217319526525,0.6473858853735397,0.3418878320517404,0.6491590189674098,0.6353650758143825,0.8209341847588763,0.40879379339780153,0.6931655678706976,0.3262693871516414,0.5826573438695262,0.23956606427065824,0.6324303159345315,0.13581085252175928,0.08200498610872993,0.2369557485948887,0.0
0.21663266177476256,0.9565420439032086,0.6345356210456846,0.12505894946466428,0.779336023168502,0.49318663358361114,0.5438549613533363,0.3328608914248649,0.8457538063397656,0.716708808405837,0.2798790005506009,0.7000458439695132,0.5955694900802667,0.8229135871904503,0.3293052020201537,0.5700599594631917,0.3543346605885332,0.4796726601285179,0.25517711196275833,0.5443715464947332,0.1509043768133834,0.08188888965622122,0.2255021516161563,0.0
0.20989993876526347,0.9491417469658915,0.6608269818753415,0.10866312201129168,0.7801661552757704,0.5038592188774065,0.4858433010105214,0.37483071240213467,0.7364853699938291,0.6309723872422262,0.3407363924481338,0.632317920496057,0.6055788391431283,0.7934113789022139,0.40060965535229653,0.5849013679112566,0.31984506228027726,0.604044715248534,0.237036192023761,0.49014813055486717,0.15355886165812688,0.0818347519348932,0.22268267291327032,0.0
0.21412094027358414,0.9598535538248683,0.6337307680253489,0.11224284014918338,0.8304514582527002,0.4123275702225859,0.5206325852516513,0.451640600734132,0.7197050209608546,0.5656721385399684,0.3681387157698254,0.6765006622106392,0.5748570137106146,0.8026187917817679,0.4978539947529742,0.5123410014012492,0.313174332751098,0.6595979568021041,0.2909859202912933,0.42797746464127684,0.14553367491820476,0.07703725443534941,0.2290608637519896,0.0
0.20102737177166782,0.9873430851756573,0.6311901151668319,0.06088194915019708,0.8694226443059949,0.37280795375700143,0.5299191795135537,0.39153277565410655,0.7130650274131447,0.7566406927452347,0.2892870667376759,0.6972529012397077,0.567310260429397,0.7959187631328444,0.4358035065215746,0.6146721835940271,0.3280671310287717,0.5354616256497903,0.29966331860744755,0.5469371578842906,0.15287980739551688,0.0739021869325085,0.22213443164032512,0.0
0.2461811468671747,0.9196735528136266,0.6169542389408297,0.127049726572339,0.7734381928774565,0.4998463466482028,0.4262821484470827,0.40327821627152804,0.7549783538744165,0.6934497639625499,0.360298115982747,0.6597605305159392,0.589152103367115,0.7049045187864428,0.3919830833712746,0.6376502252282075,0.30990096471993145,0.6657771492060298,0.2645801625620099,0.6183665424043682,0.15840483980492592,0.1093765823907872,0.2099778189302812,0.0
0.21633598550023098,0.9529314516067251,0.6480942042558079,0.08287583005972546,0.8179633918207069,0.5074723664996197,0.47248559544522206,0.45020166594016636,0.7368258623108319,0.6690030046085588,0.34127129169638964,0.6013583830762667,0.6460336168622565,0.7273918540884305,0.4131612250865548,0.6546763005660975,0.34594124085618594,0.7016578246415129,0.21992059532600025,0.6075147540835392,0.13596518303598973,0.07776292959116884,0.24309644317050175,0.0
0.21267560188245163,0.9579812246136215,0.6338105580615071,0.10069468877380097,0.7925986903358505,0.4614558657411571,0.5725042671463928,0.3754379416552245,0.7614185716733886,0.6993067069182765,0.3321075595575165,0.6821366006277382,0.544707158816948,0.7901115906793853,0.37612649432383805,0.6241955174322166,0.32378562541605943,0.5698247047145514,0.2599435345687523,0.5551152018346639,0.1487746157170194,0.08245959631248677,0.2204060291421334,0.0
0.2087922686985233,0.9559706923787621,0.6558529457504874,0.053856800764997284,0.8066335727146928,0.4707499955636612,0.46952127880790345,0.4386969282787874,0.7275900590784419,0.6211053334401977,0.3351803508324245,0.6016292470538275,0.6613095078454885,0.7756634899024963,0.463496482376333,0.630960220744101,0.30165671879274125,0.6306880865096057,0.20251340595878317,0.6001879174971889,0.151336502253224,0.08192912742568154,0.21516001226999568,0.0
0.23643182185749315,0.9299638557724278,0.6568186085650961,0.1353682425019773,0.7829008715160912,0.5133803995890716,0.4541943866782871,0.465745078938383,0.7577174030964862,0.6021585029875846,0.3676185483486371,0.6405169515752832,0.5999105506392437,0.7863115018657382,0.4049227003657185,0.6546752991574302,0.324104219828499,0.6141157868047064,0.22577541892895314,0.5452078491310044,0.137848015309586,0.08550551456556021,0.26115036941456876,0.0
0.20365853054042607,0.9719067880360921,0.6516721748813817,0.10339413227310518,0.8402565350567096,0.40619695751459206,0.5025561238990514,0.40267816672449136,0.7600707635869144,0.7498911008164696,0.31808612797622027,0.6615775020648488,0.6178591494910668,0.7994861102296343,0.3977711676835414,0.5945990407396226,0.28901842946334394,0.5616999673861506,0.2588883242403118,0.5910593777656152,0.13334156429409197,0.072683662581531,0.2396426523289789,0.0
0.20651204906166623,0.9645581257095925,0.6497156399520619,0.08905097112915451,0.8207071972089047,0.43298917202640824,0.5442529727587649,0.37446396011995303,0.7150791977641827,0.693480065346721,0.28996403436914403,0.6506003473746803,0.5702616211902767,0.8022950079041048,0.39887354518250223,0.5368150693493563,0.3282214788760474,0.5961485250745318,0.2491994880481332,0.5511575216307318,0.15343539724674218,0.0802946774675821,0.2181694784146107,0.0
0.21991674427295713,0.9549140980873744,0.6376086016202432,0.10230207979246336,0.8015903336996213,0.39575416525639223,0.47317162939359425,0.4156963527400165,0.731898802026438,0.6150951863549396,0.32155860711204337,0.6157805217262191,0.5987577204643459,0.7652268902265346,0.4309511547828329,0.5868205989161998,0.3082059738382709,0.6118258425420406,0.21951004791999548,0.5581143933924032,0.1485894190999432,0.08325095623921916,0.221839475060526,0.0
0.22394930031465182,0.9395003240569789,0.6353850751354321,0.09158954941274743,0.7805225948157724,0.41422377321491854,0.5427148551942799,0.4087575986583615,0.7281989627558484,0.760655460566563,0.3138329155760926,0.6422181372286768,0.5551166526209342,0.8506060874794844,0.41464430931283447,0.6122585696476355,0.34426712019334654,0.6299616643761119,0.24892583279284505,0.5318594697752841,0.1432804494104561,0.10128470170598317,0.21676182026531246,0.0
0.21023170895298518,0.9603351193494959,0.6427766500321879,0.09370882251589885,0.8482401285082568,0.46640272119666853,0.5385434031742298,0.3792715707477977,0.7295592771731438,0.756650420648623,0.28320432212658836,0.6803774912815266,0.6098221647551865,0.8664983161059838,0.43120462560712736,0.6332354212362563,0.3179326413766661,0.5560133294724352,0.27491575222417475,0.6382266171478107,0.14000864250879572,0.07930285127849451,0.23374950119922472,0.0
0.2269900846751838,0.9455933613518765,0.6355149526928067,0.12565813035524057,0.8022577670402403,0.41941333482872495,0.5119742376225588,0.41677753759273534,0.7356548519639727,0.6530119044609628,0.3290221256964703,0.6937497476266269,0.5811698294452416,0.8717433169394465,0.4448174955150109,0.6762970892218273,0.31726341462982405,0.5941049603740652,0.2893397818552345,0.5669480488179953,0.13874313229211632,0.08868861777838642,0.2326994270689604,0.0
0.22120047371931495,0.9537819671101319,0.6421887956401238,0.11901548059125444,0.8102406357756776,0.47573815205273007,0.48239942074563613,0.40448432052471395,0.7622624370237743,0.6598231961344095,0.3741961216383565,0.6143348275204452,0.6128980405603978,0.7568414445559085,0.4420673537544456,0.686487173468328,0.3402639369074456,0.604930196612916,0.2403764998710829,0.6517403243298241,0.1362121118587558,0.07800834285700173,0.24237806960271965,0.0
0.21882087047955814,0.9614133174394749,0.6257897438991613,0.08372116649234546,0.8038324543608119,0.46970924910738765,0.49893563178572503,0.3706871295840875,0.7747137508409558,0.6571830431548403,0.30464813031708265,0.6437942519784704,0.5895408321610696,0.8370531954086746,0.39022673112599904,0.6469171045654999,0.3513874565776031,0.4889257065186678,0.16995397956373628,0.5330925657461872,0.15065744799061564,0.08541464733629016,0.2143311675355104,0.0
0.21467536512062127,0.9578489971087683,0.6458730426209126,0.07652767947839317,0.8425601659977191,0.45101321321016413,0.45796792885233834,0.44839133573314477,0.7206296755806241,0.6657336839541049,0.35200763298216314,0.6386212111829557,0.6342006040807104,0.7504847256227538,0.4616993493929086,0.6892914619710586,0.3036919686081529,0.6058755773274341,0.15558154258148554,0.5548245432646821,0.12173590962405026,0.07742817582938437,0.24185317606877377,0.0
0.20425483215782453,0.9734984210840817,0.6468550228999401,0.08989649439710054,0.83983456910178,0.3901952580591509,0.540740742997617,0.37698820543473593,0.7149339507029738,0.6716236603860178,0.2990375541560831,0.6558747853776861,0.5613580397216866,0.7487405742526932,0.35770205341536165,0.5964648215569475,0.30683196344107283,0.5404020503806986,0.2476351390588355,0.5786432481837156,0.16109019075251524,0.08311460310751939,0.2137167105437451,0.0
0.21133407069672183,0.949181430539191,0.6791792104587434,0.042030428234741346,0.8200965031003821,0.4913071279924968,0.38569118021857923,0.4774593206526966,0.6942402595283388,0.6561284970322212,0.4203896403687436,0.4588434703804347,0.7172653143676323,0.6477790132297674,0.538204347820788,0.6772414175951118,0.26676135849396704,0.7779344873348092,0.1927322243451747,0.6511231048126825,0.13766281869251146,0.071786856691878,0.2356703790129796,0.0
0.21402686499368792,0.9687435935544071,0.6550957681044536,0.08403747869931323,0.8337676383851151,0.4573290809065706,0.4812107691791302,0.44838615030991774,0.7650698234418069,0.631752875558965,0.3248076981792407,0.5838281033425978,0.6693321888056655,0.7459995073009591,0.46571606673358146,0.6138800067501339,0.2984902493198429,0.7378222107617544,0.20182912586980328,0.5901988999885069,0.12843385394160142,0.06741033398622519,0.25237281564377473,0.0
0.21968524240863574,0.95509489583445,0.6323589185892059,0.10928668491191477,0.8031218098221463,0.4519948201261392,0.48708456036166936,0.3711643468545097,0.7614670506607588,0.652463333500533,0.2806395378192527,0.6920765399777257,0.549479566201904,0.8710186652529647,0.3980193370118765,0.5995924085891188,0.3398989248498705,0.48095384554533566,0.23634708560895457,0.5414323341820784,0.14914500895116853,0.088670504423989,0.2175681784479162,0.0
0.2066211645900725,0.9652583339334389,0.6382209085604365,0.09619971108252276,0.810729456791736,0.4052226164133731,0.5023242637207932,0.3801259615257073,0.7635814886879695,0.706345817810009,0.30795180949985085,0.6743105686150009,0.5901981966920883,0.8144203181166307,0.3593073686358931,0.5022911300151841,0.301947889199676,0.477608135040522,0.3048586905997368,0.5887684392160553,0.1567998024569415,0.084964958213755,0.2039091291644939,0.0
0.22197932266666875,0.9511360380472005,0.6217724314562342,0.08577149736019204,0.8183736415318614,0.4314951155793181,0.5153635804736356,0.40857748706685537,0.7275868307631105,0.6903187244198765,0.2928830789397462,0.7019787243941781,0.5683265504614617,0.8180321276640464,0.39190378337227416,0.6857795217747608,0.32208731808416013,0.5956455342407397,0.20275627080385167,0.5282890668105732,0.13936045434903313,0.08752730833272378,0.2270021481594395,0.0
0.2203278443988985,0.945164962622364,0.66314633207874,0.07370459770208901,0.7904032232742283,0.4577211554489861,0.4463935560948023,0.4273414761093086,0.6994939764926014,0.6144855779751655,0.34676578106009637,0.586925299184996,0.609958456725255,0.695867819760527,0.4107964613014963,0.6312610188725478,0.3065058247372504,0.6858046094727996,0.2727465381435886,0.547532659083851,0.16473239088832636,0.0949865859635471,0.20955751178455478,0.0
0.20641708906126943,0.954106483744291,0.6477169161002447,0.07579421069723329,0.8347039112059643,0.43146997632601936,0.5003409096160175,0.40259310419263133,0.6945706057114432,0.6561870093362182,0.30507342477195537,0.6522996268343614,0.5941328630685057,0.7829592526561922,0.42747037048823294,0.6814691146363779,0.3037904051550295,0.6411167416923587,0.23343015235445982,0.5556688387659456,0.1555034261374147,0.08643034251308142,0.21348419002828634,0.0
0.22312326627393317,0.9485025196770771,0.6336204714252769,0.11177089411563312,0.8227821802172731,0.44306393446570436,0.47905222505793077,0.3880139884750098,0.7145966324439017,0.6771748781056853,0.3189686983432723,0.6702211682000891,0.6025669919111754,0.7838189384519828,0.39472773826888896,0.5660391158997692,0.30136204839156594,0.6118976106750733,0.21340064208199955,0.5735464864454686,0.1548552379776521,0.09034406338456519,0.21737823884990562,0.0
0.23375495252953768,0.9377243692380292,0.6064739808660747,0.12964841912208186,0.8087087670985932,0.4621425434552778,0.5059248501858766,0.3915152092682459,0.7372218599485733,0.6922181286029312,0.309810805364946,0.6927449375795616,0.5374072697529939,0.8060522810245566,0.3916036742128967,0.5739490551988197,0.29378525706223524,0.49146992337649337,0.21781675602251907,0.5457766528511852,0.16146058398666438,0.10233911088537828,0.2051276132154214,0.0
0.21346565728947958,0.9409148366002056,0.6473332428499089,0.13420159601741824,0.7891389258241819,0.43751486639261195,0.5359210371370844,0.38070102891992547,0.7190731392743251,0.6848039759890816,0.3351464408450288,0.6714778417777082,0.6266675905461857,0.799383776017876,0.3970781546487987,0.6021666547445531,0.33762689694308096,0.5808304575405617,0.16992455704265466,0.5648511993056428,0.13439101179085108,0.08266511560505248,0.2249833342355887,0.0
0.2096545762797662,0.9761481806077562,0.6364282104332818,0.06169377199621055,0.8299665627822366,0.39808425615778964,0.5230011542736995,0.4106733566881599,0.7373669713662808,0.7328671870963771,0.3000807817935928,0.702861353573272,0.558331482613143,0.7859182405079083,0.40961786089559543,0.6449944625122835,0.3052247888706006,0.5064884064594175,0.21100724903815457,0.5907168638461145,0.15587381937156541,0.08051674045755863,0.22181086451150658,0.0
0.21683024935322792,0.9451640433117857,0.6452436614643275,0.09281332079823996,0.8256694793952108,0.44314914477401385,0.4253877653284536,0.425511713339823,0.6827228240890162,0.674991708911029,0.3383406759452544,0.6490469224790797,0.6246200298715404,0.7767036916794884,0.41702938932017075,0.6485750617903346,0.3184162165302766,0.6264423948465264,0.17019085666767236,0.5806887992264872,0.15627507870856194,0.08517302576530855,0.2240137332549049,0.0
0.23375465762270417,0.9311209613537155,0.6379021267917896,0.12990218820366128,0.7910570681877884,0.48553992246164684,0.44813733150465423,0.4144272317404377,0.7535583020591416,0.6301861035787879,0.34442293842381977,0.6880995435017425,0.5884796002974576,0.809471106284511,0.3578339976399724,0.6312777298796838,0.3313451762674315,0.636394603173,0.200725161907746,0.54066367607945,0.13920612383480432,0.08715694230478803,0.23960346831620088,0.0
0.2241828665268079,0.9447174115891359,0.6507936804346686,0.12458555545733731,0.8268954574809515,0.49205136167190494,0.5364691533797734,0.4653608531113673,0.7628780143614456,0.669665681805966,0.33717434380373945,0.6610820146797896,0.5795560522019002,0.8040298276487253,0.37351756513746276,0.6442306380512838,0.3223914188495639,0.5960412967600863,0.21004737800171017,0.5726291413993997,0.13710722884128615,0.08033287616614211,0.24198508122536683,0.0
0.22746517958400128,0.9384340770045184,0.6544164413176472,0.06683043561473673,0.7905701193550136,0.4732420768735311,0.4143654696313691,0.4595848155764908,0.7240120819294344,0.6189263865695651,0.37458755967611373,0.5750347087657318,0.6635108679506844,0.6440054293690508,0.43605182414350296,0.6703440589288281,0.26027331853757707,0.7212834710636664,0.05340817321502727,0.4981059776262347,0.1497931971109327,0.09025079871798827,0.2186493031572948,0.0
0.20760055018422693,0.9646034783647917,0.654068240816048,0.05524601483168885,0.8214617474652222,0.4014606476719328,0.4895421970036617,0.39360571282215545,0.7515571263555296,0.7343739772382156,0.32279516989096085,0.6806555496030999,0.5730148272792293,0.8391155630479424,0.4000662705531619,0.7007114951191765,0.3023221227610638,0.6260676219481647,0.24218598491760274,0.594046547268223,0.14871288351132783,0.08243680479105117,0.2224180971004239,0.0
0.22742330281363995,0.9399091108274867,0.642336929838848,0.11598837463892618,0.8254905349091,0.44426582132327536,0.48617661905916054,0.46347828466901353,0.7047167667385641,0.7116097726123884,0.3370833814678818,0.6800467974174353,0.5716580442141778,0.7936625486188896,0.38320825487038224,0.6489286529319618,0.2948285718010844,0.588542535412389,0.18147774870224745,0.5022350621993125,0.149422803876782,0.09168554045513137,0.22622430483841818,0.0
0.2091927521784576,0.9520452362091916,0.6710147553125132,0.0716704981531912,0.8470783481912423,0.5142932316094427,0.46470827586973845,0.47552510669045756,0.7141211477143894,0.7204876642211668,0.39509916463490813,0.5756389106825339,0.6740570372644661,0.6568535876765869,0.4417840759179042,0.6923204728375405,0.27347711959461335,0.7289048082898997,0.17675966678220598,0.5957044443588742,0.13050188283227224,0.06595420094686333,0.2540688279384673,0.0
0.21503013804135834,0.9568000637388667,0.6547809119866669,0.08080994515098693,0.8173658633881788,0.45952726932470356,0.445170221983016,0.4509064671538214,0.7574688499446751,0.7048968983444972,0.353651812023472,0.6089493998512653,0.6148563041621196,0.7125050884988395,0.45934922960018537,0.7086639004045256,0.3233591071305832,0.709249723778148,0.18456195157001412,0.5349798318559991,0.12732267423914914,0.07595267477160313,0.24074602437164674,0.0
0.2433069848675874,0.9082140400175898,0.6339391113029287,0.13496066123824416,0.7624454271555073,0.4840671394817993,0.4758147135544211,0.4348305083113952,0.691073363574419,0.6469467843727279,0.35406762453874113,0.6644763307808881,0.6106794437286446,0.767080747008281,0.46200116392860857,0.642759349660842,0.2903685917985198,0.6384495981545321,0.12622106688642365,0.5379902265277849,0.1597320822272969,0.1116510917920936,0.21207811072200633,0.0
0.23774504198720403,0.9268305388845391,0.6281081954595916,0.11034534057802883,0.803011018846861,0.47031186926265534,0.4288527191750247,0.4467127411852139,0.7644621676846124,0.6755784670666743,0.3159255850036206,0.6341336622425712,0.5874002066997114,0.7235620452240122,0.39915129908269437,0.6730357202505058,0.3039873858435423,0.6216724303941163,0.19420231803009505,0.5914163050482165,0.15093524291622912,0.09985421566528964,0.21879747518123582,0.0
0.22528552317737807,0.9527204698289929,0.635140738842134,0.10635603269664919,0.8046756917510658,0.4290087165091933,0.5049717149371019,0.40265823397200057,0.7202627599095649,0.729488706947307,0.36761533413182235,0.6427836003700276,0.582326878557137,0.7998331055453667,0.3847939211898056,0.5988287093042025,0.32717544895179285,0.6178249276271826,0.2503372362909763,0.5922789448297899,0.14507068337551676,0.08562284833518402,0.22819288284842426,0.0
0.2299662844391726,0.9408417514092265,0.637597770607629,0.098295583061089,0.8030468620977914,0.4704800309560969,0.4805104153511547,0.4422307902496835,0.6982144513446896,0.7048860113717691,0.3758708893096859,0.6212239960684565,0.619912846801345,0.7988774373164786,0.4438692692062529,0.6198055608928233,0.2915672417247921,0.6184582412051942,0.16155297228114612,0.5593023165730434,0.13902092721772816,0.08633636349854087,0.23335842657098138,0.0
0.20362284681356888,0.9639472438302769,0.6640132860578641,0.08886572390339637,0.8105596316500069,0.43214643066617225,0.5388682917901947,0.42429370816248957,0.7464678635722622,0.7017396348580092,0.28797196992791785,0.6667739705959936,0.5931795863574806,0.8226641426482257,0.3847043889328696,0.5696152088388173,0.2898009281756878,0.6082930086891448,0.24001697731084873,0.616619282462493,0.1502253225507734,0.07653680072301886,0.2248798004093608,0.0
0.2037355012239775,0.9751308102343782,0.6420119521634219,0.07838510287211442,0.8476410902505,0.3878589492970487,0.5351478651979346,0.4089365932787575,0.7238215028100857,0.7285115287031246,0.2952900452014772,0.7116880757950501,0.5883002165109961,0.7743141682306758,0.3640708183654702,0.6677214322171537,0.3419404436423079,0.6468233752895745,0.22272267751136063,0.5624531105044869,0.13624297796160156,0.07538024146463383,0.22659767728749192,0.0
0.21606290177238183,0.9559403551296767,0.6296459627658254,0.0993557334098113,0.8398336632066427,0.43663726309426737,0.5154736708955505,0.4163751832958145,0.7575322768458903,0.686638782754105,0.35051859347244657,0.6464418320651536,0.64952797963201,0.7106245699301216,0.41631190784253874,0.7110031284633477,0.3291999139748251,0.706273436449356,0.20499473104589577,0.5508734473470754,0.14179887647385633,0.07804132333251809,0.235745445821364,0.0
0.2179824503518312,0.9581303061457441,0.639790270261545,0.08672454435826799,0.8352000095796253,0.44410367954366214,0.49801804233738417,0.4029631095092316,0.7242228719304791,0.7552593304641042,0.34967346873128635,0.6719742515145639,0.6361989588644901,0.777967538798959,0.43005898345233046,0.6976171423371519,0.29304332790338444,0.6149102351889404,0.2045804671109124,0.6174541765200976,0.13442187789369683,0.07708395094816521,0.241231733892794,0.0
0.19873152207263364,0.9810628149596347,0.6332908113470175,0.07718239716963168,0.8485213787518674,0.3760260809215214,0.5642300172808448,0.34832012855901,0.7507730526605239,0.7224488095442366,0.26284643708695976,0.7663800323883961,0.5413840352547461,0.8431283188211977,0.3672040766242451,0.590451268627617,0.32044851065434954,0.506444293175203,0.2498041724748186,0.5259749849859436,0.15096610901907487,0.0829112083364401,0.21141375272250781,0.0
0.21312680933775313,0.9460384608902297,0.6275594083881362,0.0905139384407962,0.788099078992641,0.4245906004483287,0.5565861467961326,0.41190452657911847,0.7287773737741592,0.6176707626141443,0.29991423179230814,0.7024914290127711,0.5285628210858523,0.7857532510967666,0.39846336510352115,0.601832528483897,0.31073508992959886,0.5517906737722194,0.22397135382052727,0.5351660263011446,0.1676955367615275,0.09948277688248434,0.18641655337470386,0.0
0.22000875520501859,0.9485218251992222,0.6246541429696046,0.08774331068227478,0.8171714582917258,0.4142236684195134,0.5123587416238226,0.388079256436372,0.6867752279482258,0.7266513879939583,0.31242610644655344,0.680732965663883,0.5455878788360776,0.7862328495941722,0.4048403603480561,0.6495438933819477,0.32824242187955893,0.5702981405249234,0.24763630047414134,0.5756594854760225,0.16513365022532125,0.09916869771351186,0.20161798874394254,0.0
0.21932132737605922,0.9479798916132828,0.6280208379037028,0.13547058155180988,0.8035899160360663,0.4262913832979505,0.5554537591537418,0.39219606073569163,0.7442359040155115,0.6012961967940506,0.2862852560840938,0.6510551283004556,0.5239800628153468,0.8005430148319937,0.33749026690061656,0.5685164131785984,0.3340075073294183,0.5862921147814382,0.21979663359902213,0.5346173030163746,0.15575035496018239,0.08766394869090838,0.20866809689109952,0.0
0.2289494456771598,0.922580412862381,0.6542380370400008,0.06078888180341869,0.7886006127371253,0.5204855746330286,0.3937898846096992,0.4767401395155456,0.6883292955428006,0.5898534296197945,0.4030741990402637,0.4884066901606217,0.6945148658165113,0.6504210786931146,0.463593503459729,0.568118760055609,0.23306509748781426,0.716871119471292,0.19131839477951562,0.6882049209416388,0.14889808012840244,0.09414105339126275,0.21463186536257617,0.0
0.23205953314357142,0.9449437152098409,0.6214677441930854,0.11098268258394661,0.8321917432043605,0.46901752956988657,0.46940712600879614,0.4612531364371813,0.7724970104850527,0.6610231019708491,0.34305630700446516,0.604179242320445,0.6303079917073071,0.7285789309448274,0.39403880330796115,0.6250722820144777,0.2878596275727648,0.5782185067665501,0.28019585591533336,0.6300545350885381,0.13059448114081115,0.07779898999571225,0.2639413332558928,0.0
0.2348222203600842,0.9197838700830291,0.6342300824365661,0.1283176845124375,0.7517049532292815,0.46463807136958324,0.4484023508367456,0.45542001957346157,0.7854578284218766,0.6234164349132428,0.3405899313019414,0.6561048199157236,0.559442213662706,0.857290746392389,0.47909522593847365,0.6295344338599806,0.28971884603227865,0.5820428274033433,0.260585332666767,0.49513315597144075,0.14726217667757224,0.09726718739244183,0.2215349018915229,0.0
0.2235048757165215,0.9462020981731767,0.6238973909965556,0.1288243352077978,0.7886151070593214,0.4064538459843821,0.49146552948541916,0.39062009510548146,0.7577997929591853,0.6457965943319022,0.3064751982951513,0.6924132598735538,0.6057806938453634,0.8120672585823526,0.41079419982419896,0.6462901601517147,0.3413164446691417,0.5368781327317029,0.22976769371052316,0.5310316841262994,0.14142848323970564,0.08726330675295399,0.22054654616967778,0.0
0.20421207066696262,0.9623815046969106,0.6414012060241732,0.07541565897228197,0.8463758567088119,0.4172639927133193,0.5040181734506081,0.3948055297946597,0.7301842410411062,0.7610319097300211,0.3221550586123018,0.6640032257994232,0.601416733708565,0.7247987600543884,0.41203760453035826,0.6288556665476616,0.32237070369377874,0.6460021490601846,0.1804993724485964,0.4829426282797096,0.1534971294524354,0.0822555700226311,0.21063021599791773,0.0
0.22580514901805865,0.9313290319812828,0.6465101804852215,0.11325721584302847,0.7679106019290037,0.45085850026038166,0.48732972482523274,0.41723288180518164,0.7304428589407148,0.7140630256609026,0.31061928803441796,0.6700750676755297,0.5962884240180586,0.7850936855373036,0.4716108853596034,0.7198910059140798,0.29230225317350744,0.5984992456909958,0.15435963044281142,0.5273385218929075,0.1561824804000247,0.0993239781792374,0.21019077136119993,0.0
0.21712545109359185,0.9557316716283901,0.6374887510265116,0.09068465921995555,0.8482126194925891,0.41916446902939475,0.46978284511938134,0.4099040169269443,0.7419155862820037,0.7591706927421821,0.31020545761951784,0.6597695080734247,0.5834240277881301,0.7921665087017052,0.41156840360125624,0.6284534132036067,0.3381309467465433,0.6996899745905595,0.23164890260448673,0.585896445587679,0.14115068831409214,0.08663177271947987,0.22039196308626752,0.0
0.19500213025580818,0.9871662711077533,0.6610381156758222,0.04088370306682013,0.8537140602680799,0.41883454980615875,0.4952767502079302,0.42463392950201445,0.7169307315571432,0.6956184240927911,0.36146418027286076,0.6036630327650253,0.6223530393506965,0.7202951921497955,0.4545318751494551,0.680062949103333,0.303912860649723,0.750350646579728,0.20523194366980912,0.5487252010922119,0.14226186801654275,0.06275750008268977,0.23869903049230445,0.0
0.19946318592662257,0.9795602018193157,0.6417318120423988,0.05131224375097144,0.8292980121709485,0.40676855822993946,0.5340301021134365,0.4088634834892923,0.7305770374922165,0.6680657935589353,0.27668599756682094,0.6478450980882903,0.5994755940275983,0.7375557193670778,0.4244973063835865,0.629417018693737,0.35784304089119856,0.675228471507501,0.24704341086511758,0.5159701782931377,0.15155256497314593,0.08075551911358884,0.20640183520882677,0.0
0.2273489862915903,0.9421638732393287,0.6268727032695925,0.12300170568975462,0.7983405254842622,0.4471975659334264,0.4826531162013036,0.4283982229008064,0.7525671549950271,0.6956774952337911,0.3580927346855815,0.6418942072777596,0.5914302616623643,0.7766898118668591,0.4820519406744622,0.6701003098003977,0.3357182260332989,0.6016495305463907,0.20152622875803666,0.5447370235222646,0.14136675103401408,0.09141281463536732,0.222131273954309,0.0
0.23630855080107743,0.9209474108383653,0.637348231644516,0.131943784520016,0.7509156467961984,0.5213784897044569,0.4409522557441125,0.42306113342126883,0.7665699863089588,0.6241645520791322,0.3354582198760603,0.6251641599627009,0.6468623559677893,0.7272047510775068,0.4739775769613743,0.6189102702502167,0.3104682169510354,0.6470149128894237,0.17217331516707735,0.5545899330225758,0.1319834557688736,0.08933945029633618,0.23753838950787942,0.0
0.2066816204909462,0.9619449853906228,0.6522891642244082,0.0778949403942763,0.8338138994301239,0.4316959734391621,0.4866646121194016,0.4200614153837254,0.7254738034283136,0.6424781374165043,0.2996075419379,0.6208607739310098,0.6222590721175671,0.756149649601018,0.4344387605827233,0.5991684684886123,0.3407398000484303,0.6884997586609093,0.14138295656590658,0.5260479690154624,0.15275634298413385,0.08179816611968153,0.21601029099439145,0.0
0.2037366808513116,0.9788762347490205,0.6413955776813735,0.07173923019875425,0.8654079586297535,0.4008366725418852,0.5335938028029692,0.40840194123870144,0.7081155859510336,0.6965490325867105,0.28029224169241823,0.6539490992970335,0.588997852713356,0.8107229555998443,0.4017468076988789,0.638571865436373,0.3226462665314601,0.6975722153802612,0.24227698825912364,0.5285587277311288,0.15115130563614942,0.07471083893105716,0.22070007669109634,0.0
0.22066462800279021,0.9555637442294109,0.6394927721421402,0.08173445305301189,0.8204478394311108,0.41995257705175315,0.45896559791108493,0.4383810687125083,0.7120197585920053,0.6354529560545169,0.3189035033122131,0.6134667100096156,0.6186187612010874,0.6631370651125903,0.42505451956029344,0.644930372357575,0.3072128678775592,0.6724319991629386,0.1842853282533888,0.5217242549040608,0.15297240570405582,0.08926726883892756,0.2170908415790661,0.0
0.23774238782570226,0.9329629533158766,0.6199185783102574,0.12048349245669891,0.8009979386728712,0.3954144418408091,0.4748468521883239,0.44473692004912313,0.7100004609166175,0.6441113489070565,0.33526750967838465,0.7108276445491911,0.5231766598929602,0.7133796735285259,0.45465725738256374,0.5985828634763749,0.27061214962557656,0.6441664926945971,0.2146928069420632,0.5037918364447553,0.15596641768010272,0.0996817749497073,0.2177930918106969,0.0
0.24807120476327105,0.9245390040495631,0.6119195207671367,0.14538350344495152,0.7633721880774155,0.4444964643660458,0.4340313360605086,0.3904803470498901,0.7296927503784386,0.6721625034430594,0.30348447668958006,0.6434561793000074,0.6195627201528608,0.7048715052208104,0.3528717232752204,0.6939345558451382,0.3311614930253912,0.669313637240852,0.21769524617229777,0.6145268552320009,0.15775665164516334,0.10216466854221966,0.21791021325552346,0.0
0.21115506224876887,0.9728158329796545,0.6392496655707982,0.07959915882065342,0.8172626215390373,0.4102851427082868,0.543760104845893,0.3927849923898745,0.7091914016886693,0.6980345455270957,0.3350659782840994,0.7062496436426337,0.5957148741979825,0.8084163189417051,0.4088413585678425,0.6974199587117521,0.38019905473573273,0.6174243123542379,0.21171135061502097,0.5657679547141303,0.14895981233409392,0.08303574345300076,0.21883082225928974,0.0
0.23879962882390873,0.9329643322817445,0.6344942834691568,0.08721260493868828,0.7941033821588175,0.4465738469699247,0.39933827937912453,0.46332253700984677,0.7161362675699366,0.6504489537784961,0.44183026112756335,0.5965332533783771,0.641741762194145,0.6931071485536668,0.4907369774046304,0.6643370151558352,0.2661485873504259,0.6732135263598813,0.1432725534593012,0.6007865306728732,0.1671090808074564,0.09421931898873805,0.22105852189722752,0.0
0.23253226879772065,0.9554217107450556,0.6370626996656851,0.0992946849670312,0.8251087605017596,0.45874802233604606,0.45741966027050446,0.4569124747452716,0.7620030866492585,0.6995739137964514,0.34088044293171516,0.6127304273155602,0.6171895568111029,0.7431731226309162,0.4562198269748355,0.6586148408546745,0.2975301306466204,0.6481306369486185,0.19354064682573582,0.5464716062561399,0.13392802024816308,0.07948326998718057,0.2486675581707373,0.0
0.22743332964597998,0.9437355878914534,0.6628032396529588,0.057582624127844026,0.8176670433248089,0.5136474299252921,0.3641822640369477,0.48341295083649843,0.7037031028532312,0.6268536136453108,0.4253661854778923,0.5255134563433496,0.758222326078764,0.6431729542793753,0.521752397069776,0.6058737444548954,0.24621141762678111,0.7897819882759076,0.21152415627694646,0.6637311286696811,0.13948391876041616,0.07616994355648025,0.2495260660162542,0.0
0.22131519247755826,0.9703287914283482,0.627549948988473,0.07319378992072469,0.8347504742160188,0.4058822918447703,0.46923234223009175,0.420230178779056,0.7459377416404199,0.6528958112479741,0.3018608686358857,0.68082753746808,0.6098916531292654,0.8089759028000251,0.43940844962713876,0.6334607068923829,0.2991730203481944,0.6190027435456691,0.21137595968391953,0.5216296999663562,0.15899129575899698,0.0866462897337738,0.21471367813654155,0.0
0.23189998854663146,0.9581457812071468,0.6433362208192593,0.11099543409494812,0.8238723042289314,0.43954689587393475,0.4475825631193126,0.4171509888227862,0.7534349478590451,0.6482972450373506,0.3702516347632863,0.6550503258518888,0.6047333145342464,0.7250573009709916,0.4429637885257546,0.6008175069175037,0.274284244848711,0.6838994651837014,0.2332672186916631,0.5929414354101248,0.14050250015432955,0.07712164119329114,0.2514135967519551,0.0
0.23416310358714376,0.9472720224679505,0.620384501040664,0.10489451335878425,0.8124293086237706,0.43545093253239214,0.4618825878541117,0.4221583904609739,0.7185059324092231,0.6842040955126956,0.30201718671364325,0.6908305041908258,0.6019045511190632,0.7793676747000665,0.4425634699707259,0.5456222708143272,0.2849212969649544,0.6225693420395639,0.20349480189222943,0.5357413815500075,0.1573553923081668,0.09118412689175402,0.22533828684959212,0.0
0.20652885875117746,0.9901157258799718,0.638649655850167,0.05110217078126714,0.8817259081299899,0.3318909371396639,0.45339328589593925,0.4748706983625272,0.7067370410471613,0.5477787158383014,0.3279052389236225,0.6744954694051318,0.6129060272111848,0.7453137504566474,0.4842394936155647,0.6293872893739261,0.27674344333357426,0.686900220914672,0.2511295280034006,0.539271345203928,0.14960800049385653,0.07171300653179516,0.2298755467431721,0.0
0.24593460475434328,0.9474073143413982,0.5721821435833476,0.13515978098696,0.9014485739140546,0.21882605672076919,0.5296762493574462,0.5358302315466137,0.6740969282959425,0.5807870029642852,0.35071176790301345,0.8466360143527112,0.4621177219353336,0.8950992775775626,0.4864273060704553,0.6142193278182517,0.2913119130310292,0.6855609778554089,0.327627153683377,0.25413203506425647,0.15149083276745445,0.09061288032798435,0.23365457924394825,0.0
0.28716464442972817,0.8928543520928878,0.5482383692650835,0.18528555035439748,0.853947962392517,0.21200687998136225,0.42368344575708317,0.6370303877626845,0.5712919047877029,0.5442285899385958,0.4175535493771023,0.8387724118767982,0.4376875949912984,0.8934724380701766,0.5130453016676093,0.576455424623022,0.2080889360561812,0.7256178277970055,0.32758268438177734,0.2172705486363132,0.17954812025433528,0.12603686696224217,0.20927537732373533,0.0
0.28224146975077163,0.8920266661355094,0.5471620314744163,0.21586820449266564,0.8493410628685528,0.19844891622222158,0.5337212598873817,0.5840668995433482,0.5737528577033748,0.5538564822009411,0.3568509220192,0.7855502536161737,0.3776805034545507,0.9349570807595795,0.4439114587335378,0.5609186630315856,0.2619404803511083,0.6815033742444403,0.31193689746741776,0.24735753406061958,0.16195444163219813,0.12016657553163397,0.21572121919309659,0.0
0.28155758080381466,0.8949837818292136,0.55273163140206,0.21259008527981688,0.8547347927122251,0.17008354802030534,0.5094269240040434,0.6083182768918546,0.5918769997751845,0.48021201053025064,0.3801768684358558,0.8258327385242387,0.4025999368456717,0.9309512256841288,0.5248174402756475,0.5764969830827158,0.21389321764407218,0.8024223589946479,0.383009242543004,0.1461198497675509,0.16130625347243552,0.11917275524456529,0.22381001466338052,0.0
0.27517107841688027,0.909112206452641,0.5621247206735337,0.16996136362229794,0.9239430372460582,0.15528927793497346,0.45800377933106157,0.6468272607633436,0.5179646660073126,0.48650922390496226,0.3575334073895335,0.8646512666609595,0.41040781299753537,0.8851394533862679,0.5525005546064534,0.5297085727417066,0.17304696840372288,0.9391246617216826,0.3855026463492975,0.23482105187315327,0.16967096734366266,0.11806923173684573,0.21066662507450976,0.0
0.2659755884405688,0.921389292789694,0.5633604020515259,0.16131527865729864,0.933690831280889,0.1587225617101716,0.45453613415960054,0.6039773010968013,0.5347981737284527,0.45127429213524334,0.3945385784372743,0.7665908205189476,0.4262450707742193,0.831246101372236,0.5094375780571713,0.5423782700245795,0.19606948748059022,0.893799124578374,0.3640175213693964,0.1426213825877696,0.18136922032224165,0.11216043462496636,0.20169162024050521,0.0
0.24696766339220028,0.9414556976571364,0.5586969653146101,0.14381235847953883,0.9584506363861011,0.130465668396505,0.5295741821304863,0.6126254902199507,0.5294918813430801,0.5264207313914117,0.3970866488171732,0.846107691243698,0.3738404134625941,0.9092427282297916,0.5843611736064338,0.512302619284672,0.20148735198283851,0.8734816976673881,0.290868539917715,0.0971371080828453,0.16164578060374055,0.10314766577377674,0.20769768256705756,0.0
0.25979227686193684,0.9264522425815467,0.570349290304623,0.17523203487841887,0.9307180457984998,0.15031089070645004,0.4742785256191025,0.633975206927699,0.5142683059925318,0.5450699500933449,0.3967544059390878,0.8261434480994065,0.40929766853814314,0.8681377807536709,0.5738521256790613,0.5160256689456496,0.21695250374904446,0.8880466236896191,0.3635848296448934,0.30100548931295806,0.16747947404160718,0.10783438577050557,0.22052224155614428,0.0
0.2655727457059663,0.9171741005695129,0.5601858748215839,0.1671091822439647,0.9034343564479088,0.21661566545990488,0.4638807188559249,0.6123171025570641,0.5716342282919735,0.5554246202271258,0.3790836597268766,0.8063187260368598,0.43733983726465786,0.8006745201753798,0.5623651556508787,0.518411963211836,0.2259192991201407,0.8965067856853994,0.3887286193120653,0.23883036017045306,0.1498240632137785,0.10898995299390708,0.22369829955977055,0.0
0.2936673401090735,0.8846930192151233,0.5376559496739669,0.2267885424637578,0.7956336202246549,0.25602770362015026,0.49685894456495316,0.5198918195638121,0.6603340232071381,0.561094601158797,0.41620239976873885,0.7745737753173226,0.441147845286504,0.8629421826431262,0.45771484883537333,0.5167182525681757,0.25106263749186236,0.73262564249454,0.2562083455174402,0.36531359964849736,0.1542070498178895,0.12193060792435706,0.22252751570511486,0.0
0.25459424901413,0.9307256578050235,0.5855039580199032,0.16263625112115795,0.8478337137531833,0.16504037394354004,0.48468339076265193,0.5424213110974963,0.6304639135249891,0.6073762399000363,0.35023767092283675,0.7830373983818938,0.4181512544752529,0.8847712854749992,0.468907381934121,0.4432270767018928,0.24658072081653537,0.762354926542193,0.2698626148930091,0.3301753845866083,0.1699796283721203,0.10565002033210691,0.20386989730797683,0.0
0.2763421534528295,0.8925923485780561,0.5825454361812683,0.1888196339639065,0.8189653118425019,0.3214263474371958,0.424516740878681,0.5902702807249429,0.6430706476659782,0.49538037842320265,0.4892230577218166,0.6660531834121189,0.5371241046286223,0.8239681392821947,0.5328571774347071,0.5554494695950071,0.25214783823773457,0.8471968455034699,0.23977486093342174,0.3495729623521482,0.14414470029014068,0.10688655813482666,0.23090241666561312,0.0
0.2538513787004669,0.944699331814428,0.5670145208443879,0.12839881775276576,0.9161065611647999,0.18278232918453757,0.5375734090601065,0.5925879151722697,0.5765107206790769,0.5694567897019979,0.3182718025675527,0.7725228953528304,0.41670941583543597,0.9126788836512773,0.5526791000927489,0.5416029606579266,0.24286875224129378,0.8786606966279011,0.36062278185807356,0.29784599822718905,0.15016359034508184,0.0994111786105897,0.22070672696921972,0.0
0.28243374900623347,0.898400246375235,0.5735787293496094,0.16068526993792767,0.8838851393861222,0.29642181445372695,0.40217742401920126,0.6136942703600059,0.5714681870820129,0.5466689483407039,0.4254001758207083,0.7189609426903896,0.4829349046504728,0.8274555794350903,0.5211839506533791,0.580839873414745,0.23270851579611324,0.8934254625513177,0.25787644760739414,0.24600033268662644,0.16433113155132986,0.11641537018675277,0.22481640747048637,0.0
0.2778960175587012,0.9121189649175762,0.5592048877795208,0.16767968391199548,0.9101435970133863,0.22144582540983038,0.40433139796605916,0.5946060977255908,0.5896302550767903,0.5801784915608504,0.4006381709014992,0.7944274592262782,0.400473953577423,0.8366661289954646,0.5432953039510989,0.5044403564263923,0.1769929239356948,0.8060210558225834,0.27156352051304616,0.24940947233201807,0.17504166923884126,0.11660509905840641,0.21788303801832593,0.0
0.14789902099066535,0.7473797350240471,0.652531797825767,0.38256632566494997,0.8363920769907284,0.14727075271558662,0.6009755392589909,0.6058373919349598,0.315349213787207,0.33261567837784306,0.4374084898406418,0.8465193061053989,0.21002468501165383,0.5988371471414498,0.4504691497214707,0.3827722232197957,0.11579555628579345,0.6570231032830083,0.3465492415570914,0.14840239417098697,0.19584542255694726,0.17053523885326696,0.08152272135694538,0.0
0.09208672311770268,0.6893919220179481,0.6767470096173641,0.43570570213240994,0.8064767924629399,0.09062953487560808,0.6751858270972035,0.5190758088344595,0.18945658798918572,0.30666445736952663,0.27232510890339895,0.799067934094516,0.06781668233680264,0.6230703589879493,0.3292099975332752,0.29939325552495466,0.03607237102014895,0.4604883657994237,0.24859371963382898,0.10804016211561172,0.2514970059880226,0.2205633759019757,0.01814803485596481,0.0
0.09143350448143284,0.6767006862653467,0.6822431573066238,0.44681838707164956,0.8232649921289211,0.07586847328977042,0.6088692459410375,0.5409924920170861,0.17876245434544938,0.30205073529240084,0.3006451446959839,0.8261710571631806,0.056849251035747624,0.6015770770463866,0.37730583619770525,0.27466343034585283,0.01537369622049989,0.5866257854414928,0.3417211865122001,0.16774205642297702,0.24952157540588904,0.22546956886497957,0.01378219903788802,0.0
0.09529059095717696,0.6867020192656854,0.6744903752337321,0.4557697142505492,0.8340853660062522,0.01668007504468817,0.6382124057585619,0.6079914073874038,0.15402167653685647,0.3103413254317809,0.27879859513860045,0.7913471116766952,0.06753205073700402,0.568489289704093,0.40717331515735844,0.3026030988909403,0.029894938147570136,0.6872171700382318,0.166954689059442,0.03366868261025937,0.24677449225260822,0.2211245622833032,0.02049218612654708,0.0
0.07141434390088858,0.7196363207352033,0.6906921038977221,0.391153837755239,0.8109657746365392,0.0,0.6861093562487967,0.5624510443170743,0.19310138312694136,0.28479316819919787,0.23487894730867348,0.8099794173367765,0.05963528361310441,0.6067517378124567,0.3212155640669591,0.3139301496795963,0.06032792604265335,0.4911272780456278,0.1903956890328585,0.11940806348719554,0.24436693623063074,0.20324878928053136,0.015524380529573086,0.0
0.10036269358706634,0.7048964013587411,0.6837646071484387,0.3716728919808059,0.8310063794172731,0.1426233326643506,0.6880664064612515,0.6112657794087917,0.2054661428259332,0.19650683588319398,0.3030640035599296,0.7403314033835662,0.17460230949010677,0.47191410234861597,0.4627914946339338,0.29661249817002977,0.05926785183771217,0.6159598039385413,0.26737876050145265,0.21075124528590894,0.22100129637631852,0.20035160249745057,0.03236831498434714,0.0
0.09174286174980623,0.7204237102455632,0.6740052499220094,0.3844722795346073,0.7776485820998478,0.15880229936954618,0.7637565167512373,0.5871574319382105,0.17276427158856528,0.21501723533401032,0.27720204007643023,0.8148648688421545,0.09702472158893514,0.5442803871339499,0.32561313642854417,0.3554809579853558,0.09998945571355389,0.6123955148876238,0.27033629167319423,0.16811633706717508,0.23260695104636028,0.19992546988664647,0.025808365824999426,0.0
0.09287530399056297,0.7204563457710947,0.6570936879072994,0.3477201828043539,0.7979598381510864,0.07176179752903612,0.7658289384759576,0.6409964873258841,0.07445748499965989,0.15605767545554308,0.2854671843344578,0.8493049315109524,0.11961024805742064,0.5189461611110573,0.34230117058003967,0.18330198283368407,0.0,0.7489146407830567,0.2785831662400831,0.015556441067451675,0.23853324279276414,0.21683637675863465,0.016723655323931344,0.0
0.10653184963768882,0.7243396668724895,0.6319780358617707,0.30461970194861065,0.7910097502651195,0.16821488293165565,0.7905707452070424,0.60619884148316,0.0743544230673602,0.16211646205774224,0.3291657476178098,0.8907145918044131,0.13186610210746902,0.4544970939669172,0.28735309277804694,0.2433510506591224,0.08045141191539812,0.7461231088924588,0.36352748153801323,0.050365417244832185,0.25100314834249043,0.2137768450528555,0.01805170151072574,0.0
0.09228932411233806,0.7534356934589518,0.6436521647680071,0.2598984713483941,0.7757785729645337,0.19589847551562484,0.841255298926725,0.5583743300684748,0.02518701779922163,0.10412174461405443,0.3147035933409301,0.9417138822355652,0.11778171112808651,0.31589193235719387,0.23165416743993664,0.3465352648310964,0.1531305581395878,0.7209213854849525,0.16931576894855524,0.028193995939984888,0.25183653311932763,0.2057062755733826,0.017140063205861162,0.0
0.10593967671595977,0.7489546672631971,0.6166105316540705,0.22470789756426293,0.8127235735608529,0.2886374021694139,0.8609562033591492,0.5366975711287844,0.0,0.18577081123892722,0.40976558239036565,0.9255936324382071,0.09143984169510572,0.3358499658713198,0.34634317197836484,0.4920275517607083,0.1690843546713151,0.6512516883486029,0.1649992786320489,0.0,0.24205197851719223,0.206319398443291,0.017412963827286236,0.0
0.10459962006439763,0.7707435537176154,0.6125293682634175,0.19759164593864964,0.8250262636512609,0.3351702415329155,0.8568714830921577,0.47177969672464704,0.006395563958338889,0.30128230077935503,0.42361698190216124,0.8889583110037107,0.039570650964775855,0.31696467719769517,0.37371171852444973,0.5627520858313476,0.12358496118930437,0.5425524633606904,0.14952917513962147,0.19542484067460236,0.24495339218470186,0.20465196967374152,0.016921800121203794,0.0
0.0791633158587334,0.8047341430416617,0.6324274519397652,0.1397151999062087,0.8245818013004231,0.46109881615192483,0.8058752434823852,0.2892990526758644,0.12075296467183998,0.5712513809004609,0.398681811052057,0.7920252862075735,0.09348821457152591,0.3671807610564452,0.34783114989322245,0.5612861800124926,0.15391934165171628,0.26858949382668473,0.21777579677606596,0.483242753808637,0.22877955429347455,0.18179048785658003,0.016413077767127728,0.0
0.08716177899774497,0.8205671226957861,0.6022306360681977,0.053228847234212444,0.8400579930391296,0.5420899566552232,0.7469606182491225,0.1463405112045691,0.20749958811850824,0.7066562828117615,0.29931017331225473,0.6252383170471363,0.08255688112713527,0.5217868176788321,0.37923572902050345,0.4402018680589447,0.09765120639674897,0.32479335659128444,0.3970368682255613,0.49709278371554644,0.2501388974628059,0.19084955410279514,0.013385000412527414,0.0
0.10884480393306777,0.838458591953274,0.5653045924642853,0.02317661858654176,0.9035314080136125,0.6140515131478411,0.7284593338016239,0.14413775205409293,0.2920516082286882,0.876691506599535,0.3099875872897576,0.5829465809856595,0.08734237398513203,0.583949636590164,0.3892648988800586,0.2945600113566621,0.12343696143284827,0.42730561673031425,0.3955640645715939,0.4596916788362676,0.2501697635656516,0.18811433498185526,0.02137882608381631,0.0
0.13176171905988177,0.8220363342184251,0.5190614658651926,0.038546743454428746,0.9516614354765093,0.7065833917354245,0.5913054565901229,0.08082907317069173,0.43284463703982906,0.8946765785697194,0.1809680672209138,0.4962335830350355,0.1847045654115583,0.695272634574898,0.29760626011023444,0.1159909457932416,0.13475228458484814,0.49470223730777,0.4459743538853084,0.4767279464447908,0.24581764306438642,0.19399477371306556,0.0271379190892139,0.0
0.16101175843676113,0.795898189417816,0.4894782812497712,0.0589438829588784,0.9236273629872322,0.7117625087405189,0.49461031722951154,0.08959757274908327,0.44816286273005174,0.8779303861425279,0.19141914676437746,0.45620087099345247,0.18527170786207653,0.6790851658661992,0.23917406140779332,0.141033868628924,0.12195473602385211,0.528556391147291,0.44745621657866147,0.4309196906571254,0.25967652324217516,0.2136137716188995,0.024133907129534046,0.0
0.13577923485306642,0.8255991223648348,0.49126554022211955,0.0062653825319013,0.9930366256520204,0.6548972412353431,0.5154889048100222,0.08708210774843915,0.48932546684220385,0.9541674682521858,0.17071332275455156,0.4813111607706822,0.18536091469035829,0.6732301590302322,0.28453047252377156,0.16002924540512345,0.14166624789098448,0.5416958354167982,0.43593979016580625,0.5107899009430156,0.2544601518612254,0.20342881978922442,0.015077831099344578,0.0
0.12193483355298171,0.8550074081110776,0.5020096682504772,0.0,1.0,0.6503706793960636,0.5133801248094301,0.0,0.47427189349185467,0.9551264325495987,0.1700907825278132,0.5226233592243168,0.20002553359329994,0.6967101753947862,0.22989903861680555,0.09509384701676664,0.15200499037153484,0.6022905909900861,0.4227078888231327,0.4317567303403733,0.2515587381937157,0.18480791609100602,0.01874734930799277,0.0
0.14766810894001103,0.8156638265077076,0.49949086660518205,0.05479980536429915,0.9741748622133859,0.6534978645258098,0.5251876272380969,0.09939672575262701,0.44291843056345415,0.9099392450325371,0.16804043362167942,0.5039949274417808,0.1955915887368935,0.6839359643375859,0.26231542493095866,0.06503822445020552,0.09821320547194036,0.5957010193391088,0.44130711614643436,0.419744436986439,0.24828693129205373,0.20704208038988062,0.02204127033420545,0.0
0.14151841674040155,0.8206575215693245,0.5084886475647341,0.019163349074598834,0.9630998110164699,0.6961696103385464,0.48951111981813955,0.11437712773551513,0.4184867715777816,0.8735826342579868,0.1550744437017891,0.42041835602996447,0.20429541369116688,0.6835284310820241,0.24760447803831892,0.15664256735079818,0.11744312319486057,0.5593510592439218,0.4434257570427579,0.5373002522846286,0.26146675720723417,0.2009415052830716,0.020713582975361338,0.0
0.132976735214027,0.8317419556493933,0.5210857300961004,0.02251414722927307,0.966399926608451,0.6821130358637356,0.5430839221622125,0.03933345824791333,0.393213253069999,0.9583132936995872,0.18475323608253263,0.4576552967962328,0.1924320787100227,0.7497722285744501,0.24378984779187304,0.12894537172485307,0.1535741017135035,0.42518076840707897,0.3869879932885681,0.5459785709651678,0.25137354157663955,0.1930463368354463,0.02717219911994273,0.0
0.11798662086567668,0.8457297257543321,0.5262227043801515,0.011272522560657592,0.9538003746815673,0.6697791057244513,0.6338620060231851,0.01568549863252299,0.3854745505527188,0.956348257215162,0.25210768513857523,0.5233466060129822,0.10243073660299258,0.7053551029862616,0.3006589578744661,0.1656414994580351,0.10541557336677801,0.44655035122846953,0.47242598751917303,0.4911829772678497,0.23637261559355438,0.18536883816119026,0.02136676946449685,0.0
0.128858951097442,0.8168342620923815,0.5437500733129301,0.033921611604155306,0.9165338417045347,0.6617357381720803,0.5942677420388451,0.08035764227122655,0.33478859594082483,0.9067043239002773,0.2833753720314137,0.5199533352439196,0.10556421105074403,0.6275042925783341,0.41512511421560977,0.22914393680799078,0.09012737067647864,0.41701552812620685,0.3768586451754937,0.4514850538420187,0.24569417865300336,0.20135402828072388,0.02300864658156853,0.0
0.12975576277820797,0.8011103739602214,0.5572400285784975,0.0619451122185516,0.835745992578844,0.7181879225670943,0.6406799952246756,0.06810456131458978,0.3908265514069473,0.8424725922457177,0.28728134187498705,0.5448005702887986,0.10551836677278026,0.666033358556413,0.3485029569441278,0.3276328352085854,0.09994315199228153,0.3829370659833216,0.45505040155288967,0.4705852822889102,0.24581764306438642,0.20749609282906448,0.022965324086339858,0.0
0.12770645519200519,0.7995227245914045,0.555186251020641,0.11606904079093937,0.8618801010002686,0.6521132668793843,0.7136257666023136,0.15838606583804607,0.25382726955790064,0.8243678049708576,0.34752262197941125,0.5468690979176632,0.09989720853300313,0.5735763586582596,0.3232774381877664,0.33976857434888774,0.1103839955706402,0.44219088295693276,0.38181024899969884,0.4447180126239113,0.23995308352367403,0.19352581425241724,0.025492286239542226,0.0
0.11579723253354698,0.8037310219822481,0.5770022752756829,0.09729190368965909,0.8241260454568742,0.633504353806614,0.7008642148900037,0.10241531138979855,0.23401074421322443,0.8188754307178555,0.3346849328807099,0.5805166759229414,0.11731361217179116,0.5983223001933277,0.3518709268876486,0.4508759769259912,0.13215912429511192,0.38471794616183386,0.3965097147228489,0.5128046106645161,0.24628063460707442,0.1960194852103452,0.019259516410437008,0.0
0.10700370057133746,0.7996560246252661,0.6020632519911588,0.12385035844941164,0.796421084670959,0.5959544856031374,0.7888891241682346,0.1608232737699856,0.22027907782277317,0.7640225156035685,0.380150993990497,0.6498301836246348,0.09891462487459872,0.5082916013266033,0.29594789285671114,0.3835763700266656,0.11144285458770764,0.3463774727793864,0.3490803526469816,0.5285954818070354,0.24668189394406934,0.19059482570128697,0.02409874198984883,0.0
0.11949271006451645,0.7698452340641336,0.5996140715273842,0.18282959999374107,0.7494198327455763,0.6149708635879608,0.77079905385204,0.1567028018902683,0.17210382338065872,0.6290858156125773,0.34375052426617253,0.7162904882791541,0.13936254400096065,0.5018351359433669,0.31683311765188743,0.4607799555868359,0.1726924879743869,0.25098848669712553,0.2396493506527025,0.6043376885220804,0.24436693623063074,0.20737776479191267,0.020842689273909115,0.0
0.07752687783947321,0.7981135746932184,0.6302461616744498,0.1567521527808512,0.7955453256452779,0.49002283701468724,0.8749462179344508,0.2439390516519033,0.10048164023160205,0.5828919556761667,0.39875978259495504,0.7861246943150099,0.08232585484448324,0.3609565276794328,0.29863141372050056,0.6465626371912888,0.17142536347725,0.2496565830622616,0.2219472908439437,0.5740635330890607,0.24050867337489934,0.18340183924497816,0.014273219212794456,0.0
0.10502546553201553,0.7603035563529724,0.6286992187505429,0.20446139404142438,0.7143447204985529,0.5536053240630231,0.8299556952065422,0.25051976179572744,0.12092143390047419,0.4154621127877661,0.42550086116243063,0.8164922663518313,0.08510484833979048,0.33082447388250436,0.2933811531976208,0.7175657349885584,0.20087851754167999,0.28761703979528297,0.08243312893284258,0.46257626777853533,0.24578677696154067,0.20658363074943858,0.01610974853503141,0.0
0.11024797064700541,0.7549951506366992,0.6315552006968297,0.21234850720326087,0.7151851496138812,0.4852708195051915,0.848148746784565,0.3358953219305676,0.08485233482209305,0.29631010028795585,0.3897187799681253,0.8206269849850092,0.11440376394607556,0.29867080969271526,0.2361148387254575,0.6008424169581034,0.22857248462755694,0.4102182966247215,0.07663823435967174,0.40581169402991785,0.251651336502253,0.20612954102349554,0.018588005773688753,0.0
0.07148217247260057,0.7822277346808384,0.6632027573977304,0.19611018192973104,0.7631957197046797,0.42972611092095275,0.9081921035207459,0.3080611503522884,0.04584639116802375,0.33025167754931184,0.34891914561514303,0.9075979339880438,0.140982615808058,0.2840833618703899,0.128227319842296,0.6081496960035512,0.25694558983637117,0.3560613106768284,0.12642103679286262,0.42644000102662455,0.2451694549046238,0.18321760433616044,0.01827003636098138,0.0
0.08656960607601592,0.7543833494468052,0.6646540657910434,0.2369574754623913,0.7288229781540684,0.4364662253491515,0.8779823370886456,0.3235113020203935,0.08783215125899822,0.2670310773676887,0.3562177213066928,0.9846536626692358,0.17194591334049594,0.3613541019733905,0.13113557964668404,0.49365160191394786,0.2729324622630368,0.41980722080080957,0.0,0.23975093798645608,0.24831779739489954,0.20088054683039255,0.017333997755125785,0.0
0.08362289699538014,0.7652885179640948,0.6669377067607135,0.20238513977209122,0.7313611453461111,0.4267973937336167,0.8645838046325623,0.35815926221919625,0.06336811332178971,0.2868663706902335,0.31150871539734154,0.9157152446981034,0.1868067240944084,0.29744323044522786,0.11903111509613082,0.569343420267702,0.24830395848715692,0.441864257559632,0.013992679986465641,0.28622259133170835,0.2635965183035981,0.1969667554088706,0.018887627116883035,0.0
0.065462534186578,0.7726561793758804,0.6865274140080438,0.18705801038360684,0.730929123955158,0.3977727809258576,0.816361660848073,0.380637649445801,0.12040997651441289,0.2825920955227738,0.2705230582462052,0.9433798955404539,0.2749623376678681,0.3340177325829775,0.029005114641397794,0.5239152671311452,0.3078856642387804,0.41420755241694046,0.07490751908011778,0.3257230025465956,0.24658929563553206,0.18972140835761564,0.014463685091811094,0.0
0.056761013156429965,0.7786074896232819,0.6988571266079322,0.2170062184635107,0.7071695780639894,0.38318048651802455,0.8818838441442585,0.3867443377777911,0.19176591859908693,0.2957795673441279,0.2365297154944524,0.927784033484444,0.22612545714198773,0.36326332117161314,0.06353935590781679,0.4953653720249754,0.26587182831218126,0.40776499581322223,0.09507954791522082,0.34872008434831114,0.24029261065497737,0.18071972250547244,0.013600201498646663,0.0
0.040068401658108634,0.7886481997600594,0.7116321404469615,0.19650795433884763,0.756081544012853,0.2961891453664572,0.8824153046404586,0.37999396893447335,0.20908082510639672,0.24462895255015535,0.15191931490614316,0.8681440284438002,0.26849824935265687,0.3707722998040606,0.0682618395322536,0.47363923204804137,0.2720914636469586,0.39267049112950353,0.09909530909519812,0.3388407639980003,0.24649669732699475,0.17915050888505896,0.01245515756936683,0.0
0.08458193401802101,0.733669137058482,0.6791754739958765,0.2964111386083408,0.7401301498816513,0.2812435507161089,0.7628767074107865,0.5333841742095389,0.10610626078586256,0.07104786658203371,0.29366729427226673,0.9115772055984581,0.163379846831718,0.48269691317010505,0.18509220355748093,0.28288234333629814,0.20707035545384544,0.6741451673503566,0.20713395480236196,0.2994412381354067,0.2451385888017764,0.20499188492754813,0.013502624216480338,0.0
0.08838682198423026,0.712997366175193,0.7077931849846825,0.33658862749718554,0.6842824997795031,0.3478486923885514,0.7433036663004939,0.44800342577268015,0.22436893285269596,0.22715842457620863,0.18364084921322527,0.8309533282475945,0.23005822838093018,0.5479163099151708,0.1875051627603517,0.28237057461038906,0.19180578563604894,0.49704351551813647,0.16406849459670886,0.28314355711286116,0.2514044076794853,0.21312681341081066,0.019093953191558218,0.0
0.05599661464391916,0.7524627564301944,0.7166604262288837,0.2754858623460375,0.761134687481425,0.22873597598778636,0.8562122608332555,0.4470977126192336,0.177316060562219,0.2310580098818867,0.23262658487573215,0.9437435481087388,0.2044746395495055,0.4965622186506047,0.10093907427696609,0.25901583608987183,0.21924124681820145,0.43237186225330915,0.17437886864212226,0.2271892784789997,0.25131180937094805,0.19463159880375766,0.019892297549794515,0.0
0.04937861039266342,0.7627846223855188,0.7073601336681052,0.27181594945450505,0.7770155425779397,0.2223751044868409,0.8891227971823149,0.435499912264358,0.1641890250788828,0.22088968084215768,0.2071992906461485,0.9819392428223692,0.20936269544274994,0.45284390634064176,0.10037088737435727,0.3123892281810022,0.21275054863833767,0.5162029175599487,0.19683498843617495,0.29278721897647664,0.23637261559355438,0.18251786472927672,0.017324716071992347,0.0
0.058206351547562464,0.7601350160802742,0.7083844447606253,0.2857114998661209,0.7484126283354807,0.2770660099736349,0.8620467485164579,0.4114742192165296,0.17580094978122196,0.2031797015611927,0.19581673106976819,0.8978267850168087,0.17855168574311484,0.48213815269050037,0.060143061887981755,0.3026439336764019,0.20895911183943622,0.44369530965599235,0.21546599982501344,0.35026343614936656,0.24649669732699475,0.1844303880857127,0.017977639420635082,0.0
0.06276561119394247,0.7690783758233581,0.7073363432779525,0.268541847201166,0.7170935988995193,0.3191101826807475,0.8365932133012588,0.38183310792794256,0.18805387141337898,0.31372227377761486,0.19800571986117843,0.9140761640656714,0.2689103063864807,0.43804653615442585,0.05520977892071371,0.37561320742164805,0.210838817607009,0.4192731109537332,0.11932107274511854,0.3770182495943416,0.24291622939687516,0.1834009265829595,0.020954236924483807,0.0
0.06808071705466091,0.7572154389018529,0.7057378466258816,0.273858573365153,0.6703001291221166,0.3206761986393644,0.8059260231972909,0.3495296355437737,0.20069571009250858,0.19751836190540362,0.2075644792465852,0.9105008825421073,0.22660032444640765,0.47649436209926216,0.0,0.4123463090404689,0.25609642667676624,0.4320678343170406,0.15746891988118464,0.3934188305642506,0.24615717019568978,0.19633051478085084,0.013051290413498813,0.0
0.05776015750843097,0.780717000963744,0.7070194533892382,0.23200844122003006,0.7041376376291378,0.33291218000664824,0.9059987245151212,0.38908138679513493,0.19664565286587182,0.24515486991429059,0.2175661041387855,0.9650231878950241,0.2653767323199255,0.45569522762320513,0.023482809521666682,0.4501911855146577,0.27411221981533446,0.47593237105930186,0.10363499762426047,0.296473739597667,0.23448978331995812,0.18035637788854902,0.01709250654076539,0.0
0.0626222864728467,0.7667119171762454,0.695174629616081,0.21048034077829286,0.7144909319737044,0.3405249607052162,0.8538720268921245,0.42310602241745443,0.22963651258279305,0.29076264954364295,0.1785626544973099,0.9118729730745235,0.243213641019055,0.37057900184851705,0.02390900530872091,0.4157175982600393,0.22292998758356475,0.4444934268388804,0.08477258068803792,0.3447511355150459,0.23831718007284386,0.19287165046071256,0.014842392116523724,0.0
0.050161882942520164,0.7885196494975202,0.7069460484478525,0.20992170315346506,0.7687532353891662,0.3271864152365626,0.8504605440853488,0.3603918744377443,0.13657746107974233,0.2539272758643069,0.20487750113000863,0.9019765072392092,0.221586963868217,0.3592989487000091,0.03200427841845953,0.40089924568183843,0.1943641611728993,0.33908497538470134,0.10806628739144306,0.4209388134228309,0.24834866349774692,0.17657946961341822,0.018493059896532445,0.0
0.05918308298021516,0.7717247645415781,0.7101819198846099,0.2188825122251609,0.7409099746122979,0.33018449533816474,0.8427206999394653,0.4214092540586521,0.2062518171142545,0.35708325699741006,0.1619911704357458,0.9002488808343169,0.2701391676719779,0.3695031203271956,0.06817657071612412,0.4622841339931952,0.24469205303839373,0.39131382493081596,0.05755762620132283,0.397317915533532,0.23149577134390958,0.18661012926509027,0.01973489168645918,0.0
0.03530890027176148,0.7903369732924959,0.7159907480297337,0.21518074391054048,0.7671640839429033,0.27977343419712536,0.8505880011697615,0.3668278274287307,0.16288459578412945,0.24170470339631592,0.16462639966160475,0.9253433676507672,0.24346276135235995,0.427319244583454,0.018325306641376302,0.49832409652061965,0.26841520387371515,0.3966283648073394,0.12540750836928774,0.2848791287180969,0.24658929563553206,0.17588217656479382,0.012271222359156795,0.0
0.044497312484068206,0.7856872536056124,0.7036895082228313,0.18881351510697894,0.7643572584496576,0.28709730560766733,0.8961328352655776,0.3936823750403574,0.14495732669012956,0.22258195312487647,0.1580355409423842,0.9453794312549431,0.24934377903779978,0.3955861896873958,0.05237433127062056,0.4407214739812014,0.24888795752614584,0.39489520093642083,0.082221441636429,0.3183692146091293,0.2514970059880226,0.18190695857722686,0.013818775567535812,0.0
0.04179803023676444,0.7905404473671709,0.7193559767568841,0.21319211540911512,0.7686160526688824,0.3064722527150976,0.9007692263553017,0.3957993462035103,0.1803519791512683,0.28549332887115,0.211338987622435,0.9578567603969965,0.2718493036314528,0.47276469177002817,0.0531689624901506,0.5040390419029631,0.2715871353629418,0.5164364051683118,0.2606251563071433,0.43041561604032386,0.22455089820359236,0.17378887211293015,0.01590653230265389,0.0
0.07631746491516503,0.7415070258310951,0.6971932655041891,0.26583894724833024,0.6823520372420301,0.4279326889331907,0.7631729562675449,0.3391588581806708,0.2442563319268097,0.2336504961348535,0.25883600519690664,0.8944176497968471,0.25980502814377854,0.4179941277561227,0.007692581857217885,0.45071532906993816,0.2700132392187203,0.40872411625178323,0.1272791936577433,0.39379848346196794,0.24075560219766542,0.20009164459157253,0.014330033639164392,0.0
0.04457841186328907,0.7839488373019461,0.7077436650274461,0.2603578994151004,0.7643055922303299,0.13346481974002644,0.8942629230439006,0.4770530742296395,0.15144295793334211,0.25442309882093894,0.2465294654268441,0.9713612204995895,0.17838901977652108,0.48905951337979753,0.14521828073144102,0.36766135760516916,0.20215132557376805,0.42998474598485914,0.09260160383710969,0.21055451516370147,0.24677449225260822,0.17450834522667205,0.015461466027965644,0.0
0.08983658397786572,0.7336789430379844,0.6897139073785596,0.3126644574167844,0.7012199305710933,0.32299003460903186,0.8130166994678235,0.4445119007492865,0.21526403916342576,0.197607900011909,0.20292850719410027,0.7896088474810837,0.24604461542795894,0.45232756946913,0.11230829919209338,0.3362670707085446,0.20053131558137943,0.4537908057641602,0.22708743108613236,0.31384156369397004,0.2440274090993258,0.1976074246035059,0.02421186848342129,0.0
0.0488740248004929,0.7685376679848562,0.7230351156618549,0.2648380236979593,0.7290720087272975,0.290319112255301,0.7975177148843924,0.43290357193412105,0.2541364010973993,0.2681071335405126,0.15653268030036427,0.8706570066583198,0.2880550302800384,0.5273848127300956,0.053634159492234476,0.31526458149333925,0.2051454598872179,0.4443716402636405,0.20308897757513503,0.4307635349709873,0.23072411877276236,0.17827162973270022,0.01753419983266315,0.0
0.034325680888771117,0.7751081339067791,0.7217037051592718,0.27512176700443775,0.7641457319351106,0.21614417928826413,0.8339319500024959,0.3749952065496398,0.18655331518007312,0.2366363311962072,0.1456823414582274,0.8774951998970465,0.2414507570665292,0.5045657734313739,0.07649806570239419,0.33649899852059745,0.2312275435496119,0.43001867140986294,0.2233729668457225,0.4236302141630849,0.23486017655410726,0.17594892121894723,0.011125436852096536,0.0
0.06129962932446285,0.7375683928765688,0.7271692043936231,0.3044986326573436,0.6961125541803048,0.30820929477489645,0.7408682711736304,0.4211160923241196,0.2971065532061227,0.24623656102689626,0.161195383922692,0.8386371336133172,0.25428327437679094,0.48123980730360105,0.06752593257565793,0.26169552940444935,0.2056350793346796,0.4211847450699325,0.14458505599183188,0.3755501912366654,0.25032409407988043,0.19608951303004765,0.017793297538735677,0.0
0.040224112466212686,0.7691442597481396,0.7329444043729445,0.271087618644811,0.7786476032572036,0.21690722956486105,0.8065282706160689,0.443183343500269,0.23878288605476564,0.2523160142493787,0.09257544413639913,0.8661272754957772,0.29785862155991305,0.5692555808284627,0.12644898307181854,0.3446009814021225,0.20804012600991922,0.35735655738569855,0.22431675873248808,0.49212788787084866,0.23377986295450237,0.1795755976576522,0.015271430742497608,0.0
0.04276001632774061,0.7632608252651062,0.7208849468214312,0.2785701399081308,0.7726502754835838,0.22567739400561898,0.759717498227661,0.47356492027111685,0.24550301778305292,0.32671581492922847,0.11078248242415262,0.83287563237166,0.28435924147009756,0.5729332998816126,0.16769647530550913,0.35393298359681175,0.18722047672579778,0.4888687305140728,0.23455760271492437,0.4509751483646901,0.22668065929995634,0.18307070951645907,0.01225172604021503,0.0
0.03070186571834954,0.7653649739605279,0.732521805692995,0.2714802530824618,0.7881338351694066,0.20936454534839513,0.780952864085097,0.39121778404347096,0.2333336932407568,0.32510822715015436,0.10638425527539916,0.8098335012825763,0.2753027404562133,0.5349391556089049,0.14700662731946426,0.3646807585889481,0.18390026699956064,0.3316457260438558,0.20481166618446423,0.4519775322530528,0.23612568677078835,0.17816692171814513,0.01200623987462104,0.0
0.02863958223147144,0.7716322206100239,0.734771250932883,0.28917220390133175,0.7800672013302785,0.17104664108137307,0.752106126760488,0.41544461969426155,0.2851619763811567,0.3667439033174401,0.06420767722411498,0.7655433978188858,0.2726344320139031,0.5647761653661854,0.1402158929497098,0.36905177442221954,0.20986746477505797,0.33142536425697194,0.19612430550590867,0.4902393769705872,0.23717513426754744,0.1747937332912327,0.012468697344226553,0.0
0.0345185499579,0.7746328503377701,0.7416719775811198,0.2996688927706524,0.7748767845519089,0.19903521158215584,0.7687035781367532,0.45152238388002347,0.32021639424794507,0.38923562316006255,0.07451845620361458,0.7449502952197669,0.2586746237623336,0.5985143434765431,0.22556463932595294,0.45393075841864616,0.15711571613869496,0.1943002507559722,0.14770595958326355,0.5433727331895022,0.22918081363047108,0.16956746131944828,0.02064892217770031,0.0
0.024634157618461525,0.7708474358129697,0.7486287038753623,0.3232324239629852,0.7803258947849716,0.15185129001047815,0.742222972407877,0.432218750613168,0.3306500923691551,0.42436849473487204,0.07966297092647455,0.746397219227936,0.24411125934733552,0.561695748758218,0.2118830724109878,0.45119054442361367,0.15508366884965885,0.21541316018467724,0.11625705269444479,0.5244634818036941,0.23072411877276236,0.1663676767856877,0.01761378787330779,0.0
0.08834818918903778,0.8134907295189089,0.7481545987642471,0.21728591094657687,0.7994515152805817,0.30034863801138,0.6748819612832095,0.5014681958004599,0.43701278210762384,0.39564715492283614,0.30996058786851366,0.5897846512441468,0.4395171246116908,0.4937964111289014,0.4159759857803869,0.5432305626825331,0.1585010809475883,0.6240348151592892,0.27629685568743784,0.580126022912694,0.1897030680906214,0.12662058768395637,0.0928252996099731,0.0
0.2035871630867117,0.9523388027205465,0.6545335486854765,0.0860960303215051,0.851828409343396,0.3302556164864504,0.533133738585926,0.4631231144848184,0.5779455169429449,0.6847989464560532,0.34589896035543655,0.7580173761004777,0.5050734494088116,0.7717623215494189,0.45147743493550246,0.5484800720927179,0.2734774487079958,0.7350441262606454,0.2664460665831652,0.5605165768989856,0.15948515340453082,0.08714450254140498,0.20981275807054922,0.0
0.18170330659775472,0.9844054282225281,0.680730883082482,0.039504134373834876,0.8641711098023659,0.3852202941471953,0.548305803364796,0.3756820862065303,0.6417342065049143,0.7177211312882177,0.29583769417643174,0.6737518078967045,0.5754853420281789,0.8115777795403637,0.42545936106991683,0.6483983444545732,0.2777073784562127,0.6228917870527411,0.15708725300245213,0.6253868984789692,0.1589295635533055,0.0716302912687075,0.21594158740175784,0.0
0.18450462660946,0.9441350283377489,0.6869004927307569,0.07376349753861974,0.8331040098040727,0.4370430425468879,0.5585999687298515,0.4716787533393619,0.661397169841751,0.7576538849296204,0.3439463772107517,0.6755475038641757,0.589826817430493,0.7342067636723929,0.4674430939207881,0.7405894033051436,0.2656806893862073,0.6813226822565486,0.18426055139353062,0.653601744658985,0.1310266065806518,0.07510641387227823,0.22313106432700994,0.0
0.2606628418345186,0.9192025593606501,0.6125494221907033,0.09548763494619322,0.8055593622609455,0.4777181098616342,0.38232941075269594,0.42971229622998436,0.6790026925506298,0.6776290470079156,0.35350744011820917,0.6734604677092623,0.6093802593061332,0.7258474308695948,0.4193803247276569,0.600082347779606,0.2705221624318846,0.6504371565805019,0.15540366537508682,0.6575194605379562,0.15519476510895708,0.10770601751325311,0.22172441089598482,0.0
0.23160478680626753,0.9535812509671914,0.6411117956914801,0.07070612426347475,0.8533287528697042,0.45048597588299094,0.45560128945945655,0.4694785160102581,0.6876478225921901,0.6850024873112021,0.3135113867540564,0.6734889991248327,0.6170411494978915,0.8049103723719703,0.44396654980343714,0.6858458650989708,0.2884139874200207,0.7209684805816188,0.13749763522939112,0.5298990394689147,0.13176739304895332,0.08283000192092525,0.2496910311885286,0.0
0.22029451992670956,0.9496450695075407,0.6506218977367864,0.04452815964518107,0.8538162452395613,0.43074733050006925,0.4248670193520986,0.5034766365232741,0.7240871741717628,0.6706131175029805,0.34063851954612445,0.5974206787868128,0.6394857589584234,0.7161931193901857,0.4449997112677398,0.7263092844151126,0.2687686843046967,0.6728027378444538,0.12773224886394227,0.5994700337418468,0.15250941416136776,0.08228878249502318,0.22795682189716027,0.0
0.1960567170925129,0.9979321640724232,0.6413401928963459,0.037397706199347965,0.8963673476962281,0.34800085531680885,0.49360579290925266,0.36260782421096927,0.728590348514545,0.723856954606185,0.2475423722857346,0.763093569957364,0.5796980521455537,0.8057146957512847,0.39155518220789787,0.6022596292805098,0.30349800057291043,0.5975564082870984,0.26180770937156334,0.6300962028109564,0.15250941416136776,0.07744498654691581,0.2257743824253787,0.0
0.20376263265266228,0.9870456882035604,0.6379900046146599,0.046276307727590865,0.8814834905912626,0.3818358217429227,0.5049554654283323,0.4214865927928615,0.7419939882257642,0.728867321595133,0.30214634465931633,0.6798244491443682,0.5771816028739986,0.71024659989129,0.4573392953104205,0.6326362033249476,0.315776752519268,0.6829877906432715,0.279532739394149,0.5753991932414824,0.14713871226618921,0.0739277090412693,0.23337804249923988,0.0
0.20424716458015274,0.9716973384426567,0.6628193206323861,0.035494951884648844,0.8275818240299389,0.41961999136765316,0.45597705934975663,0.4429266056754549,0.6957008958792074,0.7169997762054793,0.3754997544081419,0.6332689881784483,0.6582933739930567,0.6817140964786119,0.48961154025191633,0.6467255851578746,0.28056699400368074,0.7033349479784098,0.1827676423501574,0.6307686189572445,0.13031668621519768,0.068104635310672,0.24933430835659173,0.0
0.22139629185677914,0.9529688369035781,0.6435234223385922,0.08664079542337531,0.8514404748491224,0.43949703654895783,0.4597765499581245,0.47863660100577937,0.6781430111679907,0.6428242231027912,0.3556743579541581,0.626945774692746,0.5967694505192719,0.7962753253250784,0.5120573326758552,0.6414139884103158,0.2793580339677922,0.702387959423844,0.22397088925440492,0.4930868678816924,0.14337304771899503,0.07989330728068458,0.23272712858716418,0.0
0.2265253115055399,0.9499741826945918,0.645567362120799,0.05973057645354093,0.8355986638330231,0.4847823331900508,0.41246138266156085,0.4945282642930728,0.6852271015390085,0.6566965858924279,0.3684098885284304,0.5423829632500332,0.6603030544793647,0.6540413180702347,0.5389815174697106,0.7551176211925035,0.2995206273711195,0.7787610925199947,0.15251132831584716,0.5877171809237239,0.13025495400950615,0.07917010485457404,0.24833848901326508,0.0
0.20638317477541343,0.9710915127715222,0.6572329302703405,0.045335405025706876,0.863342215751785,0.43681698721407564,0.44868397513561104,0.4468204626851351,0.7044444217166222,0.7001767540391874,0.3289001997386306,0.5768477449469764,0.6618364688693071,0.6572582195023899,0.49436894701756773,0.6973939220864017,0.30169858581245373,0.7228063002229067,0.13263409249459876,0.47840937990223253,0.14899067843693972,0.07615911233907285,0.223340619853279,0.0
0.2124328935584561,0.9618423290427061,0.652918498083995,0.07130600578652359,0.8247201918808899,0.4767052855588625,0.5149142815561525,0.47184589021748324,0.7091647613050109,0.6645812171699331,0.33137589666991724,0.5637972049084821,0.6627545952924052,0.6622064903302637,0.416627661976006,0.5906282989035869,0.2813074548105174,0.654320996532511,0.19248156511294248,0.5663770503357061,0.14408296808444912,0.07226586978153521,0.23994861296608538,0.0
0.21202415268718297,0.9565343829817231,0.6555727110354677,0.0829040889027874,0.8099970103767674,0.48238339170747907,0.5038486707622538,0.4408109501200271,0.7336950203995618,0.7210054370534228,0.3692216389849973,0.5845481526450356,0.6550504779172913,0.7188893318061913,0.4640411647444087,0.6614076757457726,0.33610801020200853,0.6558839924594853,0.15897943081874874,0.5811137313768089,0.1278473979875287,0.07129965682260929,0.24928273281840319,0.0
0.22899456642268995,0.9247783312367945,0.6391363892598324,0.1271868637016446,0.798947867780777,0.47948298092346364,0.4430515907177321,0.44461649516191803,0.6911521453199831,0.6626670969457954,0.40093861981825873,0.5863945164711922,0.586941989531678,0.6955301560702347,0.5074371345573756,0.6817690991202826,0.31318392134291423,0.6410225222655709,0.25993390772632824,0.6498392017368496,0.1430643866905358,0.08982914088879664,0.2294798312733518,0.0
0.21607705730039128,0.9734342225620269,0.6323933508039796,0.05494932033395417,0.837945022828006,0.4259816779439719,0.4634387322173882,0.4141069086079054,0.7233969657796676,0.6572113368653334,0.3170729532659285,0.6163234179936165,0.6067500566637645,0.7206544989377471,0.4346579385135743,0.5476959691062049,0.29246305670636236,0.6472005160978246,0.19769642307314103,0.5281111928068539,0.1561824804000247,0.078879654434323,0.22684077126670932,0.0
0.21349573778649966,0.9755517012608348,0.637248860651055,0.06184060120805391,0.829487767005697,0.38173002495947095,0.46159801833178166,0.4287470316754382,0.7055802461392401,0.6996141086653449,0.3368607969534599,0.6627480279846784,0.5728387374221883,0.7432516180684411,0.376178619521872,0.5637280524597154,0.33446548758843814,0.5812567690208122,0.23092836054873517,0.6207583744956326,0.1521698870300628,0.08320750785825277,0.21956651525641133,0.0
0.1967240912567922,0.9893243526904391,0.6460365010470912,0.05471098852118793,0.8659175246444548,0.43927999362098724,0.5821139219545238,0.402291216840999,0.7397990322161726,0.7374230747180931,0.30844069187737544,0.7118905627594334,0.5416046834036071,0.8302568706585719,0.4580389074100636,0.6086528099768178,0.3310080945436419,0.5610337369373466,0.23018877128196769,0.4952109553745408,0.13781714920674024,0.06848866365659279,0.2333569434154411,0.0
0.2095519487016976,0.9778266885054004,0.6379701871723656,0.05548798993331272,0.8712958240742893,0.41514484331852675,0.4674268694666296,0.3870255266183881,0.7449652591220866,0.7428269043525954,0.3112294535264194,0.653942704324578,0.5487798318116254,0.7879443010666825,0.41925386736599707,0.6729658407019393,0.3117475376306343,0.5275408501397878,0.19829790715542808,0.5385495305313767,0.15396012099512177,0.07947877018094654,0.2174365125099566,0.0
0.22994210207882312,0.9392234583544647,0.6316005112212161,0.13606934206290258,0.7960289226660447,0.43983082155824993,0.45714169211111233,0.4111387018223499,0.7305277989012388,0.6615835740896794,0.32917731879834294,0.6760381950198935,0.570863710878278,0.7886916936891106,0.4094201855357683,0.5755077164954853,0.32180183754128,0.5622393246384729,0.1405185538676033,0.5191053304498526,0.16538057904808892,0.09377895741469258,0.22296772584147237,0.0
0.19988224853706926,0.9730721674125856,0.6510847934593008,0.07820209767026862,0.8421920706069512,0.409523885597511,0.4742816739614266,0.41515700251219834,0.7192910369948389,0.7335089389526662,0.33023356401395243,0.6997731352883594,0.5999323672813652,0.7833198141164718,0.42731670125220833,0.5965203058559213,0.3232080377589252,0.5795741497942982,0.18451828235451392,0.504737926322917,0.14929933946539894,0.07481524233643558,0.22834579140139968,0.0
0.20437456433223788,0.9776461971951834,0.6465224777047837,0.05697681058319367,0.860254623159002,0.42479238982288503,0.515457319827351,0.4356302049291989,0.7386909333252236,0.6831179854482315,0.289559578753287,0.6498784533686497,0.6051608710852756,0.7031753450672985,0.4194613301029799,0.5760705707545619,0.3017444085218594,0.6325411367811625,0.21342704492328593,0.4906881894429551,0.1546700413605775,0.07643561399026481,0.21900248555340593,0.0
0.19297818465728903,0.9874183154246531,0.6507335659498095,0.05143740006499543,0.8621189251549514,0.40936590070230156,0.5312194448934218,0.3665501449562062,0.768512211346899,0.7484076576427628,0.2816251774054982,0.6948727416838787,0.559066773392236,0.8129669370586003,0.402593712410036,0.5507151849441594,0.3070845073292917,0.5121721064108637,0.2638885268427596,0.6028413848863735,0.15139823445891715,0.07047803524794508,0.22593762522347924,0.0
0.2340236126548839,0.939422948749968,0.5940895456391352,0.15484526473456367,0.7797079535153508,0.44407210119491447,0.5407124079166997,0.32131820409426154,0.7525079330423528,0.7120548552389008,0.28117866911964806,0.6876865143672871,0.5460164732004859,0.8338224925809106,0.3793850235955266,0.5984774965081601,0.3607239997579751,0.3962467951305947,0.21162661891615175,0.6404941339823321,0.16269522810049966,0.10182226089732735,0.21031607408342926,0.0
0.25134437570862495,0.8964992653176289,0.5986038549403622,0.16969456277672798,0.7709960807664665,0.4449711991952458,0.4574915643468106,0.379456458254437,0.7389916549676407,0.7254386289064462,0.2847911273977538,0.7090507030682479,0.5879786071692769,0.7851037229159282,0.3867192539846107,0.6706605666557435,0.32683415837416974,0.5603319878402191,0.2657254470997266,0.5748050023476584,0.1526328785727508,0.11339929486294435,0.21802168914049988,0.0
0.22036588738042392,0.9483218751484309,0.6326352749503638,0.11579738222689263,0.8017209637784124,0.44506614383229903,0.504528204907118,0.4039615665300139,0.7235020352357868,0.7366269596629327,0.2800096584641208,0.6854223251773331,0.5651015002635849,0.7799679569920283,0.3811912395615388,0.5295773256182457,0.3092081557334146,0.5895907301895857,0.25870928561860723,0.5795159773194594,0.14414470029014068,0.08781500548541628,0.22510236942950415,0.0
0.2109757588939824,0.9547282441321172,0.6658123219827932,0.07656308477267575,0.8286693209456991,0.4804223669351028,0.44913124286449796,0.4114284780980538,0.6921137221008108,0.6625431179217622,0.3949773993879091,0.5630183710515497,0.723540351439144,0.7163174103676854,0.4064893480318051,0.5794201575706702,0.31324428833218376,0.7049528443346449,0.12587728795589098,0.5785245672416391,0.14216926970800547,0.0712503091813128,0.23446993204731284,0.0
0.21125886945417158,0.9724896309427683,0.6467328547532911,0.05653552889752799,0.8241365538404662,0.4373017241824992,0.5003733070741272,0.41614948316178324,0.7331996503327566,0.6976382679988589,0.3405105937168971,0.6402114071701752,0.6097983852921088,0.7530248881679554,0.41776040258818853,0.6539660514687995,0.3268184748556743,0.6748153150821853,0.3106599600524753,0.5693323794089188,0.15031792085931228,0.07692430200161722,0.23176987128817242,0.0
0.19196311533627738,0.9800333403303083,0.6670779896577175,0.08403121971589124,0.840358085901595,0.3788992449002015,0.5479569467233958,0.4036478934058949,0.7095343627173962,0.6958074351858579,0.3144659555777591,0.637442876017916,0.5738338650857836,0.7433270552421665,0.41890923305524075,0.6273231670524296,0.3195027337296787,0.6466638483233998,0.20956528741286481,0.5413860803895827,0.14815729366010252,0.06874976356208654,0.23139563765198098,0.0
0.22456477087622978,0.9432143387935275,0.6347765519551041,0.06574153598022166,0.8146601659887547,0.4561244577245322,0.4798183893964237,0.42664887629366605,0.6656635648886363,0.6996768225956989,0.3281359661206417,0.6403051181126957,0.5899383146852651,0.751693916078933,0.41363005528167357,0.5646416813985423,0.2860570609187605,0.6684961528937545,0.18549918791260891,0.5453006515347864,0.1552564973146486,0.09988937227826546,0.2128465766724573,0.0
0.22421294702382802,0.9450118974110682,0.635863342382399,0.10946665403971259,0.8109637514707326,0.46217732388584903,0.48183921893079956,0.41501183944975617,0.7288630462095902,0.6764885434751446,0.37194820553867575,0.6313715875528874,0.6229103676964342,0.832014039254036,0.39315957059347134,0.6322127639287747,0.32736641699197205,0.553671992795158,0.1308562495628562,0.489150381873047,0.15031792085931228,0.08255998938229038,0.23540824323022813,0.0
0.22470042801965376,0.9454363124614081,0.6464740928755067,0.11736236162654635,0.805944820641844,0.4583621656543353,0.498494863860346,0.4371685821785205,0.7481433049718145,0.6755022789552443,0.3431131986420864,0.6304432712148086,0.6223097444838598,0.7309654745468607,0.4146871290878908,0.5841955625649196,0.32907036988420146,0.6663178511973012,0.22498929562226438,0.5963148830438297,0.12189024013827904,0.07600588547156381,0.25948732144809994,0.0
0.21979140886870668,0.9484510382846888,0.6357301540351424,0.06941873544946921,0.8107943490800675,0.4726047228634278,0.4794801964951536,0.36509247462717354,0.7114412119301932,0.7554638648072587,0.3083813895771432,0.6613479594477694,0.5836009749692668,0.7695199084310729,0.3819658882193758,0.6335449191025005,0.3067491344634496,0.5908130978941176,0.18606869436014148,0.5832113998302466,0.1650719180196297,0.09636149329384475,0.2028565671603956,0.0
0.2193664481215894,0.9577690170884517,0.6533224144496099,0.07806239155523015,0.8253991300897517,0.4645948956626672,0.4366588308488596,0.43646624916874566,0.7041332283959035,0.6525643381144365,0.38505829951242776,0.593685215501263,0.6280879735224477,0.6874581432305651,0.44541493332889204,0.7285227730981442,0.3156632273896258,0.6931944177321822,0.16677825716986835,0.5691702290740367,0.14142848323970564,0.07728025434759914,0.2421816711015008,0.0
0.28161951123885604,0.8445007607295036,0.7369427034225486,0.1059512539628065,0.7645251208185895,0.8247050463458844,0.19820348477824717,0.7219153557616962,0.7129999999186138,0.5503725474396091,0.7031660966670075,0.2608354463208504,0.9733933133063553,0.4145206458328768,0.770919704214155,0.6323874471531806,0.36216482966547014,0.8405099849128866,0.33012249318184694,0.6417921228448317,0.07997407247360942,0.050016113600659884,0.4229707734869072,0.0
0.2522388281347227,0.917566033312751,0.7313515360636731,0.10456923305616707,0.857147070676695,0.7263870917770678,0.33628647843337267,0.6821107429783038,0.8039511649755675,0.7195498943345402,0.6392494667754688,0.4257748833428553,0.9471403348454105,0.5873644625820725,0.6578154391601923,0.7265180155342075,0.3394784255418314,0.9494728956686014,0.23440948354958457,0.7278988970714388,0.055250324094078804,0.020518977363770157,0.4840686487637157,0.0
0.2505265990592452,0.9267059723011722,0.7150021934679401,0.14111207422126748,0.8565463414146821,0.7094878080327028,0.44615123529527373,0.5999653251119242,0.7792187428066556,0.775349562122838,0.5953845945570932,0.5636541173997909,0.8372029305029681,0.6785768667392892,0.6337139487674089,0.8629030226328812,0.3377836087105173,0.9713817918921315,0.2726878221475705,0.7624952270066196,0.045805296623246824,0.024746814298718008,0.49186004762412594,0.0
0.2829675303749235,0.9022650280466336,0.6810282866078903,0.20013269979031242,0.8461929262840973,0.7088857118544609,0.40273249708283243,0.6525669952977456,0.8363224594358788,0.6483448910662862,0.6713536803794881,0.5608658479190876,0.8202820714721205,0.6860683583761642,0.6716719554418162,0.7618599492794774,0.36167799818810425,0.902409195733499,0.29476054584454636,0.6980972378869728,0.06589912957589873,0.034194405159799074,0.49032804362715315,0.0
0.22645070007665669,0.9508930336176551,0.6178385036213374,0.11497016882089749,0.8322996353152067,0.4117470618978019,0.5336420435321293,0.42732863094154233,0.7308209516362825,0.7297382794133824,0.28276263516596045,0.7062227724602966,0.557004502841,0.8890610885816969,0.3860986082233831,0.6083995787600688,0.32573303360386874,0.5357226511731499,0.20501026820176518,0.5445795902880335,0.15454657694919446,0.08747688535136118,0.22219638926737786,0.0
0.6581757252346525,0.39047961965057015,0.5745610407076253,0.35498555470999593,0.5296374579633945,0.7965605635701271,0.1841251642787252,0.5808050329923271,0.749834752304522,0.5114066232089971,0.7291727400848811,0.22030075968657303,1.0,0.08577283844322287,0.9191172704298974,0.2559243506225079,0.5210245603393311,0.1920005279024717,0.6570317599339077,0.5623094354804882,0.1606889314155187,0.1790965373564606,0.5719484857974614,0.0
0.8688710277299475,0.4238927287129806,0.20553541061664077,0.6779455027043829,0.25390440260545477,0.5911170227234165,0.38765153111250283,0.4634301771839075,0.8122788892240489,0.745767090709858,0.49048474496216937,0.5570202558290402,0.6935579341974991,0.5733670244220229,0.6767549964015865,0.24409363821522026,0.5250522625722261,0.06848918610174129,1.0,0.6759460608057531,0.3186616457806024,0.4003197130119044,0.5746842379772725,0.0
0.4870342119729556,0.7433517757249913,0.371466429273157,0.44981055481801013,0.4639101683383153,0.6721925089729319,0.4734077550679044,0.37848327126562537,0.7644574744194669,0.29186599559012083,0.5967899305039255,0.8114264643251852,0.47820071587126034,0.8015556138177681,0.5599288031336699,0.7212240060263686,0.2840281655232719,0.60166265636787,0.34765168277463665,0.4654327179051133,0.1998888820297549,0.2118064351826598,0.28679278927087976,0.0
0.5387278410088328,0.6795476379080779,0.33624177694115126,0.5337667367960848,0.5518063576813238,0.5533262306112782,0.2256179294642339,0.5626766839964836,0.7376202991693381,0.5311320170953382,0.3689888225470484,0.8120269768348014,0.5837318296996752,0.8209728443499847,0.44366803480018735,0.6815109234482387,0.3865191222628368,0.312102020997218,0.5242314011598151,0.7140921072538312,0.21007469596888675,0.23775200201363617,0.3103128135333937,0.0
0.5184585994334546,0.7591769412392001,0.3343121303553739,0.5052069020239054,0.5895702572852096,0.42336632230586035,0.3313996417897352,0.5040305131331069,0.8350566885390004,0.45832077139635097,0.4490279907665501,0.689275296081752,0.7168688922179761,0.697496070774282,0.5371100152492619,0.5971014358231765,0.4258835238625557,0.3904875851638231,0.42643808378862963,0.729949754852443,0.1878819680227167,0.18567884079348246,0.33443284598197687,0.0
0.3944490963065866,0.8519215889364037,0.5433268597720026,0.143107895882745,0.7781319979415873,0.5767416810030662,0.0,0.6875553438059815,0.7015201919865564,0.3527402972695314,0.5375274329898752,0.28269032617752876,0.9886373986936919,0.27169682495830855,0.6974510541818495,0.4183387697997439,0.31409009706692886,0.6684395569240799,0.32724035076806973,0.5136419124089114,0.17164639792579786,0.11078240493701824,0.33925487174136587,0.0
0.32094681202430275,0.8659997579148814,0.6293131810856772,0.09813747366643663,0.8513018728931235,0.6149142405928775,0.07115238418632337,0.6793936474195347,0.6606294547530039,0.4965912850695377,0.5948374812849413,0.20979332802128256,0.9654320438248285,0.23171075113500122,0.7107114302185334,0.627492843233499,0.30028417674755725,0.706806771609864,0.35156769128445564,0.6103131740448153,0.11911229088215247,0.06983374280159704,0.36010492894929896,0.0
0.2533464982014629,0.941821430048892,0.5983771604274357,0.08123097855819417,0.8537165665779597,0.4552828458258849,0.3006515595999229,0.40863730547586846,0.771410885841317,0.6369486315492927,0.2829600416486667,0.6658308351390517,0.6710819196016692,0.7000363901535247,0.3812842567179165,0.6573939985131257,0.29384582025371353,0.6874064566620143,0.11528115412677958,0.5442478863908583,0.16152231619235752,0.10107647202895237,0.22415171456489671,0.0
0.2541459906271638,0.9465572584932807,0.5849055091002164,0.13186512684775764,0.877497159432817,0.44083093068519846,0.39523517685533716,0.4326293166629022,0.7707844841522408,0.7280720344466439,0.271244167788596,0.6936963742026716,0.6274582464129377,0.7690639134568393,0.43064478021913993,0.7006781982809881,0.3135018765158994,0.6682246617933578,0.2464927193455399,0.5839812044503944,0.14429903080436945,0.09190430416735935,0.2507586639667865,0.0
0.23576149862487855,0.9671300502709671,0.6098883984714732,0.07582116169301302,0.8743769244185886,0.4005894951129711,0.3441986689316451,0.4108405396269456,0.8089990564909335,0.6845797995601496,0.3070796317671664,0.6498630808387088,0.6608300831866646,0.6909334287452826,0.4211932509787644,0.6334702515687434,0.2766746586366377,0.6867155531768441,0.17302099348497632,0.5829067537465286,0.14470029014136598,0.0832465371703369,0.23804055727128964,0.0
0.23777984099356061,0.9634903464728354,0.6145523081783723,0.05285914683283182,0.8298827976785458,0.41638438665834326,0.43426537976650764,0.4344708162654186,0.7232238304145882,0.7198810570030761,0.31664615884320896,0.6998506743293819,0.597165601935003,0.7893018565256559,0.4036712136587261,0.6140129437507208,0.30864095413513876,0.6388244295198047,0.23822078401727365,0.5975351052608726,0.15047225137354106,0.09309305653134371,0.22403224877743272,0.0
0.22409616391774997,0.9688911429022329,0.6322944527805019,0.049737945939432,0.8224394800868526,0.4110112817144081,0.4582696619183062,0.4526250556728055,0.7325285405456466,0.6448992883838374,0.30217350479140115,0.6605104640165822,0.5977508835584951,0.6813376947801904,0.4196359828824521,0.7178993605448808,0.32522832557364145,0.7148527540093893,0.20397046598304897,0.6273106238458971,0.14954626828816503,0.08288127697872959,0.22683804417426234,0.0
0.2142232729448192,0.9948072741981696,0.6174488236522155,0.03168477237209988,0.8962763354314393,0.3595206183096576,0.4877283455872402,0.4241991801641088,0.7180797405280889,0.6431693773940728,0.21008710374336725,0.7517833847785531,0.5538860992484059,0.7641667705263344,0.4210670531308928,0.5647603483256199,0.3016428707142634,0.5724960871034125,0.1975181587283071,0.5343793842522838,0.15544169393172316,0.08610544436486066,0.21193137400988718,0.0
0.21196487641364337,0.996935631405488,0.6302672561356987,0.03726729514177945,0.8758637097143426,0.3513431766803489,0.46460580240505933,0.4090896183208433,0.7081914920543699,0.6547273477816457,0.2635216904694601,0.7025382229939117,0.6067592616172138,0.7514009500903281,0.40239436874728474,0.6104363814013598,0.32329893634352247,0.6902647869982252,0.17049953504673923,0.5695617484280794,0.15695413297117028,0.08018446521080069,0.22345295692535264,0.0
0.21956492042055534,1.0,0.6246474267958438,0.017085973793309495,0.8704401457241505,0.32553982325533,0.41577293098940254,0.44153069981850346,0.7086746270773565,0.6374345506723689,0.26042323903031417,0.6537073816362406,0.595594555529488,0.7034878368940088,0.3977032862912227,0.5912757096070106,0.2521838002038731,0.649627331398722,0.1810168474904267,0.5523687682534802,0.1714303352058759,0.08594662428479816,0.21205270570272156,0.0
0.22810040890342576,0.9547378968931893,0.6257117038519404,0.0673110928453631,0.814402287839685,0.4227604302051656,0.4715379444056572,0.43209252999893344,0.7547517207124181,0.6508400154947034,0.3039356991600918,0.6698971152689324,0.6189094617530377,0.7538415230194891,0.4197727837222424,0.5753620741224317,0.2745839658744865,0.6930387203486661,0.1425066387789344,0.46460101771774126,0.14571887153527932,0.08800686478913612,0.23250044500647052,0.0
0.23662262657878733,0.9544723693544754,0.6193178591346515,0.07215008108069294,0.8137453628826581,0.41459354962390793,0.415343233041873,0.42036954107658353,0.728582101389665,0.64324152946048,0.3217294963060279,0.6234523365185878,0.5912923904110668,0.723882221918732,0.3962967586324679,0.6186125389358136,0.32235124802959186,0.6549179729254474,0.15151736328786866,0.5614397528055814,0.16053460090128993,0.0924043258620018,0.21524900160307,0.0
0.24778602985524714,0.9547409612617839,0.6135844224048427,0.0813550839235092,0.831819994036539,0.4304962639972312,0.4483252672295192,0.4429683956525683,0.7338541844840057,0.6288868903371211,0.27427512067463194,0.6329196013179486,0.6157393705419323,0.7380049704775479,0.43900205103478607,0.6116695848811459,0.2895014349976386,0.6882907686881802,0.2170168505875342,0.5538833178965669,0.1576023211309329,0.0922291611085223,0.2336628083650694,0.0
0.22966960816464102,0.9730577648801911,0.633611626886592,0.042980042133701546,0.8551838147352537,0.4307407283895457,0.41921797918773074,0.43818290421937456,0.709209089601241,0.625015888509271,0.33514847651567814,0.6731444699837944,0.6785167469660668,0.7322891538529763,0.4303146045337273,0.6705030325547654,0.3107353367646357,0.7356412780543142,0.19137664620941144,0.6418183944748469,0.13473053892215442,0.07782780645559531,0.248106925372361,0.0
0.23601393887438057,0.9569689104484244,0.624758953117872,0.08201064237371483,0.8030570081233285,0.4138982088229627,0.413870672089331,0.39652896439932034,0.7588820653274837,0.616927985446285,0.27175137120196474,0.6831415951451626,0.632076425705295,0.8206056958599831,0.40062344665647054,0.5792867824537913,0.29974638649328805,0.6230951642020315,0.14365958865766965,0.572949609424885,0.1609667263411322,0.0931807123316041,0.22061424504403823,0.0
0.2380493858394074,0.9461008207911287,0.6228474922279469,0.11129726656414861,0.8311339898456066,0.4030472966814276,0.42413386182829427,0.41762623124222503,0.7219363836861995,0.682893001810295,0.33214650515125527,0.7392612293391917,0.6008904269583982,0.7658256041780863,0.4457064785332582,0.6246629562217099,0.31745637633760854,0.6504656007326163,0.19747776728489239,0.5302523470319191,0.1576949194394702,0.09413554852760654,0.2295690119813411,0.0
0.14405314097459537,0.8724674142704582,0.7043969294266371,0.2250756361947203,0.8229356992465319,0.36432506845352297,0.5773935412163458,0.4100084767560722,0.6288990487077094,0.5103760967286802,0.3081473945930288,0.6769222384717419,0.489767100859019,0.7053689827988908,0.3481773412867081,0.5747683013707515,0.26223303683171156,0.409804482446659,0.2528266396667719,0.5987085495631251,0.17152293351441317,0.10419847294478016,0.15690907799562293,0.0
0.05396618109506235,0.7313567645170627,0.7128697137048865,0.3990485644566111,0.8210939238429953,0.22311344633569358,0.5804269182659357,0.39642350850832614,0.4157274538255279,0.4133286076445568,0.09627602552550951,0.6853556698875087,0.26150379327840423,0.5264679609263572,0.1919084444252776,0.45740570908229483,0.15670318517197376,0.1660997741091912,0.032491496504268975,0.501313851751321,0.23884190382122342,0.1867078627955664,0.020055061910607474,0.0
0.07901822169663646,0.7232262285436741,0.7188404394752445,0.31223029882792364,0.7880428531011224,0.32980683598592236,0.5240276154307976,0.34060732789200265,0.3911829462289357,0.4674229015270618,0.22880986311904855,0.5283541768962117,0.29915051872761034,0.5065191022036303,0.23596795392132505,0.39095583655471794,0.19850323031114,0.3733450576776877,0.23763073342344196,0.48335403152330264,0.2418976480029618,0.18869590443189246,0.029808125362428235,0.0
0.04838300492266478,0.754301224368472,0.7174270632745806,0.3296866035918391,0.7546840195846223,0.19410353981645528,0.5883247888846046,0.27632460413991655,0.31701731687333806,0.4407174575411547,0.10222832650419815,0.6979307683199872,0.1785529491680982,0.5356678065634326,0.16555252068082768,0.4046481050865153,0.13742721689192158,0.15589631154182873,0.10787457643829026,0.49100338348785133,0.25625038582628434,0.19193055823946517,0.009217907438306954,0.0
0.03851129357706811,0.7279888702132645,0.7359917499744161,0.3921680733225895,0.7256409006984705,0.11930165087229133,0.6194149740137348,0.3164847937368064,0.3466950026845205,0.35277846958829895,0.10031999241099647,0.6937231224047691,0.16366903578592043,0.5265520631808482,0.12122749150603274,0.3958103763042015,0.15784108203366248,0.14600845335907736,0.06734567306985036,0.4490438396033128,0.2578554231742688,0.19504736382348678,0.009310556816544302,0.0
0.08713553228956077,0.7059594308241773,0.7157905398358639,0.3952073702799412,0.7285448079539244,0.3303550556819906,0.6503781082961715,0.3740218238030047,0.32056069136515986,0.31738553053675067,0.24489857181503621,0.7053416190440771,0.28534809713109743,0.6205227076172894,0.2058544188170409,0.47624963844457224,0.2141334450968625,0.2753631042965223,0.20779446459141537,0.655698954505415,0.2137168961046979,0.19047237261003191,0.042280530595536284,0.0
0.047079516718460404,0.7227746938312728,0.7475728456849657,0.3958897395994321,0.7077860397048858,0.2748746681886375,0.6654608007768078,0.3146696811373707,0.37280152743263667,0.35874572205275224,0.190482684695398,0.7870829563414138,0.20673048485710424,0.5485852855170945,0.16893924976389715,0.38320208571374886,0.2269397531371151,0.18408817162762756,0.14977869876577685,0.5279845517574288,0.22973640348169638,0.18343376401223993,0.02577700426165325,0.0
0.05259869810798187,0.7222995634806938,0.7364287742388518,0.3668911687729042,0.7429656016612338,0.2672387160616005,0.5945158517258728,0.34060925092473865,0.34625167902917015,0.3833628852973719,0.13615197432135098,0.6595213954401766,0.19462579058183793,0.5521615329457116,0.24717553881978965,0.4156387686215085,0.1548590109915009,0.11806186196417212,0.0851172371323572,0.3950615526765918,0.2449842582875476,0.19604441267223324,0.01594959165736924,0.0
0.13720245523168415,0.6691468644614449,0.8511805623640702,0.3788799712647269,0.7745998524084527,0.724594624591886,0.4300097857588594,0.7532441153975473,0.5161308743843244,0.4024008915593747,0.756020604309742,0.30173944261443086,0.7937823585205847,0.2034814471321037,0.7929330539834234,0.6935232272350358,0.2634016171872122,0.7126953542335545,0.3107142110518732,0.7049426026304748,0.10278412247669473,0.07726039629066045,0.2696513864406544,0.0
0.15811754277249376,0.6691427275638417,0.8554052248476127,0.42762586833177424,0.8484846296057997,0.907535544156196,0.46817993263867697,0.7895240049337268,0.6460398025236799,0.5693732539188596,0.8651557570904788,0.32375816289522075,0.9216506688298307,0.3780449295367076,0.8711304623128308,0.699184065255323,0.35807644082357837,0.8527942336778169,0.49562088358927914,0.8302047518139258,0.04521884066917574,0.033753630832018225,0.3694379005521677,0.0
0.08432448035234898,0.7536037740763614,0.8625827335299922,0.49243474571887286,0.9438305155520927,0.6715449199449269,0.7796055766892266,0.7293424306126696,0.6166805533961863,0.6501564750491785,0.727062385768587,0.6610074886546357,0.6924455336220654,0.519064257143937,0.6583829031315339,1.0,0.343828010156439,0.9388238494655092,0.42418149256319976,1.0,0.030125316377553342,0.018017421542488418,0.3651234967411034,0.0
0.0994416995459509,0.7530880408419046,0.8337955100992231,0.44625493843717623,0.8577848510498214,0.6300057752165574,0.8023834271666295,0.6456274956090867,0.6167162412013826,0.6551651862247838,0.6390958807820036,0.7400846435329529,0.6311490492064267,0.5710633676106628,0.5964873260950027,0.9178205243009803,0.31800441973956245,0.8365565693370008,0.41611005623056724,0.9075333620628785,0.060867954812025116,0.057576066192846616,0.3206469629770665,0.0
0.02848534595753504,0.7483971053974257,0.7355064354747001,0.34009122935425856,0.7653724951299702,0.17691448513295532,0.6312166875549023,0.3112629077363528,0.2723525772848517,0.41035030653391225,0.10956879415490024,0.7068354600136262,0.20886995969928115,0.45362897834142235,0.17539736160394992,0.42519478906447966,0.15719523499518293,0.0866544460254108,0.05715799609919313,0.5149133020649617,0.24878078893758754,0.18629101108723503,0.006803784716325078,0.0
0.2647658806094271,0.3336076964681621,1.0,0.41933743288962666,0.6268703687753295,1.0,0.1853058942097058,0.7808709103498257,0.4937323342990518,0.27211196648178476,0.9069596366576643,0.0,0.9523275742869214,0.006024306732704289,0.9367307852017397,0.28946117678925953,0.44389282650547535,0.29802249457698576,0.5535057514576407,0.41254707498566895,0.12744613865053384,0.08730316076966788,0.5890206587540676,0.0
0.15436721257048763,0.6821822288072099,0.8589379322457985,0.5204360362838873,0.8552129845586731,0.7571885339667758,0.6006717750044267,0.8875031446504582,0.5915717340754733,0.6367765718453215,0.9181099958543186,0.5313104373841108,0.8967051864639016,0.42097907164162574,0.9132994184958693,0.9041737025109678,0.3402105445902431,0.9377316875713754,0.5344784458095232,0.992304312348847,0.013828014074941357,0.02343131860505002,0.5144283644600203,0.0
0.114628516752266,0.6937702918657869,0.9223761663645029,0.49584140763602985,0.9297823769077421,0.8290070607417922,0.5593168767448862,0.923101083020831,0.6574679302817361,0.7265815126708973,0.8818009371169488,0.36809850378675846,0.9165060128735674,0.4224995384606974,0.9080560860643001,0.9867397845436156,0.3607862243391245,1.0,0.6157326079509717,0.9951124285725728,0.0,0.0,0.5789316605698975,0.0
0.14065139064982218,0.6631736439785924,0.8867624725728526,0.5199102816764407,0.8358922946435092,0.9001782313674818,0.5997275769854754,0.7868538682222469,0.6519763217448659,0.663433365965454,0.8915088662958431,0.4556289513895265,0.844736665994626,0.41238821258578817,0.8159641704883432,0.8149180228164848,0.3706703488968942,0.8225000715712681,0.5037713864950112,0.9463689241471052,0.02034076177541798,0.02445219993931419,0.4590621198890599,0.0
0.06466628573604592,0.6820329940566572,0.7634947180099226,0.35081898681304596,0.7303590441452886,0.29877309731482965,0.4782428979617683,0.4603435495098944,0.34674077558403954,0.19445894663863456,0.3405207720701438,0.38331398796190763,0.42152058329398534,0.17631169430600754,0.3912870303178699,0.39103852318131893,0.09184840581907903,0.4371314195955931,0.029250476760983052,0.39790694709851876,0.24634236681276597,0.18706406712876888,0.01509928901111425,0.0
0.039711564389536845,0.7371810566862225,0.7259721173662562,0.3455099676062576,0.757614862122157,0.19013095559855944,0.6182380017816571,0.34277052093181537,0.28756277140399517,0.4324133466509483,0.09270406637926967,0.6906149813210527,0.21161032848795752,0.5044955509895123,0.16501792227709422,0.29798139643599053,0.14334616917718995,0.1258390573579261,0.04955712653464902,0.4776900384317586,0.2519908636335564,0.19633793812548464,0.00710543941796608,0.0
0.03936888264897452,0.7160706214386292,0.7358112173318455,0.4055192323029871,0.7374524446419679,0.21838277215704388,0.5715261482778847,0.3502387509863718,0.35106258100121235,0.3763828584826811,0.11660348264595832,0.6767615647887983,0.23690946620886688,0.4762707559652936,0.18892396171394962,0.29311538547198773,0.15077132151554687,0.21456524381049752,0.10710262239833293,0.451299367140346,0.23930489536391142,0.1949404415854364,0.008650672205566905,0.0
0.028876392418796352,0.7457124120717734,0.7429523546225203,0.3487331105244223,0.7810436656987169,0.15273627556291783,0.5722742350378712,0.3585867512448862,0.2711879286182043,0.36097605476198735,0.07920569501429497,0.6580217743993695,0.23621309343149025,0.5096093209391606,0.1761160665037264,0.35511756399169614,0.1617583667267383,0.2516980283372109,0.11822996177911274,0.4744496523455873,0.2530403111303155,0.1870860624394622,0.006764768156582319,0.0
0.04678313535076235,0.7299280026598726,0.7264111754016196,0.372737619795016,0.7342664114442709,0.2519830201635209,0.6067744811417594,0.316142712697959,0.31814242545935195,0.33524757816278233,0.14963406032113083,0.7417303036081997,0.21555099613304532,0.5296422427078683,0.15761406804597053,0.30946509140190664,0.15348569679568883,0.19144909723306464,0.12173475184297253,0.41290434622352606,0.25591085869498104,0.19277067316987073,0.007705686822668973,0.0
0.03757938798311204,0.7308968027910264,0.7462831038378988,0.37145462161117215,0.7409398389553223,0.19742457606881883,0.646829114021432,0.36987038188410537,0.31411215861955716,0.38871094248151766,0.14566664536611534,0.7258695421162461,0.22245046972194976,0.448253922879453,0.13890638637435102,0.2941108502312237,0.1661205620800877,0.1942630877257817,0.1297112489266587,0.4610474521817434,0.24248410395703449,0.19019284912773074,0.012693275800936786,0.0
0.8344716201327937,0.23545734935180954,0.20138758210686195,0.648256248386356,0.22691481211117104,0.6867900897267574,0.3248032552640918,0.7516665837047497,0.5785647295264514,0.4273886982719198,0.421947464118296,0.65870462217935,0.4796671912982507,0.7116830428728911,0.5255468964609359,0.5614215266526854,0.4908325467312522,0.39489406083165984,0.5234571630030896,0.2748967712477908,0.6860917340576577,0.687534964891141,0.27884642457724973,1.0
0.8607315991245084,0.1623182254854344,0.17067421206819094,0.7714568636350845,0.23449547850392313,0.7448914801661655,0.49615909853412676,0.6650593383752688,0.7041795370872528,0.4205126229014407,0.38612777658725805,0.6934652328424783,0.5936412553830577,0.7007426922572085,0.5910973359338655,0.3060833812733919,0.5978658769295696,0.25317136982416893,0.7387091849626141,0.44144791535516664,0.5018828322735962,0.6683786140867553,0.3334211425211325,1.0
0.8994375312117066,0.158414832769745,0.0016430170630846858,0.6669740652716217,0.08115053209403433,0.8475854929065854,0.24454459558349514,0.778665456650486,0.5032208685030934,0.5672185647136974,0.19554593330312467,0.689214051922467,0.40097174302082494,0.8237690384671338,0.23610579281626826,0.6231635970945623,0.4516297884573101,0.349921130319148,0.39915322500511674,0.39483379697136917,0.9470337675165138,0.8500009774444333,0.110635557750098,1.0
0.8520566197093781,0.17103114471021044,0.13790451043375435,0.6563873217751554,0.114275705058134,0.8010489973478379,0.2554367936509918,0.7306637498601056,0.5300935959149169,0.5776004315816318,0.22347201325478103,0.6412474541980806,0.45778846086325364,0.7050368867170543,0.24247277824325758,0.5278913445977362,0.48761699506064105,0.485997508224026,0.42056463882693956,0.47907969955934254,0.7456941786530035,0.7759679169322475,0.1406097486905313,1.0
0.8816446223174833,0.15019451079653678,0.0883037876606144,0.8095095210698284,0.11899991800237165,0.7910108900124716,0.39342447378123985,0.826240572598131,0.49844418938643315,0.5613130443340301,0.34105936766773665,0.7305892777488598,0.3734810592995002,0.906536400018141,0.32296179527449403,0.5420996280628974,0.4893619985182303,0.3595052236667295,0.4690354678167947,0.4017819633893043,0.7546453484783016,0.7922202061906718,0.18695613493299976,1.0
0.7953424967394794,0.24398962404793909,0.14837297973167923,0.7432094175280262,0.34572236864197226,0.79881914907342,0.42709584259872707,0.7013660812787554,0.6887677495964538,0.6110134201862333,0.33835621132652577,0.7385141243840578,0.5785561190111365,0.6878218413716648,0.5600195588127502,0.33737398716717515,0.6204749789652245,0.24445129591697085,0.7395195947538097,0.5121442165733595,0.43274276189888283,0.5633084094055559,0.339372232404826,1.0
0.6950694548298064,0.22063377271271709,0.23723783183558758,0.8085009839799218,0.28154543739118504,0.7005091123796582,0.38041532017905133,0.5607414566996293,0.558840550277471,0.28614771665301036,0.34068533997105943,0.5764354536939581,0.5313193887877068,0.5787510194243297,0.49334216217777566,0.3370255204214628,0.5294774957965259,0.14679744239551348,0.621473085377833,0.21681595853458877,0.5494166306562122,0.6225560679663311,0.16269663801888443,1.0
0.9343486021650356,0.15323359835014408,0.035593239951228074,0.7124537071690235,0.17317074110722366,0.8632357085732003,0.4393261369336964,0.8426377775856209,0.6006828266727536,0.5191645640681205,0.3373668218206632,0.8431487866806492,0.5185503134605326,0.8639033400634496,0.46902712901068544,0.4296717586288569,0.5095361994973933,0.5148154392992585,0.6293895836661648,0.6133449267001049,0.7090869806778192,0.7821623609750787,0.25275456074518676,1.0
0.8391874753077785,0.1940347468754933,0.13733641436273658,0.7501336281283386,0.13269274947564183,0.7763255372848777,0.4050292635880042,0.6265794763588054,0.590546893165632,0.3526589619070931,0.3478908105155417,0.7669857100680726,0.5035774188616772,0.7682484548606132,0.4945762614609573,0.3244631772771287,0.5211120918408615,0.2420891176130769,0.522911588163165,0.46794134737395815,0.668096796098524,0.7172769142802542,0.1873076906423535,1.0
0.7618351823137552,0.23141774545209406,0.15990611628593696,0.6659152694790134,0.1935299190112227,0.8844492561319401,0.3035856623068727,0.682565799311598,0.585938879960683,0.3456037957705563,0.27515913743925074,0.6757421200932293,0.5736422982726979,0.6453697286917878,0.460693548096564,0.3699870979410034,0.5031137670279783,0.2665090126962111,0.3988666393260901,0.6046190111636902,0.6129390703129824,0.6673332510491933,0.1384185298947837,1.0
0.8141351397993708,0.1438586222905237,0.07846070883504179,0.9122862326536537,0.13785372466205076,0.8183324144716958,0.25854654339179955,0.801949329744643,0.36534638426376953,0.3867765178462653,0.2970671321080764,0.8153025555146354,0.2900690199479858,0.9099801618906156,0.21526246096119034,0.5493710128664258,0.47825402312629106,0.4575167850569528,0.4924998509517024,0.30689413841771707,0.7947404160750665,0.8180100516332323,0.11578062435729941,1.0
0.7398481084330626,0.268002169572965,0.11971452237882439,0.6820025383914483,0.1879798316668617,0.842146425077084,0.3703518978385259,0.6403199137426385,0.6373238937031329,0.6565603952449924,0.31958657795562934,0.7133497847915554,0.5036166301584789,0.7078088499748673,0.4038677768166037,0.1006869021878845,0.4334990619635689,0.24029186121826193,0.6618547466914504,0.5414553628053959,0.601302549540095,0.6438780869285384,0.14230367978307923,1.0
0.8980924611439745,0.13944501220384806,0.10651649601111021,0.7129825445593495,0.22456233832401162,0.7067206853600866,0.44106508827063234,0.8104730629527601,0.6739070816515008,0.2785680396234764,0.35825280268295645,0.6366044582349325,0.5461928789137727,0.684543617829475,0.5134909609887799,0.1419636452825115,0.5699821253458697,0.24652786701568674,0.7966887533445535,0.29410083323488295,0.7233471201926044,0.7762066313003855,0.2734330981901796,1.0
0.8733379815374325,0.13791941629907023,0.12715679965777438,0.6949771307722336,0.137889507519972,0.6883468836897223,0.22311829799801483,0.7828582207428765,0.5823094667959765,0.7271846426809684,0.27287677564937185,0.7123974873067688,0.4022450046700192,0.7506850811101428,0.23619736411011164,0.6351189770574263,0.404481503701323,0.41713627691377964,0.5080658615391643,0.6639830677051517,0.7524229890733988,0.8294650512487148,0.14706214515053792,1.0
0.7850935995537974,0.18093809515783807,0.11812782632783314,0.8542747046804935,0.10851738261822451,0.7538588812033232,0.2264423381357234,0.7628672475723361,0.5330138919834446,0.33806887065401975,0.3355333254089651,0.8113629450314688,0.2559513563332519,0.8532038081177363,0.45706354337373745,0.3747083799261862,0.5150635068575203,0.2703211709594286,0.47460702222664997,0.2287705103999539,0.6994258904870668,0.7576155904427138,0.11309503632571422,1.0
0.8147806908579689,0.17488857189698218,0.1502695184186357,0.7921714830672896,0.3019053022656631,0.775407203505737,0.43750680130806513,0.6466738211752788,0.7206233545934627,0.5808888768801935,0.3371461658363301,0.6938257494146551,0.5684047023211402,0.744553889527959,0.5605056281380866,0.3187663863386331,0.5335541473159601,0.4079309541395873,0.6708812019254717,0.5378683025790109,0.488548675844187,0.6523867733854672,0.2956357932608337,1.0
0.8416213414049049,0.18420180092942312,0.08887543100650584,0.8011408865639827,0.15086977697653609,0.7541821051645644,0.4730553438464608,0.6627530578817005,0.7641857804863313,0.4835206671004265,0.3885302161603083,0.5332726485959031,0.4506738891709504,0.7943296422123213,0.6463756264946692,0.29217971576309815,0.542868916797985,0.292509682443323,0.741259640069654,0.3036409359035613,0.6354404592876102,0.7069086355358175,0.20313984987068487,1.0
0.8289379883084294,0.21259838538418765,0.09094439681294648,0.6688514800452282,0.13324465098975716,0.71961557365913,0.20927214235504019,0.716395676051153,0.5503998485567436,0.6426376543344047,0.26974853913440916,0.6084843500754894,0.5019202565068572,0.6605302873084702,0.26850156632095684,0.5660452808218774,0.4440876742861056,0.3516562382148513,0.5558141805195552,0.5253070402579808,0.7346132477313412,0.7523275567007716,0.1265371860706821,1.0
0.7917074751093838,0.18959800080592906,0.09697043051070972,0.7681747274627261,0.1637400103704293,0.7078523942280182,0.34543444407358326,0.6858566265053195,0.540630912106782,0.36136240775900147,0.27866906220096577,0.6946722838934477,0.46729514727206384,0.706044545430537,0.3858730165946232,0.41347815118670944,0.47061441544463284,0.28151874275729644,0.498667959881102,0.29566197243631026,0.7164022470522872,0.7531423123693181,0.1124944300930405,1.0
0.8323695242233891,0.07835130840878077,0.11197212199706301,0.8022314443620163,0.22435183849062001,0.6967815572848712,0.2602376602372946,0.7217360415954414,0.6403452713088412,0.2526633107491724,0.39057577052636,0.7127228930205604,0.46585181959565947,0.5750629493244733,0.4222242251125664,0.31169428185990167,0.46829002686451277,0.2555546592505966,0.5872683621695548,0.48542257843174846,0.8535712080992649,0.8818460336706877,0.11524747778035256,1.0
0.8159641519809263,0.13189594017126768,0.12242721806871415,0.8099127117033998,0.15006386246593673,0.7279775367090153,0.2884546783173613,0.7506435072588806,0.5134029682758878,0.40163340137737585,0.29117932974680377,0.7656166325515248,0.37973144830325833,0.748124373305569,0.33256476934699514,0.4435131509935279,0.5257198184357418,0.3149038101764831,0.5314859237755392,0.36921942450291056,0.8358540650657447,0.8280545790073408,0.12217663698448464,1.0
0.7703394106722714,0.12342135221392983,0.17657782339793912,0.7968359203992764,0.17270355588669323,0.6843267281798617,0.10945171466086022,0.7085571412856781,0.6090466049638847,0.30445185609270414,0.3665806241688717,0.7420375697366609,0.3300731159266591,0.6144073954817578,0.28546019920676935,0.19120356662916654,0.49435995864816934,0.31469121718037457,0.6186309308358151,0.35568460501971905,0.8030125316377547,0.8362055457913842,0.07164411596430291,1.0
0.7630625845549087,0.20667817847802017,0.1843365885411177,0.7119484110297768,0.23509133103044721,0.7624057033478685,0.3382965934479035,0.5674381591114142,0.5854179410938797,0.3304536117480767,0.2645495970068194,0.6593131284045356,0.4958262614670976,0.645522877132833,0.4612101288287153,0.2983009944474653,0.4168793266542726,0.23391018693961785,0.4406665568914126,0.7096636997140895,0.610531514291005,0.704184640685448,0.10657223782073891,1.0
0.8413282040123756,0.2890620427387489,0.12119670388778783,0.6352495203294934,0.3074456361390464,0.7869586845745402,0.6062488095330585,0.7160549422867374,0.8595835294173181,0.43349652799556243,0.4816664875606023,0.6420896843684897,0.6879746335848987,0.5926338511089121,0.6957498671532699,0.4068734698504609,0.6499240444287876,0.17498284188766658,0.7461375585450098,0.47607305563772717,0.4058583863201426,0.5208066026922951,0.47108481800592317,1.0
0.7754241942960026,0.20935505766375614,0.16872198116571788,0.7638095069053754,0.25670038000443185,0.7300490973459423,0.3745776333738097,0.6649444861087503,0.6589279969298992,0.25738434505415386,0.3630459499376831,0.7312030106342253,0.4665925024920918,0.6444283715691417,0.5280393039564004,0.39810369603443124,0.5569311721385775,0.26091941352483305,0.7119280513541716,0.4287195890527428,0.6033397123279217,0.6637306392295853,0.20157378113977803,1.0
0.812047494324809,0.1807473382128297,0.09049636417215276,0.7378613497380977,0.12286253408157384,0.7683209614983079,0.37030081344533095,0.6183731587037844,0.6115800864597103,0.3861691577505454,0.2847011293269405,0.6935417880415845,0.41702784405353654,0.6376388690998228,0.3392548865137168,0.23288782046335185,0.4746416683111787,0.2301029459491481,0.6405073155614424,0.447446216576537,0.7864991666152223,0.7703781795653308,0.1254957238113691,1.0
0.8884212864451785,0.11350329343014708,0.19952656346564043,0.7152307340374612,0.3780008731379857,0.892849120186683,0.49492535458078474,0.8039623650187246,0.767570384259863,0.4752271948109469,0.4602974634813313,0.7102370319488569,0.6322935543131313,0.6826340065461499,0.6269787503483336,0.4529547917902784,0.6407125659160308,0.3688566917928825,0.703403811455323,0.5789098626434339,0.5295388604234822,0.6860585714492539,0.41711938993122266,1.0
0.7944167841890275,0.13188199729416267,0.18649210194235105,0.6811217966645456,0.27500964554798574,0.713438524942727,0.301840668183863,0.5974740765055541,0.5756314252461475,0.44511544266297937,0.24926379967115816,0.5718011893278167,0.5439723869445445,0.5048764224581024,0.3355136986693371,0.48673628047969403,0.4100406258825144,0.09600871325491932,0.5015309002284891,0.42639964360994276,0.7369590715476255,0.8027936898939911,0.12401491260277518,1.0
0.9393525813163794,0.164972428343571,0.01911387642909452,0.7099360077331142,0.0711316640376347,0.7494088491196278,0.260567576045035,0.8753126831669844,0.6664375738358443,0.7381661209556206,0.2703948109952963,0.6415395937570799,0.41633851035820957,0.8614563369386073,0.34486320191754377,0.7503377724472926,0.5406376673051044,0.5110825755277169,0.5868251467319193,0.44766285925123267,0.8013766281869245,0.8225558236039284,0.2066255524784192,1.0
0.8941716747921877,0.08367940269327369,0.1254036536454611,0.7161996620382496,0.15779457528992147,0.6624157089802722,0.24613141089457455,0.7807464774651256,0.5218955332893432,0.36488548827624184,0.28175117470463656,0.7100148066560293,0.3653445572850283,0.6114763632978516,0.3334650226783308,0.40090541842745187,0.44054214214584203,0.25633464712340276,0.5215181801499671,0.4908344359419615,0.8915982468053573,0.9043116250629801,0.12547275882217931,1.0
0.8314730074494566,0.17065606599424216,0.1363184883649891,0.7596648454504021,0.15840670373241145,0.8814857119382972,0.25156042255425726,0.7360194766359497,0.507003809764764,0.36270509256893446,0.21406062571033088,0.8129632868884493,0.45345202534216195,0.7231175775517928,0.35042091213266774,0.3374605698993724,0.4715583822457001,0.2962692400138364,0.4804019297044353,0.5256382200328613,0.7157540588925246,0.7649985217778811,0.12948569930651757,1.0
0.8548706207149253,0.1523121427137743,0.12637122016425212,0.7616710831813056,0.194174629482149,0.8766628643788634,0.4091087535443606,0.7211444844833914,0.607819546722282,0.562161296811818,0.3363651647206243,0.768209978352576,0.4459752567805523,0.7877652750088707,0.41273365758376296,0.30040513595400475,0.5357357639791226,0.37216574354461146,0.5428685551451602,0.3869121552853811,0.6664917587505396,0.7502938275046939,0.23943701998836564,1.0
0.8281373162553943,0.19924907647591494,0.08276181509211177,0.7216769264561274,0.1480256588001405,0.7704204559326705,0.30343525279132283,0.7883438846528086,0.606415989156767,0.49742593918024897,0.30506865701701347,0.670669554153409,0.4670101546936986,0.714761224595774,0.28627344127225457,0.4804185809616854,0.520607940771743,0.27182653815356145,0.60186621050575,0.4263274293850442,0.736033088462251,0.749304242479115,0.17473086647406116,1.0
0.937800486651509,0.26975299656943946,0.14010956744072323,0.6154957015613945,0.09407777648856491,0.7593184190686278,0.43312694933804324,0.6639878061105196,0.6201785551368181,0.5472960876442439,0.32554048604272523,0.7068624541762027,0.5047482979649072,0.6434915234251747,0.5460678380442479,0.5108593546899047,0.5275141066223562,0.3434842303890517,0.7509824153979925,0.6058921697324845,0.6403790357429465,0.6831703800974273,0.3924701580132282,1.0
0.8975713607691262,0.07409352146513605,0.11512689090595875,0.7228214796633835,0.1973544874946605,0.6994513890677526,0.328661142544601,0.7584411401544263,0.5689459911254968,0.1787138589584272,0.33720187892778586,0.7728154653426681,0.4284626523537537,0.6302722565681012,0.4904898461314482,0.25659911034428146,0.452053939658074,0.2517460589044503,0.5659556847794975,0.3777985366603809,0.9014753997160316,0.9198424345668896,0.14902629761578234,1.0
0.76816240842715,0.19538536733352446,0.07589371154846308,0.7743659830790252,0.15432395513485828,0.827485478034953,0.2674887496272134,0.5889276353899199,0.5477596156253826,0.5014422800242527,0.26986414379917995,0.6667300051603623,0.3992845743226525,0.701668562018305,0.37766114764717695,0.4418201288183264,0.40601778598339017,0.34083371337898977,0.5592413364225259,0.470764237294862,0.8225816408420269,0.7681979173146947,0.08708716215719828,1.0
0.8264923259379617,0.2390923033786197,0.13713500009540977,0.6997299412134326,0.12313677873612303,0.7865948232839741,0.26389014357101137,0.6115302482282352,0.5725624232071272,0.4518645068012415,0.3252054039397867,0.7482627679714591,0.39865385452208424,0.7203171489155369,0.4198444095277912,0.3768102271898219,0.4762398618837716,0.4211619868248954,0.481930894240748,0.5176713973671994,0.6645780603740975,0.6972657228039946,0.15833168730976407,1.0
0.8674200861089779,0.18492085502012537,0.16665986751190823,0.8645132805469044,0.40892778397650836,0.9593718228070851,0.5898926633620244,0.8700903711053857,0.732310751339934,0.7718798466585863,0.4777942669935839,0.7101775710030448,0.5994440309641774,0.8939936760054698,0.6795616380211872,0.6107918501842382,0.6668388520373321,0.3584364996954709,0.891347455971391,0.450932530670613,0.27702327304154456,0.5111319275509051,0.6676160377245746,1.0
0.9193974155187112,0.11470896925365769,0.1386928686259277,0.6845281783287136,0.12918350799122733,0.7009806043732659,0.30335182171973324,0.7441388893325372,0.5249369725688962,0.5587411108641792,0.3716951931050741,0.6686558142212543,0.5388179063079567,0.7073248601243136,0.38515601707116937,0.5601991196100939,0.4444940596933195,0.33783752537542716,0.5946939048021426,0.4729724627948104,0.7984134823137233,0.8561596621873464,0.23293084717868853,1.0
0.9140253926391214,0.06492056390510889,0.12865856212404048,0.7536296907490008,0.22221061944946655,0.7048845650666985,0.24670156553353248,0.8038063114879589,0.6233535625721166,0.32704716387676547,0.3612598096537224,0.7612480669928838,0.48625031229581267,0.5983351997932006,0.45360281578762707,0.38655370664121264,0.465162354796125,0.19281782954047283,0.5108516322917847,0.45985469724870026,0.858540650657447,0.8930620565577911,0.18490650964864747,1.0
0.9135612092831445,0.1548862123331644,0.10427992737901359,0.5950553563878007,0.14446010083469385,0.7211107595678088,0.27268955724811117,0.7659166247636154,0.6716548840843539,0.6024014522002892,0.3505286646851328,0.6989465236083705,0.48847628662702164,0.6170845525617807,0.46476250185546575,0.36638206585617067,0.483330445152432,0.35955501554965735,0.6150591439452968,0.6218083879975143,0.7653250200629673,0.8123195718773097,0.19484240790494753,1.0
0.8026844972670524,0.18718266547973467,0.059849606043484445,0.8016667345890924,0.11849980349360224,0.718798297582342,0.279046212739686,0.7463983721911416,0.5592130951538348,0.44460243029408364,0.2639375029847291,0.7202778765853773,0.3311319111849463,0.7014583259863324,0.3444854610620902,0.37937646207591763,0.46572977791302367,0.248295705418904,0.5325716018988366,0.27951308481954623,0.833076115809618,0.7946612080244375,0.09483818091162179,1.0
0.8831232851808047,0.14560883641327926,0.16682167054314573,0.7236741026737185,0.35165302442077223,0.8423278375673083,0.44390306497726606,0.8565719806691439,0.8155541372068198,0.4431924948839585,0.506809109320959,0.7519088246228719,0.6593389709725008,0.6628496667324413,0.6748057327281676,0.3661214336034897,0.6176455152668736,0.32346076048894545,0.9186285853213108,0.6038416067702711,0.37885054633001913,0.6166037083369525,0.4624187879638447,1.0
0.8411468363097544,0.11414029905173126,0.13930018573279862,0.7286059947749166,0.19397389821798738,0.7595283359090491,0.28407594350106735,0.7463401284810904,0.6104451030268007,0.5025383870617731,0.380912441953913,0.6596927684039592,0.5045112252912639,0.5312184640285186,0.4720636627732509,0.45976756271819436,0.517758122676507,0.3121043377485593,0.5915231974640884,0.695806397610343,0.7349527748626462,0.8140591691853217,0.13671213551122702,1.0
0.7890589168374472,0.1860384302465439,0.1475854728854756,0.8373091229003943,0.18260323833953573,0.7471782439895062,0.3182456644406363,0.7031359623058145,0.5507979079757049,0.34910878070580914,0.31244849882369646,0.7031331399026294,0.39640956052861814,0.7294607303404003,0.4413598820943592,0.3947536945725466,0.430218788880474,0.15544981436061744,0.4950949044064871,0.3693632960727697,0.65673807025125,0.7249332351300887,0.1376262856117849,1.0
0.8745412014182365,0.03922299869917567,0.1350555757402166,0.8604790387696146,0.2527021816196884,0.791708990425752,0.2991055711796275,0.9298345533579211,0.5502752735651353,0.3158027851322334,0.3672505205233474,0.7477802550016701,0.5170656086159267,0.6099267645556626,0.48392173751858825,0.5484330058853537,0.4253823284847759,0.28433291321847337,0.572050843923075,0.5851622157682749,0.750725353416877,0.8690841994887976,0.2054528548746747,1.0
0.8226980546177596,0.1643859081945814,0.11912530819805872,0.7255985999494846,0.15454461609203932,0.7357399768900516,0.10013896884578155,0.6942863498975297,0.7567645074997428,0.7773600506835197,0.24659048197604413,0.5042242240983812,0.4042212720777523,0.5460435546314828,0.3931086688175819,0.5161645674572093,0.4413942483385787,0.6006159524968993,0.6278597625860641,0.5419503963126162,0.7030989567257238,0.7586617094226943,0.15971219414372403,1.0
0.9263389325663498,0.08345700614252698,0.10550596016934953,0.7463161153292429,0.19116264893682158,0.8177562260463903,0.35022774448236504,0.8494113897916785,0.5750348786917109,0.5140263268937841,0.2822432177286956,0.7373611846384808,0.5210944001535964,0.7359320949575324,0.47395310851848504,0.5405766732440259,0.4978202440932692,0.463175899672399,0.6049120721507321,0.548145456319132,0.7042410025310202,0.8252580622944289,0.23839311769893715,1.0
0.8271184131455468,0.11487888849222352,0.12984049046344714,0.8184991027817328,0.19411310410407764,0.730231185184333,0.2790073154780684,0.7371887956910814,0.6080106277225855,0.347976674766234,0.32746574834448466,0.7799962200386006,0.3918810844100717,0.6219580135520932,0.4311671444014287,0.34381426536486814,0.5375066977737885,0.17061434778677187,0.4424490841982221,0.3639397522732699,0.8365639854311988,0.8327555384075426,0.14471993155092427,1.0
0.7267887491238358,0.19878038129938433,0.2534939520476405,0.8984192213380889,0.22868455375304417,0.7794854680677455,0.3612059633869115,0.5859460134358769,0.6321843207452276,0.37362723580733515,0.3887459436788588,0.6740191054473192,0.5069657441774792,0.584162891677426,0.5550063455987104,0.3409217042528141,0.48557652373483434,0.1936467076268165,0.6881247672330157,0.5020061354083378,0.48561639607383167,0.6173736476992784,0.1898895773946756,1.0
0.7320610934936923,0.22669218264249708,0.11182423610757983,0.764634104616806,0.19964988988817342,0.8185479669761268,0.38511274848609167,0.6356274375028812,0.6321449434367956,0.5146445248052736,0.30975959217703086,0.7289596051047517,0.3753572002773105,0.6573928223180859,0.3942839696910326,0.4173723947887678,0.4175747558896422,0.2910441965339611,0.4362881760437188,0.5047681616277849,0.6372306932526691,0.6911166510342522,0.10903092697485621,1.0
0.8089303290943928,0.1777650946966506,0.0632861645562195,0.8219921760371783,0.11584830881988992,0.8800618218369125,0.3325542709472544,0.8070462416475905,0.4047349282165096,0.3480917914697718,0.3601819756151738,0.7759790090242917,0.38481808753047764,0.8249399614173064,0.3653423247075539,0.3523962985262906,0.5113956901083581,0.322844343848161,0.5373347789942815,0.23063697131149463,0.7225137354157657,0.755410276531575,0.15278100158116575,1.0
0.6849798073342307,0.2845998624098502,0.09469041367353546,0.7697235923155098,0.16757286779437292,0.8578175299611228,0.2283606942054201,0.6495163629533633,0.5709514124707,0.4341010550981414,0.31226169925647873,0.49684221224046066,0.5231560389923408,0.6153393425619433,0.34576593916656667,0.5907443371329129,0.4805094561236798,0.16921565118756798,0.5280395335446421,0.4719863266975793,0.5646953515649108,0.6188632486352279,0.08529933774950633,1.0
0.855999229166846,0.08740138478816799,0.16313661951338548,0.8703735573831426,0.23236736474575514,0.9151062669655028,0.46937107241121334,0.8025612226399966,0.5839522045473615,0.4112502100391585,0.3901799129404825,0.8062791263997318,0.5340451153832736,0.7552705163841422,0.5853547406813338,0.6149153068420404,0.5033511210677755,0.3060283796382337,0.7107672103036636,0.6465125975332217,0.6125995431816775,0.7631384251844785,0.28790118490493416,1.0
0.7697336720362,0.1026711334946214,0.19191058796037655,0.9052582350297319,0.28115068603600357,0.7177153418656665,0.15750415263813566,0.6869475042490892,0.4680671528111668,0.43875071349921996,0.37149826875488995,0.5888670956770267,0.5069490489187719,0.5628749447040542,0.33369198602282846,0.6219644415094651,0.45256967298661405,0.31483950022876206,0.5615887051587228,0.39816343944642335,0.7727328847459708,0.8282617827708728,0.12106118440065866,1.0
0.7035397689024666,0.20568639558240634,0.2605002455961176,0.8584430008042093,0.30014967748967875,0.8169173038964748,0.28724688279833605,0.6704558979300455,0.5290424672945206,0.40118592299593336,0.26010476371425206,0.6331304509386199,0.6200845146709445,0.46189021145156933,0.4753375033584445,0.5676991385299803,0.4175020914522546,0.18648150000535227,0.5633404614122346,0.7245690498611134,0.45496635594789714,0.6190654603224405,0.1431331225641689,1.0
0.8817466600818848,0.2196505700491679,0.04763086402589394,0.6759723348261865,0.16686302346307857,0.8416457126313441,0.4445508110205997,0.8421923709615048,0.7183364594186792,0.518486767225128,0.39249524723785284,0.7272322861504582,0.5265242848753732,0.6861819846388751,0.5090375190159309,0.31533270466498536,0.5955026276539038,0.2348714669996973,0.6341093528645534,0.3591615176701362,0.6396382492746466,0.6990901397434547,0.25013990103955586,1.0
0.8896943992455292,0.0869483945006844,0.04323591165597871,0.8438850724529878,0.07266588804207594,0.7986081842789473,0.27170021606260897,0.8920612158716871,0.46082196204472375,0.5286095924444335,0.3213823073197539,0.689264104879955,0.40010318346715906,0.8156504459172843,0.32636120345978786,0.6882207370475455,0.4609431908529771,0.3278666587960379,0.5797060838547012,0.4656623162277779,0.8855484906475704,0.8940638297840106,0.14720715948848323,1.0
0.7064428317717398,0.22488206011371883,0.21913270641988533,0.7442117890521739,0.40287397364108124,0.738049085422554,0.43005340553396315,0.6654408588579528,0.7383804996081124,0.09190844470078244,0.5855518767585085,0.49033495882630435,0.6190448287155291,0.379387076051152,0.7367184562114206,0.32222991468467005,0.5866573890448028,0.14024977690286705,0.6684108264037704,0.4982008110039083,0.4484227421445764,0.5532458862223238,0.266007464626206,1.0
0.793917212013027,0.10822154772064616,0.19265551568384662,0.7595389184406584,0.30070952823362346,0.7122062474176666,0.2107939088513258,0.7286462236712513,0.6720250280707444,0.4943824611169032,0.43949140947716503,0.6047823989052111,0.5624028470605162,0.48208816183992875,0.38915786797911694,0.5251658700865259,0.5462063416857669,0.3186970483418113,0.6894069439214491,0.5749970931686179,0.6397308475831839,0.766920854956505,0.20014492821922333,1.0
0.8670659030019079,0.09501549804416687,0.13824340525093493,0.7947592457504599,0.22597782967246435,0.7598853622104136,0.36454554211738105,0.8274168237832451,0.6418719660448506,0.4397590727784117,0.4249715064381802,0.6968974268573516,0.5028715703969261,0.7151893815277284,0.5772080838415274,0.4980629322695842,0.5020627940738832,0.31436701450569093,0.7751375438337493,0.5397260212944665,0.6690845113895916,0.7982706480535812,0.2250164899387069,1.0
0.8301264628475569,0.11875056499295975,0.1352321945561765,0.7224210915597027,0.23175440589938937,0.7541686797087731,0.2570126913233665,0.7624047524417519,0.5180017238118722,0.3437774425471093,0.28349853010569903,0.6219371584774807,0.4732988525478417,0.5569696333494336,0.3919071199781227,0.34209917308145954,0.4027797280207007,0.3046042645495504,0.5498665469290501,0.4614276373911662,0.7768689425273159,0.8289525368542542,0.12895118918334722,1.0
0.8787433288892113,0.07942169235884382,0.12966983106927507,0.689900441293363,0.19427465540355335,0.8217909422955978,0.2599345561190242,0.7682145913072713,0.5320396732282945,0.5812815737120769,0.2809050856984319,0.7400152211877392,0.5067670705988626,0.5587479353319239,0.3170220436897117,0.6495395435130491,0.46447387491640835,0.36130150987624304,0.5773191818319545,0.723693405295106,0.7544292857583796,0.8655320401069115,0.16569854485456037,1.0
0.8333683736685565,0.1688404276019938,0.14061467573423425,0.7928436231526803,0.18228425756345884,0.8480551160488015,0.33383397054258585,0.7876011794707445,0.6101446526713862,0.5849071840025418,0.3044509381154974,0.6803717112102688,0.49722460218963394,0.7510614828085643,0.5158100503471116,0.5046880486014502,0.45155223162290997,0.1779401055453502,0.5605313074981231,0.635021707589453,0.6215815791098214,0.7132633680127465,0.18755346387032001,1.0
0.7669317622108276,0.10319108023589522,0.18453648930449842,0.8309719488944661,0.2296403637123533,0.6605157799290903,0.26682333224309285,0.7438288319705686,0.46534576098188096,0.16587971183231745,0.3318982069023153,0.6481171918682463,0.5057727551370422,0.5477833930654158,0.3658556800540516,0.4313222209356973,0.4789285283454597,0.3221195478256243,0.569924995799548,0.33531109516287044,0.7945552194579903,0.8356298430358167,0.10732386277911736,1.0
0.8361720529349301,0.17209356130192777,0.06258609212352696,0.7214540319121745,0.1757177256786023,0.7784174864500706,0.36605715267068556,0.7903054701648285,0.6484216752780848,0.45541769595563103,0.39312263557495336,0.5849813505387735,0.5858361768150856,0.48854070637213987,0.3285038234421299,0.36883805973030365,0.5328582370687238,0.24284476954779932,0.6559857667263806,0.6547287713805249,0.7469596888696828,0.7604804274825906,0.18765551454098703,1.0
0.7900624847919512,0.13748412274021982,0.1460442765468639,0.7127898239205501,0.17056464687813971,0.8234930525536847,0.3010450516107249,0.6350074264154386,0.48569243877818735,0.3296678519943289,0.2680114692271539,0.547312810621881,0.5069881248486111,0.489777578036557,0.34738304372776296,0.46964606804606407,0.40609980008893654,0.12322386167036388,0.4490940702522052,0.3479227714971093,0.7923945922587805,0.81398276826562,0.08814159006666698,1.0
0.8318602201218821,0.06709726152700579,0.1466482119183553,0.8255718474662386,0.22822485726564826,0.6376492478694046,0.2895889448092037,0.7031422495864963,0.5159056112216892,0.3981345487727097,0.3839587159400993,0.5010789429823275,0.5027845745623649,0.6325698752688824,0.4240704432753627,0.5201388298705909,0.490669116620441,0.246642347054165,0.5050966000728336,0.37971294247775833,0.8751466139885181,0.8708483565062541,0.16261460994814478,1.0
0.8410262194148405,0.19339414062081056,0.058625051284345864,0.7378840502302101,0.10090173357492242,0.6823825172480429,0.29924932855252473,0.7582629084137833,0.6602301474138305,0.6498962639823763,0.3074357134199613,0.5143529996061641,0.40765715631970956,0.711689708319634,0.28599101612387445,0.5091133673844083,0.4844327344777787,0.26712046376053045,0.6570987510139801,0.4043232522286294,0.738286313969998,0.7653847161593373,0.14486977810534113,1.0
0.7999486465723908,0.19011404047724487,0.17634475561448965,0.7409060182110728,0.3799952579010807,0.9565422537169417,0.4779949913936,0.6744597442076674,0.6880590665594793,0.596483389034551,0.3961581419348102,0.6644834636347807,0.6520985305662409,0.696024183299413,0.5200391241133452,0.5641991839436695,0.6559279332831478,0.35435966777920613,0.7266663535146879,0.42043016911477366,0.39607383171800714,0.586330888048594,0.3960075796903683,1.0
0.779326991330944,0.22249798134718848,0.14887637350900132,0.7941404471506504,0.2894868312275888,0.7691589404895771,0.5649649013149559,0.7036842914843864,0.8141634115165294,0.45507850259238314,0.530253579982659,0.5826256025604908,0.5486774718268215,0.5726455878333817,0.7367154161927586,0.3650567718965171,0.6247099340216276,0.0004145832264066533,0.8352050143202507,0.34997254008647,0.41116735600962956,0.551801035777906,0.4036392761885037,1.0
0.7538635556965949,0.18338575957270456,0.14521648448234498,0.8330262967218224,0.18323719885483336,0.7323169048448872,0.18716295916351186,0.6946809746392169,0.3397336832465436,0.5365351223115029,0.32418906858296054,0.6856944804474091,0.45263634914850936,0.6330046192305593,0.1783294225300576,0.5905399558827167,0.48202753590405484,0.35973473552515683,0.3857907547728362,0.44253469931177664,0.7453855176245441,0.7544011842844781,0.08999493645909665,1.0
0.76815739501098,0.12207716692994712,0.16170194783923006,0.8383438169359451,0.22222831460114745,0.7506065325170594,0.277643880132858,0.7204648593811336,0.28370190973299364,0.36748333005048883,0.27602285106765617,0.63010144763904,0.44574761467196256,0.7108420203279805,0.2773805710711204,0.5196610640542159,0.4443744902698261,0.25447812263837954,0.5011248049144902,0.5987451398508148,0.792672387184394,0.8325468193179979,0.09058671552404479,1.0
0.6737662698960707,0.20548751806062251,0.2220513095919419,0.7954774407437167,0.30558972877136886,0.6660276107015577,0.35154161882582774,0.5906125114609494,0.593748758014191,0.0,0.36901812549034296,0.5495913270097399,0.5370904433772827,0.44980677592799295,0.5691820638398452,0.3714555620460631,0.3907231560884773,0.05752305922453981,0.5253400946630902,0.543251366120666,0.6338662880424716,0.6891381342497942,0.08894919218617749,1.0
0.7964268691663707,0.16138818961700002,0.2354182453648905,0.8036945518001525,0.22836909086975024,0.7499331521754571,0.17177904141405662,0.6117839158218922,0.5073770735516848,0.4243357199795204,0.21506651486250908,0.6792169267610989,0.44285216046659187,0.5833358665706754,0.4400832966967061,0.4772744550394928,0.3885997568928051,0.19543062808469142,0.46653306949418816,0.6306240922345173,0.6486511513056364,0.7429184587752738,0.1333505156106539,1.0
0.8207552083984613,0.1605670920521005,0.17665987186576707,0.738250434304554,0.2816851339704746,0.8210244221266975,0.4488886681663948,0.7525748309144327,0.6971470726328357,0.4750874648624915,0.42442881271414856,0.6804478974686565,0.5030140215637879,0.6748773085459288,0.574817257457452,0.479982733486244,0.49931262138429394,0.2686584712495609,0.6974676049009662,0.6178018989049006,0.5567627631335259,0.6751753047238284,0.31207020933041435,1.0
0.9334579835277738,0.1492329119315789,0.11762089709988695,0.7073378756893494,0.14698560059306742,0.8523429248453465,0.40667843638898743,0.7712158811649853,0.607202762157449,0.6059241536915067,0.36787670352914237,0.773580279452294,0.4477044794817386,0.7868235650096325,0.5717153632936534,0.2831287143169131,0.5617058731422341,0.22661328990989346,0.7033535931479594,0.5086898903180738,0.6859991357491204,0.7548443035691689,0.3196064575922877,1.0
0.7357365173599817,0.24032693748534859,0.12498177624473586,0.8178344361093832,0.16388300591784366,0.7738465554006498,0.2486184997712119,0.7274766052218015,0.39891656381046037,0.43700489635253226,0.3321426480910776,0.6945441384838593,0.34346921102409367,0.6613044201348903,0.3504931311125896,0.40023125133619825,0.4853498785381746,0.19924150864035978,0.6222626094537141,0.5533905774243854,0.6288351132785962,0.6783419365652422,0.10069721946370298,1.0
0.8342657751629896,0.0,0.22953617781787505,0.7598266448427436,0.2379450667935499,0.7327425604926818,0.31295726181152683,0.7263297637708651,0.5308726372360238,0.47809003398743966,0.29746692710955186,0.674641385459332,0.4483434566670188,0.5784962817332209,0.42231683446156265,0.342155486671986,0.47588662195872333,0.1172870292285185,0.6101090370563749,0.5534186507247882,0.887462189024014,0.9659839710259189,0.14243158998843874,1.0
0.7003432737338305,0.27553469401513503,0.20328705320771398,0.767799842381048,0.38954239238844823,0.6058883854610616,0.39570935783312394,0.6428032859754075,0.688201085305357,0.3799606364652094,0.46715713786682594,0.47517032698020023,0.6073301717815215,0.4926594035400967,0.5397124565909318,0.5930790275587113,0.5615957214247622,0.13831814710316703,0.6532071935225029,0.35655504930983495,0.5203098956725721,0.5755317591108333,0.26383607705547074,1.0
0.8227145694004373,0.21603522798136263,0.14625720763328054,0.7971361647682057,0.3663698566379874,0.7043145071725935,0.32617628797541937,0.7565787232527189,0.7137245803739426,0.43671400099472363,0.41433756474309685,0.6193326214746323,0.6773574191769695,0.5559586811210898,0.49891240320153085,0.5403340819943672,0.5579827526866095,0.21153750194600127,0.7671155450793027,0.36807530648092124,0.5674733008210374,0.6375316054323965,0.32189377051464085,1.0
0.8811503584644864,0.19302856144748526,0.08903273491077861,0.6372173634008982,0.1698930464198895,0.770416625078416,0.30465493076363603,0.7666102753381632,0.5430603414727482,0.5653421763361061,0.3188699683167791,0.6931612871804844,0.5179125545779146,0.5775473573680963,0.28681686314478755,0.5823491840405242,0.4840755325339338,0.4576481017386565,0.4977611784287496,0.5944630607041881,0.6739922217420822,0.7508855095212672,0.17450578565822464,1.0
0.8453920201784245,0.14256377334091266,0.20031887095717307,0.8002055889218797,0.18064401363145516,0.7112577907815162,0.218807658779409,0.6307573167959515,0.4807674606215386,0.4009872823133955,0.3073727683406723,0.5893584017339419,0.4606100047071041,0.598801585022651,0.4294959126786894,0.47030713858959033,0.3903979908798884,0.21604522403247012,0.534781981699708,0.5622554181265043,0.7757577628248652,0.7812637993639777,0.1635151006645056,1.0
0.8245429917683258,0.1314275514315965,0.08134275733952523,0.8239169535659332,0.18111228592615033,0.7285235789894434,0.18356872016279163,0.8317367613698635,0.461529078399258,0.5348106134127689,0.3274464630435961,0.7464799234390187,0.5186579753180341,0.7051425928606944,0.2842084529859887,0.6562101144102053,0.46935439853073657,0.48858142411429906,0.5874369545058139,0.5839780269589836,0.8305759614791033,0.8472186728251153,0.12147273614425774,1.0
0.8653757919389452,0.1720148070290488,0.1574292789023973,0.655636243764517,0.2800583878760159,0.7603271796384671,0.44959922871706626,0.7429945581878071,0.661065738510636,0.5053758715964561,0.3709706014944673,0.6378947054179428,0.5288082413888492,0.5591020273880118,0.48090140483108745,0.32449758896481007,0.5861349468665431,0.260284098825444,0.700285404906799,0.34829598751789653,0.5935551577257847,0.6996788593923531,0.3073567409886191,1.0
0.9177975459468088,0.04492647813649645,0.1265030014258088,0.7696228880747799,0.14231851943548549,0.7706174712943262,0.25718011204340974,0.8950529481415513,0.5227710374864109,0.4866291668839726,0.3198694826056081,0.6353058483956345,0.5699167287310088,0.6646833311314079,0.3512201775269875,0.6357196970817359,0.441370381289246,0.5134508800676102,0.5862849595685523,0.7569760226989504,0.8526760911167345,0.9041478362117021,0.22980531215125916,1.0
0.8432875650143516,0.16361169546917792,0.10070899218193922,0.8535921952345081,0.11161270551617863,0.8108736131550743,0.39545226013655793,0.830385640872603,0.5792926739406127,0.4513265433950383,0.3985964468104851,0.6600581426955976,0.4924496679547115,0.7031643666844278,0.3684817000770511,0.2790987739728037,0.6132545351507649,0.2901405410957685,0.7619135530197702,0.43740267397039817,0.6938082597691205,0.7386703179570526,0.23223017579005553,1.0
0.7143475145376887,0.0771374353992797,0.20532044575929653,0.9044035568308104,0.31895705702357396,0.6594616545927611,0.08821711049914784,0.7233968279390238,0.34844900880003493,0.2553933226490821,0.2817211753476989,0.615598879912436,0.47693647868623207,0.5967179663708264,0.2648125407480094,0.6401761534154434,0.3307933164160616,0.2811472686716686,0.44411530221445766,0.5718693606181354,0.8980183961972966,0.8936147116852863,0.04062052070576687,1.0
0.7562629176941983,0.24096110856598285,0.14161913391171135,0.7555066384342919,0.2894837813806267,0.779465882970919,0.3437576471076915,0.6889653989232583,0.6274606578910567,0.4309833758993768,0.35442247407509037,0.7194125261299371,0.5374923253277594,0.5607968936606855,0.48127458565854797,0.543155018916192,0.5661034481841992,0.2927617917627826,0.7079740452069294,0.49053052690522014,0.4889499351811835,0.6122410967594087,0.20385731440765123,1.0
0.8487625103788435,0.10232179547484703,0.13227142611012158,0.8625016245915459,0.14931219597580617,0.7379820629390025,0.2724939537862956,0.6816198744784895,0.6608990055188186,0.5525759175570462,0.3247269677669102,0.6279077876164555,0.4301679602248998,0.6919635147266294,0.45345007338656035,0.4862743650848814,0.49860939469340115,0.3830943346650659,0.7270361287911499,0.5888160033142873,0.75532440274091,0.8296293691657122,0.17392450829147799,1.0
0.8993446355591445,0.11750267749205959,0.12749228909107624,0.8083287218093227,0.20436579879365296,0.7898811023936342,0.3793738790060561,0.8155447566419846,0.7039852413359681,0.5530462306393675,0.4201203693550873,0.6696912463479622,0.5304447377207289,0.7849054846880927,0.5072509890244251,0.5457818077326398,0.49243865801233494,0.36138158031061224,0.6632332756841188,0.5991437020981909,0.6231557503549601,0.762626656430845,0.3295650337754049,1.0
0.9268163867298356,0.0957137144284263,0.17708321547344003,0.7201732757522428,0.23411622550471473,0.7062540896406855,0.3315286222655949,0.7919615583206489,0.5735650321471029,0.5406664179968222,0.33288823925154076,0.7096667725781647,0.5447108137249352,0.7152237281827093,0.37543233201374754,0.7443418693457238,0.5847837845330128,0.35045112555737534,0.6183188668101509,0.4422196199186323,0.7085622569294396,0.8008059780756089,0.3346734520873603,1.0
0.8827599599618953,0.10618504496194833,0.08752093956874483,0.8523403051324482,0.14953436675821596,0.8213805634890853,0.28474831770612996,0.7438371689508131,0.5328840404596351,0.587250594533436,0.33037622167024744,0.8442586833423913,0.39365168427945957,0.8182335025727018,0.32596822543762594,0.24387067027251316,0.40934301468871,0.4187448331810112,0.6067522411444018,0.48059857321135935,0.8094326810296923,0.8409395649392237,0.1500778309797277,1.0
0.810718644132921,0.13849092104194674,0.11375066649747174,0.7490599789273107,0.1605010276019601,0.7429041284592323,0.2396037801029131,0.7135224809009538,0.5572530058667713,0.4587038334643465,0.29686270791865776,0.7125674459977968,0.41280457531308756,0.6330951124722215,0.3208074600982838,0.34623221353314815,0.45463560629583777,0.31408135248778396,0.49432959624300216,0.5140064067071406,0.7872090869806782,0.832013754243009,0.08526352671951874,1.0
0.6845483586367758,0.2628642959689764,0.16243978101295278,0.7868425658982792,0.22450407416843435,0.7112568941986056,0.339674501011862,0.6075115473863654,0.5214508125059293,0.32629698211861435,0.3106728583146639,0.7273504701606449,0.38820469819808795,0.6653131374315896,0.4565359889156842,0.26978043577445426,0.4831022493254125,0.2493897126749107,0.48191289230350726,0.320822586028246,0.5610531514290997,0.6314883230071316,0.09458633153027701,1.0
0.9018882069983443,0.15275019420435978,0.100931831989503,0.6228931660425394,0.09617072641715542,0.6693592895095095,0.27376324354007114,0.793139329507686,0.6558007631357642,0.6862862186981149,0.35615343697039764,0.7736132381564875,0.37605262548594975,0.7338923898371904,0.4553404088933541,0.28519510643285956,0.5331466036828041,0.36606473601718104,0.6792043427641117,0.48147631426654497,0.7923637261559348,0.8181954945628148,0.17936316793221396,1.0
0.8539634872949857,0.20115603305227978,0.1170557216185152,0.6634133576281536,0.19998362165673517,0.7551424851890325,0.2812025225534294,0.7894963455047939,0.7124292663224776,0.48471602979900713,0.3517293353762854,0.6475464405765958,0.5962726537669284,0.5277783877560076,0.450147500917671,0.5501294860498596,0.5016889719042235,0.4477129657501426,0.7290084378112431,0.7152606379095723,0.5850978455460203,0.6952093700738052,0.24146927799963935,1.0
0.7735226350333986,0.15960855755573716,0.08459197835405714,0.9104375905202559,0.1367816279636237,0.7641555653788957,0.23962378731058595,0.9120851684778909,0.39926538718175963,0.4959671469276814,0.2534282461169183,0.6729002927182113,0.42842538131674773,0.7725003825464073,0.25548316835508894,0.6285853800895471,0.4114639558188069,0.3764164414369298,0.4487490266694506,0.5179848880146384,0.7385949749984557,0.7820666738088596,0.09260399844861635,1.0
0.9277235201497751,0.036308707556579875,0.10663192433549934,0.797704144159335,0.22715431568720681,0.7012411199284672,0.42879488107974734,0.7508287632508346,0.7322238309842908,0.39074578184717007,0.5098698204976716,0.75300150405108,0.4700444051579437,0.6695620852706043,0.568408230796771,0.2451982017546578,0.5658020183004762,0.4153676528614482,0.7948733708892027,0.2686069914916771,0.8135687388110373,0.8595252744111842,0.2864877855083281,1.0
0.854873274876427,0.11362985185310043,0.07093021082998369,0.7951394556389295,0.10850702521715533,0.7757434919608185,0.23606768387575972,0.8323645221640805,0.5566445905059695,0.5057601548267919,0.3175361754792152,0.6081585754209791,0.4290611096949283,0.7393670741237107,0.2927266594237296,0.5341137694692556,0.3850346881450543,0.3821930014594875,0.48876835262014,0.5415959913685575,0.8793135378727072,0.8692482110244951,0.12094150331642033,1.0
0.7372193089189726,0.10825127209601293,0.2851389783591314,0.7880091656740067,0.37920564384110717,0.743529663876423,0.3403602810616596,0.7223094508057435,0.5018069952493034,0.05676488278107927,0.45375588941993716,0.49289374718004797,0.7117140506028216,0.28320330725352316,0.5477856339552735,0.3848215278224178,0.4904261486658313,0.12574485254786597,0.6725038281538942,0.32145870670563537,0.6450089511698253,0.7177963668461836,0.23636420874859462,1.0
0.8102332274849301,0.14921651755959825,0.1985582283706268,0.6712183099553686,0.30827680247659656,0.7173598525635774,0.49063782013246093,0.599530639107432,0.8059187553482537,0.24942856554708037,0.6047263139520836,0.47672338293508226,0.592367542510655,0.3847240992581767,0.8168842858928272,0.10781905989263438,0.6120470434668905,0.0984806065440596,0.9095104428011995,0.3373273363042005,0.5047225137354159,0.6312899789383991,0.2821226673461725,1.0
0.8207593370941307,0.11054380285078223,0.12766651940862117,0.8019902399561124,0.25576529239638723,0.7646147089805982,0.3237093078658845,0.7274277578872745,0.47036236293258105,0.5983459927660646,0.29363563423664135,0.7204370745054466,0.453949724540922,0.6906400706715754,0.4513240622866644,0.4864876807780314,0.4704825295857108,0.3069503260840584,0.5127968093598717,0.43526961088325533,0.7073893450212975,0.7906911284864806,0.15487385367324813,1.0
0.8658541308229315,0.1183628457565391,0.1056809117661188,0.8411345762008461,0.06705978618172849,0.7916304171597679,0.33320887225210016,0.7393250893029226,0.4716286289282392,0.47816056128700446,0.3827037249847773,0.7786669266295402,0.3519472890072522,0.8126550725680542,0.3456861201399898,0.3035988316052298,0.45058750536233294,0.3557785793128263,0.5145002829981962,0.5392798294335712,0.8199271559972834,0.8369473102370834,0.13500576504955009,1.0
0.9514658795036407,0.09310225951218329,0.07131655636072434,0.7139870646897467,0.09020610145799025,0.6826063660553803,0.21913366454910177,0.7111401312202368,0.5454351200720343,0.6466273986765917,0.1948990185988747,0.5244899532998758,0.38011710877939636,0.6958981671474622,0.37109570831899585,0.573685027544876,0.4794613818989918,0.5079657483620392,0.5525946211501986,0.3898947878543765,0.9680227174516945,0.9136044574240209,0.15976664030555618,1.0
0.6654628730911888,0.2855286725308468,0.14405024692212948,0.8692620740285935,0.15319662902956374,0.8253846561921253,0.24719265615638283,0.7028023679443708,0.5621522456690454,0.3646105508195233,0.25748737339171485,0.7141954584086713,0.3747601417280817,0.6646122068938102,0.45216540598807403,0.49019979317872064,0.44117171073009626,0.1688463010951848,0.5015829961572639,0.5212868748492432,0.4909562318661645,0.5913543072365738,0.10831630913965357,1.0
0.9491440780032558,0.11800577020606359,0.06410258760476834,0.6274264449756536,0.06789015986103351,0.6879686537847186,0.20091527389334116,0.8142379925644783,0.6059822554969597,0.5855685572469417,0.4000005238557316,0.8084415494414762,0.3761124125610502,0.7069254038218638,0.33609230319687305,0.3488420801078193,0.5215832935971118,0.3766178380196162,0.5966196975261596,0.4945192449762837,0.8833878634483606,0.8891999880706264,0.1788316480420245,1.0
0.6469710350014984,0.1538890667925102,0.24310615960459236,0.885384000894007,0.20459228767621698,0.82660573225277,0.22742091402166556,0.5445090740418779,0.6300722564792899,0.1415703435904352,0.35368915050880345,0.6607134429019236,0.4588355243181249,0.5583205233616643,0.4718124534262538,0.4020272934280505,0.39496687062413693,0.2351053054095254,0.6356766199098071,0.6238013957802554,0.6496697326995496,0.7338291439972203,0.06418527885345146,1.0
0.8531586865462812,0.13535147541686918,0.13285497647533895,0.7621841329865825,0.29964621116890156,0.7741830301586737,0.5259255580551024,0.7440285049504592,0.7306795297218106,0.2324864179596161,0.5450118439835981,0.5747433070881697,0.6204948796177372,0.5092853410189463,0.6698699843799115,0.3132206751093144,0.6311031640074516,0.1362011041125263,0.8375107721269618,0.3017201464404242,0.6681585283042156,0.7073199036128848,0.3246466507488971,1.0
0.7708554976309496,0.19211384742202342,0.123753804277469,0.8207546722552227,0.2500672723761138,0.78170409158988,0.34597169345728257,0.7519950883627845,0.5142759834147064,0.4306226052185071,0.3133891393745351,0.7170557943097381,0.494101370508711,0.7013633629745015,0.38267984772416774,0.7819604118140873,0.4668347760946723,0.40259982427711843,0.6179787542015812,0.4551061492599074,0.6327551083400209,0.7022190823467641,0.17238006492537605,1.0
0.7733619108091245,0.1762489983345158,0.13253211534058737,0.7616490366128346,0.16358292815363068,0.7998038765636813,0.2775838585098398,0.7208344501517548,0.6144887036227747,0.4713591010052799,0.3302504386522299,0.6850316784464718,0.4883346476619348,0.6277223311038468,0.42321664291211847,0.530940070697356,0.4903471361376241,0.2222249682178666,0.5007643919358548,0.6992696667022796,0.7075436755355263,0.7611870323125159,0.1313886357224692,1.0
0.833886819881903,0.1766207062450301,0.07907332911784887,0.729295323710302,0.25091167988092,0.747983515170439,0.4063948316812407,0.7148064219192822,0.6941061081055375,0.3676292925838544,0.4690950963250037,0.6168337859876585,0.4890612072719471,0.6695498130068954,0.5892067038398852,0.21916183262408453,0.6191063989388372,0.1654414147682566,0.8120098085393964,0.3367465842335857,0.6182480400024696,0.699604302214732,0.23183249872740727,1.0
0.7084800481777679,0.24631808452447904,0.1651243468130944,0.8346574625357223,0.38140664346855196,0.7627619145738598,0.3300135079119619,0.653788017448593,0.595499318784772,0.35063284240377635,0.42454824765395693,0.5255188674738888,0.6347860661934858,0.478184915435808,0.5200937332290663,0.3750848782910784,0.5809568920962536,0.1388040948324547,0.6911193281960923,0.3560315330316693,0.461232174825606,0.5649883283390993,0.24029237014786645,1.0
0.8399309354351085,0.20354930492459367,0.06953355411822436,0.6971821612900325,0.18452370583399444,0.7351467301015766,0.35809580740838465,0.7716044949899766,0.6663978845473594,0.46525548325682764,0.49182885007868055,0.6894161699461316,0.4851031224110187,0.5618245487143967,0.4002743635379162,0.4662264921523162,0.48809072845829493,0.3080259345340662,0.7156439931729427,0.4348530974472902,0.7500154330514229,0.728873335882927,0.20807516957670213,1.0
0.7041490464205404,0.12924526133701464,0.2775056212069865,0.9159272794873146,0.30300642535411276,0.8470504541436965,0.35573069140695,0.5738128168733372,0.7750583395916985,0.18255195149609152,0.5327638565298444,0.49649651478714685,0.6338936369321007,0.3984972647395836,0.6530843359706469,0.5787393248529747,0.47432676376608496,0.1266128084557296,0.8833504147414057,0.4078710196617436,0.5692326686832523,0.658403881524472,0.23110398228939452,1.0
0.7618853164754554,0.23878663261131713,0.06465032231801127,0.8085505887589826,0.16105187223841533,0.8409464711125411,0.3686979009646267,0.7915557408375283,0.5216087897097368,0.3232043432158453,0.32197431248675196,0.699266518191623,0.40367380295911626,0.7298025501327793,0.3623437170314669,0.5350317169829604,0.4527257866537688,0.3274762642699411,0.5463865595342776,0.5858293579339742,0.6666152231619226,0.6963996560605452,0.10982326694529206,1.0
0.8382885992791778,0.14282608329260288,0.1563311608440058,0.6986103305222012,0.3196332964198395,0.7114435581030206,0.4938095211254532,0.7450948553904708,0.6990344705675441,0.26559437987441253,0.5740717924869403,0.4507342763661839,0.6099715647594561,0.4714481876212886,0.6993578317407969,0.24081358671344913,0.6164631880985513,0.16834341257848678,0.8311099413794981,0.2581154455653505,0.6019198715970118,0.6699635359498937,0.33232092816448083,1.0
0.7627933346158955,0.09619045357251764,0.3190125209887557,0.6140106409724498,0.37607077036355546,0.6715270814381861,0.3480209088522906,0.5855437080784119,0.6775207330413544,0.1870911257518798,0.5787928877147361,0.38165990374025316,0.7028771824855794,0.26551770097234145,0.6876861435054991,0.09732567399601859,0.5745620038853101,0.12253586691400693,0.6288797037965118,0.38893752761981176,0.622106302858201,0.6691450866101857,0.23378289612099715,1.0
0.8145598056396546,0.24043924659433746,0.05942457748024646,0.7583071131361465,0.18494973321878935,0.7894665317709161,0.46719338433749447,0.7449766176651238,0.6548147433959994,0.4253428477475385,0.3874700067439606,0.5391461848357705,0.5124676892456222,0.695333878267912,0.5150757746200418,0.45814082127916117,0.5316322011115678,0.3284648739566474,0.6165666900476774,0.4388214566429741,0.5875054015679977,0.668506772968654,0.22425854960831668,1.0
0.6429853691463351,0.23255952919040926,0.29692191400999274,0.7608312583908039,0.39818065927014984,0.6974613301461868,0.3008409679365201,0.60617546569601,0.557211526084069,0.2383485353320385,0.500743025067028,0.5047631235079939,0.6371713223172263,0.46242952451008884,0.6120256770912846,0.41272834644705214,0.5200781948080339,0.253907180464577,0.5952047355805773,0.42118097430174334,0.47302302611272223,0.5784471884354712,0.18165648524236752,1.0
0.7891571208130128,0.2031443486148289,0.19171901146869938,0.802553268211102,0.21799766352418642,0.7687688919916609,0.3698662914248853,0.6396014249548483,0.6455848270915665,0.3497489666542456,0.4578728190271191,0.5887913398494774,0.5256411959344,0.5715169708657709,0.6195073483854759,0.30395164039633565,0.5343514498014117,0.1736967817921591,0.6781354212827548,0.46871821126626095,0.5825050929069698,0.6580300892563365,0.21175621812366371,1.0
0.8682231174166812,0.12942958310797467,0.12333651468558039,0.6425147053998095,0.1656231398869811,0.7461294632188389,0.25344160787264325,0.7528624337025382,0.49761184016930915,0.5493548845591981,0.2559353888027092,0.6371048033394531,0.45513432082968436,0.685794604557583,0.3202420907739471,0.6167708545145462,0.45955288301424313,0.3845770335983917,0.474020636543339,0.5632794220595179,0.8209766034940426,0.845551251137559,0.1308854153970673,1.0
0.710740803963612,0.15729097558770772,0.1659416862409856,0.9559077972336928,0.21707630777659725,0.6353662625026159,0.17771772907224495,0.7114152515683076,0.380025669718763,0.38080268999179573,0.31797550534751223,0.6056926371480792,0.43355529284964356,0.7208755565185493,0.2541440772078731,0.7506555319350423,0.3687218964070059,0.2859430627090248,0.44608461091167745,0.3991640380432202,0.7915612074819434,0.7923101073014526,0.075965313584646,1.0
0.8399981741931535,0.07922404058449779,0.1102115976530125,0.8105597224374397,0.2107402507129086,0.8378399161226893,0.25015854696486345,0.710837489625226,0.708691067069716,0.39959628009396053,0.3832258209360544,0.7265388005797586,0.407485104910383,0.6925251374274826,0.42329127166293096,0.3645767529106405,0.5106255015023393,0.3146987594118705,0.6001030675430105,0.4340511739577783,0.794462621149453,0.8520154059738235,0.14981153279268694,1.0
0.7942669715175941,0.17967818001020447,0.10056067470734642,0.7544811927473796,0.18548987319437277,0.84980044858954,0.4092301678426995,0.7366120010219507,0.5519403111081366,0.3742042376003004,0.3775588888402359,0.581185872896334,0.5001679762997266,0.5817889340071836,0.4721896381807326,0.3121596552440186,0.5430521823191936,0.11526293400935529,0.6076351055068377,0.5174959474290924,0.7014630532748936,0.7363775762317094,0.15629074566196138,1.0
0.7599595748525019,0.20358086792111713,0.11023981031250772,0.7346819729950556,0.2013112109803704,0.7395750695364088,0.2168851895528049,0.7182025668220049,0.48475276164064723,0.3032745728060589,0.32492185644644506,0.6444406976075505,0.5245151684180754,0.5310042287285004,0.37342699482537395,0.609851527445623,0.471821033712223,0.2621985882280459,0.5499727906203068,0.556611439955084,0.6802271745169454,0.7607981561740514,0.1113378079817288,1.0
0.8137859701084708,0.1487864334273585,0.17630424573543238,0.6464914953143451,0.3416180050089881,0.688865935331361,0.4114600574633409,0.6746707020503202,0.6699335951813569,0.25683318688537615,0.5219315708721504,0.48906260526814543,0.5783314324145611,0.47034027274709117,0.661169247065556,0.001148805238371636,0.5778360871051731,0.226000443404851,0.806857241153435,0.35634033114668967,0.6217359096240502,0.6826807112012677,0.23818471042213785,1.0
0.893868805474152,0.17266307420521781,0.10975955659161153,0.6047676171407868,0.16648322692678785,0.7539333092288376,0.3081569030223732,0.7371930102418681,0.6592215837241471,0.49300206127727814,0.38131882609985884,0.6482577582820271,0.5763934512960527,0.5448659662345671,0.5670210183785395,0.2814321793878708,0.517855818718273,0.22978293827531582,0.6823331504319303,0.521139006846888,0.6690227791839001,0.744798430746848,0.2442789008946468,1.0
0.7159373572772512,0.2487966990621501,0.1858805281056317,0.6973280796796615,0.2583369248646251,0.8288545484955175,0.3228982542594151,0.601070378025143,0.5459370145912528,0.31740400837877164,0.17874843622920278,0.6801315308024704,0.4985358568329675,0.6111877494538849,0.4113957527852932,0.5841342575780671,0.43693062593694465,0.23643179902804742,0.455595737657446,0.5980255199403719,0.5615470090746335,0.6551455700398097,0.10203339908416106,1.0
0.6121133421850384,0.27738572586465,0.23387704902627884,0.745268062567881,0.32567998415475,0.8710830446763306,0.31432785709653877,0.5924191143526493,0.5956873071132456,0.21405661522325473,0.31555327155591123,0.6329234137053741,0.5379908592894549,0.49742915802079196,0.5058230329414429,0.36473852735144424,0.44559472243906434,0.15152618767579487,0.5395589860895998,0.60171989420657,0.4648435088585714,0.5727576894187634,0.09893346045093146,1.0
0.8854598320228662,0.18070581601837407,0.11661930039080794,0.7914488040262079,0.22645958470645222,0.8651413315080613,0.5077568807402342,0.8167628078799823,0.6433009974599126,0.6072501083186577,0.3743133334115347,0.787129811812674,0.5341028268316158,0.7558159851787715,0.5723504676802247,0.5095828559322675,0.5927831131417125,0.38262135197325275,0.6959429376012851,0.5568972176361976,0.5175010803136,0.6673444614362132,0.36809162590519745,1.0
0.7351590897799292,0.23903561255962122,0.11599745128120453,0.7609926841124932,0.23640306718918064,0.7005878719485849,0.16770691451636147,0.7080711782466154,0.41259161260346244,0.3009083974289112,0.1896152747176555,0.6470836659352512,0.5217952851630562,0.519388668357764,0.35296511116558127,0.6521403269981674,0.3970445333444388,0.25559725056803867,0.4740858435604554,0.7088396811940973,0.7407556021976653,0.733834815047956,0.08835741312122934,1.0
0.8997861110889396,0.09783939031322457,0.06400821235675443,0.7688019336522067,0.14199124971890278,0.7570576794375626,0.2633438553980589,0.8119017265784281,0.5181229755376983,0.4140017940822733,0.24037397237518254,0.7546143898924925,0.40474730809399395,0.76345725332481,0.34899814632545006,0.5205084435508953,0.45920994054060416,0.29130086079119183,0.5804151924219975,0.5137695525664606,0.8989135131798254,0.8858497312882094,0.15272332596769864,1.0
0.846720575463479,0.2166598995193539,0.20866176585379845,0.8772372333378212,0.4165653179365011,0.9788660969491636,0.41565400489709414,0.8261616706801257,0.7106478602196974,0.7105710809025255,0.5002140453347392,0.8938412414141784,0.5680296004680764,0.7806175635898875,0.6836550787596775,0.5180354648469437,0.5857400234657841,0.3589834211043809,0.8042061945762937,0.6059851359244837,0.3054818198654236,0.505421655844907,0.5727178607787281,1.0
0.9075961287613251,0.12804739965342019,0.10763220855287511,0.6734241812321347,0.03992668679945256,0.6938537657902806,0.24183554857300624,0.8395398294238008,0.6154139686383001,0.5661981283459375,0.28373215009785174,0.7717267212821246,0.3436194232301384,0.720548635960066,0.3979176446802925,0.5119157469518668,0.4425268477406303,0.33170177388624145,0.5304373206097276,0.7886014309226553,0.8488795604666947,0.8519906586344186,0.1474597026038694,1.0
0.9766279203541216,0.028486217236154316,0.09680560047157999,0.7712918880422005,0.12417762205231507,0.7981111978920568,0.36893869837270815,0.8720888051488733,0.5114183410794363,0.7495035163082818,0.3734563160681599,0.7741951191598153,0.4706353721938605,0.8132769195406547,0.37663777356003003,0.6494555503610775,0.47825827628384915,0.5144857151556842,0.5865968544227856,0.6350251798996545,0.8065312673621827,0.9208063230419782,0.2522458862348292,1.0
0.798374138988172,0.24444529565794304,0.07035241296218644,0.7863274609044161,0.07886064056260636,0.7931954433840029,0.21597933021860719,0.7482988812622537,0.4973493903407883,0.5627138417242702,0.32107609959786804,0.6815011002399761,0.4294696923100482,0.7414311669374296,0.4282717119928584,0.550630065207437,0.5053832443060536,0.39365270599783875,0.6573131902194378,0.584651884441582,0.6859682696462747,0.703214644211118,0.14678276170404525,1.0
0.8580544348897194,0.11843807600553438,0.07679381481128171,0.780625620424651,0.07861203274044126,0.8292729383285561,0.2329714415391168,0.7888589350013987,0.4221570626071533,0.67942684634473,0.3669154919906892,0.7128595240666762,0.36280805114186404,0.7655273842491077,0.2861186227608821,0.4199076798882392,0.40690065636600853,0.4894940925922129,0.5710012341973317,0.5678202210738011,0.8862892771158718,0.8762422072275967,0.1227662870035696,1.0
0.7608602203221038,0.13867187200745268,0.2017424987822219,0.8025826947749516,0.15574453459433188,0.7432869926499297,0.21851846830302266,0.7444964582697672,0.5170113160048398,0.2865252886648916,0.28993194577127673,0.6615035294507725,0.3926442833445984,0.7067876251168373,0.4089772325726749,0.4665882666803967,0.40623745017887947,0.24930423587838155,0.47494378104688945,0.5734889640236397,0.7275140440767952,0.7956338374176588,0.09684268956097328,1.0
0.7792818705854138,0.16812857477748866,0.201841136672209,0.694496963984338,0.19891616012176036,0.6783250021762512,0.2497242788429923,0.7126926519723007,0.6176463486899049,0.6189654637644524,0.32850099401023763,0.6497241746581616,0.4656709693337709,0.6399303320644945,0.3572458281756707,0.4270687219742371,0.4420072220134321,0.3434876068531516,0.6252590278747416,0.689184931359552,0.658744366936231,0.750865023439467,0.16258516213388746,1.0
0.8487825640435236,0.12142338389030799,0.2191529258866652,0.7924382839128595,0.3476945702978939,0.73522467459513,0.49652654055118234,0.8032835459780927,0.6738309313898622,0.6037261856651001,0.47734909796474,0.6184243509155968,0.643747629844343,0.7206559888611367,0.635098640194555,0.6337991517279168,0.5271416135644333,0.29288251131689996,0.9078572842548476,0.6184617361161192,0.4543490338909803,0.6706421906852399,0.4353111061103664,1.0
0.7399056152656011,0.19401007870830747,0.25519822843644424,0.8986209100725376,0.2439192791429176,0.881573786654347,0.24555744777699864,0.5909675816071391,0.4770971305946603,0.43062229475350533,0.23964172021450048,0.6979341502765742,0.471484077926361,0.6324246861554185,0.5142621247471751,0.33922067080827406,0.42109102541983157,0.2557574334598692,0.45921332695673317,0.5000989690301542,0.5393542811284651,0.6554825261611881,0.1408353797092332,1.0
0.7895826713737972,0.16253089266589354,0.25605941218177397,0.8052920872553668,0.3972446582178419,0.8838821499750796,0.5198549446975897,0.705093632661366,0.776118773356285,0.654975016062377,0.46546380809339144,0.6276893132209336,0.685688849617429,0.628215887830902,0.714471525496055,0.38149922939249403,0.5720330333633629,0.18750861746119796,0.7983552165484648,0.58622638057211,0.3554540403728611,0.5669334303304657,0.40325370358891405,1.0
0.8312302991254611,0.22355840609931937,0.0032088671930107274,0.7075991648928015,0.033677278605641514,0.7867616342810828,0.3401556895903056,0.7797439901362141,0.44588694789669964,0.6006480079633918,0.28478164545815027,0.6560711233300929,0.40274419290536667,0.7227295701343367,0.3598997644676031,0.5983550117105384,0.40849397178207175,0.43865942307644123,0.47005907474430153,0.541470922686016,0.8789740107414038,0.7835396534515485,0.11398332689157953,1.0
0.8242359937546206,0.10049129489491526,0.20030954162425538,0.7503217713016502,0.1963201666234567,0.8292827658087711,0.34058223919551117,0.7513560887664699,0.5630511008948645,0.32939567638252176,0.41592236112875314,0.6074053214538689,0.5978569661347676,0.5816992249357265,0.520462724762517,0.3510272242314626,0.5185099189077284,0.2943874368117925,0.5638598850508558,0.5754931094051403,0.6677264028643732,0.7910824580846831,0.22649132068135958,1.0
0.7857895796809292,0.11669651872405833,0.20820615386902463,0.8735181827555432,0.27557105896104217,0.7887668477826247,0.46317874007707244,0.7334131569749055,0.7063813295293108,0.45355318803877337,0.41644668024666043,0.6734141041589602,0.5125480069767004,0.6236767578075104,0.61584935324692,0.38538141697301853,0.5523488125905616,0.26394736733188107,0.8200056754494612,0.45393802807470895,0.504382986604111,0.6821160921207859,0.2909654321174929,1.0
0.8537172400889877,0.05644390749896974,0.17161408619446816,0.7588521117821742,0.17972605499063066,0.673288855213597,0.2684677317508749,0.6670150972132504,0.6261893798680248,0.3404959579709071,0.3810224753095382,0.6278573042281291,0.4780931893807213,0.5911209907408295,0.5620154422845529,0.15407680187501524,0.5421558799966532,0.18662696567947462,0.7125255930767259,0.45842562867609343,0.8580467930119148,0.8708891862816522,0.1631780176827071,1.0
0.9214717901857641,0.18795932970001375,0.009870745246842809,0.7107325801456404,0.02048672069121785,0.8076019704703316,0.2984006471773105,0.8914519714645325,0.600317620109811,0.7011899048282395,0.30995624867581384,0.7260702458671561,0.46436436228948286,0.7627621648550583,0.4560262296888233,0.4167899191786159,0.5164973525992932,0.25987623913683044,0.6297483859876017,0.5386769577642436,0.801654423112538,0.7831719433288654,0.21174832390863355,1.0
0.8344727997601279,0.204760803048434,0.20030248254725677,0.7310304633831372,0.33844991230957155,0.8612572877635715,0.4394887335808234,0.7862738493066128,0.8127521222714394,0.8041285915066162,0.40240631157129725,0.7377795634133557,0.5571150976493555,0.6177425889893441,0.6542646602895695,0.5387062609116146,0.5852543913535332,0.33446971437832324,0.8050228243916829,0.6070069450953889,0.4203963207605397,0.5688487836553899,0.4035892794933129,1.0
0.7627016185906675,0.23488124805604127,0.08767298759407978,0.7581688549948848,0.2679070879612941,0.816525019763249,0.3004519953203446,0.8001256728919732,0.5627978680422582,0.5360272222663027,0.29827717759827205,0.5710663209065157,0.6183457485989026,0.6401211990924023,0.4382864973738665,0.37338377443499143,0.5466946573379057,0.36215829860413984,0.6599261068868573,0.4940196581566294,0.646953515649113,0.6655009396332819,0.1571101891039965,1.0
0.8795549124950869,0.10454675690210734,0.22990970586207218,0.8125822148417079,0.23031641815502832,0.7491393386254858,0.18921207299909007,0.6579742178963158,0.6474013377324872,0.6079975217638766,0.31539802488375845,0.6113473300517063,0.569119281954972,0.5349548390130059,0.5443820364759698,0.42001019910055626,0.465407291101926,0.2447850341793912,0.6907804917329168,0.5712592167519706,0.6959071547626388,0.7830039180000028,0.20735899682038145,1.0
0.9609017185492794,0.06570488904687424,0.15077139869201173,0.6063029364324332,0.24053903712604707,0.6792210028901641,0.38093520290025307,0.7736185205683417,0.7943423692432593,0.543626018765528,0.5401280825998355,0.6092503939875106,0.6050431920725498,0.5584857872323774,0.6375442981347414,0.2337899997022989,0.6288179525780527,0.31294691901712657,0.9016082246786299,0.49118581080400475,0.6999506142354465,0.8216188815661739,0.3433443143459103,1.0
0.8091603564245464,0.1394086994360031,0.28889133301749464,0.7414073908084726,0.322599691566948,0.7260759658631529,0.49129135506329363,0.6557267108104387,0.8697183777764291,0.5089834852656528,0.5201752156640064,0.47696712976982714,0.6289144565119391,0.47539958207599914,0.8015272238143162,0.17378189575015823,0.6395776563911983,0.23819365918963326,0.8536658525575527,0.5584121931286486,0.4313537872708188,0.6022065976131153,0.4476700021000925,1.0
0.7310203672781636,0.2889126547697664,0.09668322540056327,0.7216035935906608,0.19555237519988314,0.8329905436818221,0.45431849230151605,0.6424128527541748,0.6525074745673183,0.33912087872524954,0.3310845814859397,0.6361282172573596,0.47671271709723373,0.7028820654106117,0.5631479975297439,0.2934923043502851,0.5014974785484531,0.1861183839473354,0.6868657801368561,0.35486902978231577,0.5712080992653858,0.6097095083094611,0.14690617459902433,1.0
0.6511486852052901,0.22130226472160988,0.33572595587752174,0.7266157314643884,0.3998622743007027,0.8492227464528269,0.3876693040127196,0.5147941188719878,0.6881744177929983,0.24719896113699524,0.4870207835009054,0.5290744721591284,0.612486479872103,0.4573517087643418,0.697564610000895,0.21259316679408616,0.5675710280476753,0.038859895088319725,0.7890706174057956,0.45785482673966466,0.38943761960614753,0.5195676194480112,0.23535575866120334,1.0
0.8509648746116486,0.20662516490133512,0.02645887265069659,0.7487066733257891,0.12834322985842175,0.9441313571745519,0.362028239310375,0.8301630066515414,0.5737766495735056,0.6597575845307058,0.3379467736746059,0.6703836865866256,0.45804001780188364,0.7651835256141957,0.41785590366225356,0.5732067297301464,0.5306948102490464,0.4403085553797825,0.5687121588310278,0.4045250720696818,0.6821717389962347,0.7259702720797864,0.19494531976271165,1.0
0.7297068522416191,0.21499962461484728,0.1222842037700575,0.7478901095333778,0.20989136657629917,0.7613172400504564,0.1622677976934128,0.7173084602362728,0.5886336551439231,0.4927765705465053,0.29604688612079205,0.6921723415843182,0.39004762914776714,0.627307505065378,0.4406761374091958,0.30867838709991013,0.41365649335007426,0.4114554710744189,0.6565804758860502,0.35707245628750456,0.6559355515772569,0.702557668354535,0.09217261547998447,1.0
0.8532191424471549,0.11220760177917254,0.1667772823102266,0.7323764250718527,0.28930876998923677,0.600917950038744,0.37320551469735064,0.5994305838293311,0.8769358057092403,0.47072114717084557,0.5421759404879377,0.36257238672355824,0.6254029698214304,0.233938813938595,0.6402830583620235,0.04620643716801933,0.6496142981030537,0.31998002065359105,0.7637093075564518,0.4038508214953625,0.7171121674177413,0.7181939097531466,0.3847650213934452,1.0
0.8248296412105173,0.09428962573334183,0.20130459952331728,0.8475736688771232,0.30441611897368714,0.8444636610754515,0.43811432981719356,0.8231105431836018,0.5617848145526813,0.35219390603213474,0.4188443788499089,0.656308536682502,0.6113563687857434,0.6293732838450378,0.5889929015517901,0.3810977349284449,0.5170209973072196,0.2870950727947477,0.8025633597215494,0.5590944038103167,0.5384900302487805,0.7155476721144456,0.3409987756072453,1.0
0.696662246637704,0.21780137682080963,0.25810361209747157,0.8005158289807514,0.3347332774571736,0.8008878569465404,0.2695926039954597,0.5530154941977883,0.5600960665256499,0.35591965292810246,0.27256558589142305,0.6787263585856209,0.5874517138289395,0.5070168934497927,0.5150795931800686,0.43978686240139186,0.4351781224916972,0.15339115058043137,0.49853073221040817,0.6385926838129236,0.5558676461509973,0.6434557227283881,0.13212918485794212,1.0
0.8223671691505384,0.164655266194039,0.1648196950226943,0.6890373555047703,0.21799259051141787,0.8338405042810786,0.344440837392029,0.7165051392199443,0.6391554879014,0.5489333351798187,0.40958791655592997,0.7454669966961446,0.46616560021471454,0.6767930755653635,0.5037932643835784,0.547744099310278,0.5036973103715146,0.3518701320997256,0.7688902909035631,0.6578116914748217,0.6597320822272968,0.7302581638107115,0.21294910578039133,1.0
0.7712430052102086,0.23114425055503388,0.14235074753015559,0.7331982202533931,0.10097517147404857,0.7934916883503885,0.24459755882614148,0.730730146307744,0.5247403573137389,0.49036425748288887,0.3326411195487662,0.6380147341317223,0.47890327040659075,0.5251462812542644,0.49330697952277264,0.42450801048282205,0.4170890130180798,0.3627021578085956,0.5415172484367995,0.6657196158976316,0.6105623803938508,0.6868466887703863,0.1324487331136473,1.0
0.7937818497764366,0.13505698959493656,0.1954736955042297,0.7218700207655787,0.2120256857161573,0.688635723114145,0.15023767699460064,0.6122268582004664,0.6399676126724778,0.514389715829502,0.34178594137871254,0.4892766523750443,0.5692889870036153,0.47411346452270514,0.41102238659084106,0.3575878044688228,0.3965580246513518,0.22369777528071788,0.6338546028695217,0.5617577640078112,0.7068954873757637,0.7679217077337765,0.14225456819684487,1.0
0.7412421330351608,0.2704481485851045,0.24233942796489882,0.8125062662816769,0.2515246387272858,0.8542853891870796,0.3146584838202878,0.6195024855871075,0.5795186967068552,0.4425590945362166,0.3382605348060065,0.6554268913453242,0.5676068268830553,0.5692104518331624,0.6024382367726784,0.4982059302978757,0.4942816423213481,0.2678631551113126,0.543896394786226,0.5711193416146075,0.41308105438607323,0.5518886420484459,0.24986857926112857,1.0
0.7910050070319143,0.08463295759067083,0.28622709310237915,0.8155550451318245,0.39564356782858257,0.9127857008020388,0.48302482371441124,0.712240842915842,0.7255267586512272,0.5575618819968564,0.39760108421837514,0.7111192306971125,0.6442528193483609,0.6685766185739246,0.7062393588630301,0.41684908052503994,0.5564213881673359,0.3408353723775843,0.7157142329897178,0.7325161196677988,0.3761651953824298,0.6538003230666433,0.38575486027083067,1.0
0.7249270022837584,0.2530324225519143,0.0947610221798958,0.7840683415597317,0.20475012480562996,0.8379092441051537,0.24739607969429392,0.58874183818516,0.6161346289964408,0.38237999967157393,0.32833862249081225,0.6427890115005668,0.5156938900626803,0.45936451684665075,0.46284221104283174,0.4732296559031067,0.44941689969370935,0.2658279973131402,0.5274283322876294,0.691268251965176,0.6545774430520402,0.6741121445015836,0.10843355019379693,1.0
0.6773535166191346,0.225684924685481,0.12170651823263125,0.8003308620079823,0.1757191902090742,0.736956360445333,0.221560731802721,0.6911830126379823,0.3705853398240015,0.4687698849836649,0.17264115642976277,0.6771650629546904,0.3797872646141256,0.6592282511000137,0.20501314926242786,0.4017587907291248,0.40110213742686246,0.3969395987903666,0.3330054356817237,0.5934994946232669,0.7115871350083339,0.727596682808156,0.03796674875293573,1.0
0.7584006973304601,0.14838025137015592,0.15224661571797315,0.7420596329316412,0.20324642946731394,0.7104535559107007,0.2825587471791234,0.7058516530143214,0.4057939974922501,0.4656384418364893,0.22033049131031754,0.6056379724316089,0.437859330544379,0.670374524811541,0.3063831647214325,0.5419803665494235,0.41199951506408916,0.37323846519089743,0.448669224533324,0.68306357605071,0.7817766528798064,0.8163206177820933,0.06404612537213059,1.0
0.8112182163089215,0.10359235930334657,0.18999950544643804,0.8316621185888188,0.1949636490484387,0.7443708682373836,0.15507160117530666,0.6648136277613756,0.42803621903940475,0.35220977467453685,0.313463173501835,0.6268077908639954,0.4967492836620057,0.5725596427789088,0.3339463466086825,0.581657367121509,0.4158914580267146,0.17899440280636375,0.37026534210262113,0.5514537162424499,0.791869868510401,0.8447330959211984,0.1076820448447352,1.0
0.8098548620175106,0.17524388543551583,0.17463132725651184,0.7048707152091312,0.21461124632213033,0.7878436934148477,0.19099626906200676,0.6681590598726659,0.457627187960196,0.5569087257261696,0.22594422811785164,0.6917496585010597,0.4094287488801556,0.5787840721984724,0.4114771659679977,0.572983791125584,0.4157322114533229,0.449153239631304,0.485121715033592,0.6666601861128785,0.7012469905549716,0.7646318569291554,0.11248840178338078,1.0
0.7734571657163548,0.1113640577143181,0.28966773689334374,0.737462362899362,0.45310886355362334,0.7293765437236471,0.4397726429668597,0.6064139332704366,0.7385411557710708,0.3098145517016825,0.5310452147989936,0.4226765191881814,0.689955638836319,0.3366914197098432,0.6880452179048999,0.372578727925022,0.522258963371326,0.03869007794584053,0.8771637360717269,0.4431256471989029,0.518334465090437,0.6468321114948045,0.32785988332875493,1.0
0.8301718784999206,0.16485598233697954,0.18033253108196862,0.6991479491728508,0.254395737480519,0.7306323187073258,0.4174155024274481,0.6479334767083369,0.74316670768074,0.4465908758396409,0.480967475758813,0.5205421031406612,0.5943388915854175,0.43360393748327525,0.5908940995642907,0.2156290779921663,0.5753306102154515,0.1997275440700137,0.7465574230826905,0.49572156514120275,0.5611148836347912,0.6733702693883518,0.35541184203542253,1.0
0.7627909753612273,0.10245930901552575,0.2647791813852272,0.8218974505268815,0.36798141624974684,0.7685246371901566,0.32856252833825456,0.6622703190891411,0.7347250428911534,0.2880403630478602,0.5184762610111461,0.45722474297764465,0.6852293013409311,0.43407632161479426,0.6078436865409138,0.4901033763004701,0.5109771591515102,0.21771370157492922,0.629414027425661,0.44088556489073777,0.5637076362738432,0.6941115800024145,0.27251076681221903,1.0
0.7796746864876762,0.2370298300960834,0.1258145463183275,0.604579660802801,0.25112931363851737,0.6650372650131877,0.38758277537852087,0.7064151361514593,0.4722107633606611,0.27108154348980185,0.33687252884483376,0.6307314139160233,0.506362909971184,0.5945393454986607,0.43233588328337724,0.32979293629204043,0.5145369634201867,0.21429726437893198,0.5948146290839557,0.40532747054502316,0.6685597876412122,0.6949234420464274,0.14207237928266792,1.0
0.8357317570324692,0.09944052290385695,0.16993482991777337,0.6250228085062854,0.1725059650590074,0.6608658780897819,0.14287766511620953,0.7511145696730311,0.4789868887262915,0.619354973155651,0.17282238468783465,0.7030530797666965,0.4738941062042372,0.6030701371167919,0.3092036347186055,0.4530837700972274,0.385968108830169,0.3111795775826513,0.4715634043715156,0.6925674528604818,0.8612877338107294,0.8951010111720267,0.08255595449515778,1.0
0.7462502408821741,0.17426910978560156,0.20228147172652686,0.8118784061685551,0.32442385485919123,0.8246373485141665,0.3206069211837381,0.6828269863087076,0.6276104083165093,0.3949182348428884,0.4628638548970743,0.5358712210571343,0.6318626361492002,0.5505591987572334,0.5291006782768224,0.5534640204419372,0.5188861081621005,0.15447479092231314,0.7193823567594242,0.40617502543180595,0.5118525834928078,0.6557934922124884,0.21447388537451623,1.0
0.794940833632211,0.06274501542143508,0.2632828698980171,0.7045994303157366,0.38024061723990205,0.769505359167155,0.2578066829456276,0.6746422135294292,0.5442184385582821,0.4435133087191027,0.36846801228249726,0.4997355683358409,0.6621154376178415,0.5305500765542487,0.5347432495006944,0.5318619299636675,0.48534100513505485,0.2078699128262091,0.6038980840002653,0.4394665037781929,0.6802889067226369,0.8285241336339983,0.17493637920535765,1.0
0.765607040714609,0.23687262798718492,0.1896811375265264,0.7722542768065779,0.2955851210142547,0.7914343566006923,0.39422994161906955,0.636957934337686,0.6295989963031992,0.5610244567660677,0.3815182146829343,0.6319533455759755,0.5830389764633233,0.581789482926327,0.5297795663468062,0.5628769176805335,0.4648635325030478,0.2905390004013766,0.6380410469333087,0.6363217601834875,0.45956540527193,0.5939452150620017,0.2270137741852104,1.0
0.8762587388167176,0.14608044273997467,0.06990294958719367,0.7146281901110164,0.13376726189443486,0.8295502735462816,0.42221113870311555,0.820309939640394,0.4690001427240921,0.4562565827391995,0.4016328638651061,0.6430534805056722,0.46456759322250335,0.6599776433564648,0.4031839950580419,0.32978574649074927,0.546194632844275,0.3131535228090579,0.5808778712444668,0.34680614532735227,0.7706031236496069,0.7972323657213507,0.21109750568401534,1.0
0.7562708801787036,0.23381163019812687,0.12801921312506032,0.6516753348526938,0.2861338113595925,0.8105564323955293,0.15205807899424487,0.6081416687896295,0.5767009064322718,0.4751989114492872,0.303819665933079,0.6585315889823337,0.5317014846004993,0.5809948440490449,0.40002623128297937,0.6927993652386664,0.4341587285995605,0.22491013418095374,0.6828483413569925,0.5707321135118515,0.6101302549540085,0.68239297424469,0.11379417671506793,1.0
0.8487875774596936,0.12255873245457469,0.2532686291476652,0.7506058544148779,0.4193018384179702,0.8080180082287215,0.4410669671200838,0.711394386087364,0.7387555267605502,0.6319270878202816,0.41756233490306266,0.6713701725780014,0.5991571883706581,0.6094003903055263,0.6331561794897272,0.6144126309850656,0.5555376048115364,0.3362397635616059,0.7167139792849966,0.6400280909895303,0.44120007407864564,0.6423071477925767,0.46710115788278644,1.0
0.7629021552374682,0.2149740371370831,0.2719787541173209,0.7859262320417679,0.45239337247597344,0.9104081725139165,0.4407660465295543,0.6895316687305886,0.6872630562363579,0.6134783053234798,0.3888992886060628,0.6268029946346537,0.656296214950779,0.6720847216117233,0.7019840000573897,0.5957437760224549,0.6153230633924274,0.34343125936784796,0.8338537334211191,0.6494850916115815,0.30906228779554157,0.5302411971176101,0.4637088462310494,1.0
0.7419664242183115,0.1281879009534784,0.26677324648271045,0.8875366241028547,0.36372898971842427,0.8492592618295498,0.4033229636077526,0.639696206286883,0.6842612655522395,0.5082973886582801,0.37977101999271246,0.6947641501323752,0.5548386540022977,0.6692477506439122,0.5579173117611756,0.5255241866253021,0.5217520781294916,0.3012966342745908,0.6985956875875416,0.7202176227833865,0.4382677943082903,0.6592035142032743,0.2719261643064003,1.0
0.7412179506748113,0.18506196919390264,0.21883570491896276,0.9215535450777007,0.3031819576352066,0.8544602344985822,0.38422481439125555,0.6620288921170311,0.626727626845596,0.4210968197208216,0.4500699327173339,0.684567919963211,0.46394296493524706,0.6591468542327301,0.5876897716009418,0.23215163253451862,0.5376062798884002,0.24898913759796726,0.6659875978911796,0.4175771585407538,0.5123464411383416,0.6057706133352773,0.27990798120210886,1.0
0.7361582341319302,0.1911113392363288,0.1416089414085744,0.7630955157069539,0.22072297355333206,0.8501104101100645,0.23967796926639012,0.7673195865385847,0.5611001675441399,0.2637883428662183,0.2978968286085258,0.631487680899002,0.45361193884718504,0.5839946871684438,0.44251197502046324,0.4522820642239841,0.37161713056674717,0.29592880363594515,0.5295002133132778,0.7819577222319886,0.6971109327736283,0.7200112137311618,0.10052689579395094,1.0
0.8477952159648638,0.17392207004227309,0.10941914827048486,0.6911254271084746,0.1634766968505362,0.589191586179526,0.19137117569715334,0.5824414993051409,0.5543708391864635,0.6955532678377566,0.25746723096634233,0.5573606651320545,0.44296654554989723,0.5862159276912537,0.29853635752721536,0.5635665440180889,0.4016948642995904,0.4400519879583728,0.636647040468613,0.7296103529090664,0.8671214272485961,0.8151457957113655,0.1495279630200457,1.0
0.7200893505865257,0.15583463441316586,0.2991450384703182,0.8494649094648558,0.30425354854218206,0.7532122935536341,0.2415812437607599,0.5443376535219734,0.532844961566906,0.28055516051835955,0.3143050304559002,0.5980590077200839,0.5373716231195379,0.49911833905947894,0.46096648245497496,0.5906168765859753,0.3783285245859722,0.22247402994959967,0.5567606630184461,0.7304592672380505,0.5870732761281554,0.7013693938993958,0.1217857298092971,1.0
0.8220209485279738,0.1715168471324406,0.17719413875873963,0.6668997048118621,0.2030796239760422,0.7160303831222202,0.08689602543616855,0.6424420321850307,0.4827971011139017,0.49294610513512893,0.23666476617095245,0.6111208004504952,0.48217409719895016,0.5500799531364202,0.4103893212411772,0.579745365035383,0.42022058381422916,0.29598586368672436,0.5339516471837098,0.6446334225613323,0.7375146613988509,0.7719472580895871,0.13231046474128286,1.0
0.6594517871033386,0.18903047974222542,0.24977974241841874,0.7727677002825067,0.308823404504159,0.8502504633470619,0.2871459327251041,0.5189844762946668,0.458676743115977,0.21630161869742676,0.26519442247013997,0.6395328636985783,0.5103802855616837,0.5190621790928936,0.4436549849639797,0.33079762691979936,0.4559289396106057,0.176939144723733,0.4335932666818597,0.3880720051656183,0.5887400456818315,0.6769873783774149,0.0827988092557417,1.0
0.7146789898185769,0.24096141500284232,0.2280359170313055,0.718566398530727,0.32081486677103976,0.912868885065849,0.42702668062702587,0.6273769016100991,0.6352487109052031,0.46151493882271394,0.3831942680409895,0.6094222588722512,0.5869358754572055,0.5618567389013138,0.5487624438541341,0.517065944786872,0.5314887583096383,0.19622916184431904,0.5739052854203923,0.3981610808960978,0.47786900425952133,0.5818544558566973,0.23988569846447794,1.0
0.708569110041494,0.2885104563917367,0.21340028657554028,0.7250590195279116,0.3356742986783672,0.9146108641536231,0.4145446204655555,0.7034510863408601,0.6705336549024776,0.6148599987672788,0.3704061850217959,0.7226619100187515,0.574935165570293,0.638074436440215,0.5470968843613373,0.562240209532242,0.5526367108509821,0.2554242351028284,0.6136438593843518,0.5121328824287394,0.3751157478856707,0.5079031074266311,0.26937159632247243,1.0
0.89061332893881,0.1317212711613805,0.13043556947200396,0.7564549211315541,0.12520697559851635,0.7445854892271022,0.25442744525781696,0.773540839257941,0.5447656515712902,0.6548874856295496,0.31814741237682165,0.7101829206434644,0.4545417293902178,0.7512426261259296,0.41742318295709563,0.5214763519688931,0.4365793923377088,0.45356795913356646,0.5631843026720553,0.6852249581205813,0.7079758009753686,0.8005561520560958,0.1929700914745617,1.0
0.7758830693289759,0.2590509956899657,0.11295215127491015,0.7684769336025786,0.10195423274188037,0.7673182324862309,0.2353015195372668,0.6637777003901572,0.5422268121571627,0.5341869927125822,0.32463000555966487,0.6767569530298161,0.4266354690940444,0.5926529848619152,0.3453869378155703,0.4690980002118409,0.4209592598138763,0.1390527253707205,0.5685037847943895,0.5086325644421055,0.6461818630779674,0.683201579846188,0.13349167852852115,1.0
0.6212973307948423,0.3382234016636458,0.19954841467886222,0.8017991074175843,0.32881000283646067,0.841721421489588,0.39316788388182283,0.48114957009417486,0.6334817372709629,0.37309339123682184,0.37421358554971673,0.6182479357619933,0.44834038834920237,0.6306276425050275,0.6062697354153588,0.490451131107208,0.44843850256955275,0.043517705389047694,0.789429636686064,0.560551070697497,0.4142231001913696,0.4998137881701701,0.1684909679295655,1.0
0.8185416377059821,0.17595926228390468,0.033766085960800524,0.8594342556264583,0.0018249487023828525,0.6983334782614973,0.18876739503566337,0.8271046015700526,0.43189486633024726,0.626955508258886,0.2923603937153863,0.7248972603425361,0.2646443068082052,0.8296806623919047,0.24333970258950607,0.5294274585523768,0.41450459954939317,0.3451523936718651,0.5311709866584352,0.4368109726574735,0.8781714920674109,0.8298443435580328,0.08123812294417171,1.0
0.9071012750946611,0.08777071781302169,0.062003670974144366,0.7199367422294898,0.06602217389152597,0.7310601750586284,0.2089262309371046,0.743672686318474,0.4195919973698182,0.5058739609476008,0.28804659332830057,0.6779480166496468,0.36090907826971363,0.7723970289133822,0.322755593033054,0.6299661974657006,0.3927684786721237,0.32215256335932846,0.4686890434402876,0.5563475771374121,0.939564170627817,0.9379855402462866,0.11564737957632154,1.0
0.7477392254846691,0.18892904914174707,0.24703767529257498,0.7916735669234212,0.3202509281752882,0.8484484481360787,0.4944287289690098,0.6384176658814478,0.6815611460150476,0.44920844766474927,0.4408537017038197,0.5739639198201596,0.6269907791691339,0.6432541943126178,0.7003422602230116,0.26256141051302045,0.6084703658082588,0.16779945105693708,0.6829990220883124,0.37228163357716104,0.430983394036668,0.5895715302433563,0.3092842690804768,1.0
0.7239962763171365,0.15442548451497953,0.28384616220717385,0.8313811182584707,0.4146967544588436,0.7916098656164273,0.44620313216390695,0.6949098040196313,0.6247183667893056,0.2974618064328734,0.5060813570638176,0.5519483047904179,0.7287161410917441,0.4002284380927507,0.7340694136080662,0.39564630957637026,0.5473793777301379,0.1266064209457224,0.8315536149309488,0.222045470622757,0.42351379714797116,0.5812895353495415,0.2977216840905814,1.0
0.8234040615772313,0.1578595691804194,0.1359355363938776,0.6842233564942967,0.12885261469409565,0.8113773064478936,0.24102566289997976,0.656842323130956,0.5707135344624426,0.5185250786063442,0.3471512727967463,0.7303600425823792,0.39887535999504103,0.6561165461008652,0.3660543934690316,0.461523266817166,0.4386202085996567,0.3205960353343636,0.4150854685523578,0.5321700449924593,0.7657571455028078,0.7991704377644664,0.11824747086693964,1.0
0.8985475023881119,0.014394794863505502,0.1553402887292948,0.6723726720172412,0.17356207270826204,0.722084716419209,0.2935036545906919,0.7760619006293018,0.39069676940043213,0.5081171844224296,0.21534765169323986,0.6802990298887075,0.41462074872651417,0.6794273777436806,0.3228940992491669,0.6176454911033893,0.3823564014625672,0.40232723692214384,0.4377655995496806,0.5965281680600758,1.0,1.0,0.10666995863406069,1.0
0.8779473753455127,0.09595733173169028,0.11415283287414896,0.7124655712122261,0.13024046114261006,0.7090017436558143,0.2295308619557005,0.7137268981292709,0.5648369967975383,0.49930921988087923,0.38383641499029775,0.6912592133058212,0.4225371440599751,0.6851596619425583,0.43319098121556254,0.43590632558046744,0.41587228717218566,0.47409078030226603,0.6493296891562266,0.5589599336841163,0.8430150009259822,0.8683689915375779,0.12719142512182985,1.0
0.8338033612480139,0.16964160677102896,0.19644420626116582,0.717676688708175,0.2366579558842973,0.7244731201415977,0.298796068817279,0.7259288056878319,0.6293755371991315,0.7619946410027887,0.3624353023131594,0.6314673891594799,0.5424705807403439,0.6821678173592508,0.4514072549924881,0.5352132223039124,0.41342182285016493,0.3276247738776081,0.6428402440340032,0.647806098598574,0.593524291622939,0.6972698297950335,0.2700635601526966,1.0
0.764369906547949,0.19055929323402748,0.2827724493999132,0.7800170977677733,0.42118151420931127,0.9725190817295638,0.47350068194618133,0.7671286881152497,0.6608924132446546,0.6506941383392133,0.44372889900004053,0.7455605846584256,0.6541236654474334,0.7390604635735382,0.609881462952815,0.5186078168413496,0.623089987320274,0.3212556553680628,0.7206825418374054,0.5701392656814074,0.28807333786036105,0.5217352111728646,0.4180937274409203,1.0
0.8384207175405994,0.10129415946667741,0.2110219806637415,0.6449858828395373,0.28256262929516873,0.7191768768053628,0.16696304247271213,0.7112600501598321,0.554331828115485,0.6039034611811007,0.3056458232163835,0.6781685202191209,0.53111092366547,0.5962373484521545,0.474883799109839,0.44269213670941776,0.5175098699204672,0.32101946731925607,0.6340289780861579,0.5989203932430613,0.7285634915735542,0.8311788534911964,0.14802258405742558,1.0
0.7263826624140645,0.18480303004766638,0.32723134403454973,0.7855288333033035,0.39758247972549193,0.8028071382158708,0.4741541153175842,0.6017002806402516,0.7581240351847306,0.39242521122764973,0.5600828244954732,0.5301799415322476,0.6370408736877055,0.5444438866217017,0.8118101610853523,0.23057797749011136,0.671580996132538,0.18741064884375375,0.8309789466376124,0.3667946218435533,0.3444348416568921,0.5162514653803075,0.3891619077906363,1.0
0.7435421114298644,0.13919465328967642,0.16507340794590855,0.7778952089700574,0.22369308664506643,0.7520786517926744,0.31845436906889746,0.652759459783668,0.48580789852650735,0.35185867756568,0.3038318799569752,0.6180812975374327,0.4415812000557599,0.6115645040288986,0.3880508563053665,0.5332879202589236,0.4272062526985715,0.16662978396414624,0.494362696579219,0.4609316866699305,0.7897092413111912,0.8035980558559709,0.08930273341021837,1.0
0.7660936369899343,0.24235983961094787,0.0569097546949346,0.6757051603099645,0.16345814109847492,0.7630870481402612,0.3718225291619016,0.7257005750960538,0.4223784743421229,0.4234289707209855,0.1739324144648113,0.6590913335425465,0.49986867994565803,0.6943484899882527,0.2652230915609736,0.4563154097487377,0.4797632358326499,0.3039543207895921,0.3456527837963466,0.6182826828372371,0.7024199024631154,0.7078439490689774,0.09809923329708875,1.0
0.8061478831200334,0.20566647718654202,0.050410511572961794,0.6956004134198677,0.12839023071779257,0.7013894636464041,0.19916377996682358,0.742582729787991,0.4409042805589413,0.6570166753092346,0.32814989439350584,0.6342519692329973,0.4690114649894925,0.4575109345244761,0.18107366962029067,0.6679544474964312,0.3397511972448653,0.397728624368622,0.56206035591443,0.6206417572850911,0.785696647941231,0.7801107335728972,0.0799067516183053,1.0
0.7480739447407261,0.25998746673244855,0.1443476031505394,0.7695433896435544,0.1497843938160961,0.7581308309618909,0.28451005928379386,0.6482824207861702,0.47547319303255764,0.49251739436304237,0.23853083331304017,0.6201808161866583,0.4608189210525491,0.7052845276678075,0.406951986969405,0.7052958814101344,0.4254354233341135,0.17156698570659562,0.4422105165897853,0.5545596977177079,0.6152848941292668,0.6703443072081694,0.11587765143657987,1.0
0.6712185697612016,0.15964747503688745,0.24070165115572678,0.8407912662892671,0.2634389489249777,0.8627455688194453,0.21136218464083228,0.6999312685543988,0.3610741226354523,0.3127068876405501,0.329531471921049,0.5896259452450358,0.5269053879971073,0.560818262298773,0.3065311617275146,0.5174507360672904,0.3684967432964984,0.3606573872280933,0.5296264785139458,0.6309948104849944,0.6027841224766963,0.7140163276306558,0.09458824527938642,1.0
0.740274248807514,0.18245204646195676,0.25616488448801766,0.8201489521282354,0.41007121614243053,0.9067159043608256,0.424309508862152,0.6477401946456226,0.7366833281196493,0.621812345039855,0.42818012515865184,0.6341765823461666,0.6079951619847606,0.6423743161340474,0.7096101834582214,0.6838682394511144,0.5643011726689564,0.2832130023803366,0.8699636322153894,0.6488348523898821,0.33338477683807566,0.5353225683325943,0.41732306067902863,1.0
0.8309864111741315,0.0843195492926674,0.21406913707721978,0.7840494711918029,0.33558010823147194,0.7887997651837714,0.4576551765882359,0.6944232421919323,0.6439562369573687,0.5911193196179398,0.5020261672046192,0.6819733443597644,0.5366946980624391,0.6281614664186718,0.7033467069593335,0.3903980832210405,0.6113263104756916,0.19850562948404057,0.7672989196514824,0.4397308907181594,0.4644113834187292,0.7103465927026232,0.3413876494240272,1.0
0.6391766473912899,0.32270727772219365,0.20913130680457614,0.7729278181569139,0.37951372603813444,0.804073881785287,0.38253674432865487,0.6247088952043447,0.6418629050589627,0.36105152880391334,0.35322357120318587,0.5222477160826778,0.5949729955600482,0.5373443624618184,0.5793214899859955,0.47928279576881727,0.5309754806732596,0.12710770162237284,0.6237664531415381,0.5034118150235496,0.36860300018519576,0.4780272391275758,0.2233620538431894,1.0
0.763064943809577,0.20238622382454663,0.12995023132378883,0.6877464168195698,0.13528936200228928,0.7687338321066759,0.17564601826353382,0.6673028612136811,0.517988518917019,0.4577442275392633,0.2828134197916336,0.6830138186762928,0.3871965753060935,0.5992864374604302,0.34198853061203105,0.3879676643854503,0.39677748473325297,0.33174134867650334,0.418335082768907,0.5301067393069593,0.7227606642385335,0.7651274655536313,0.06961987177737615,1.0
0.9072749752196105,0.15355642958157592,0.044357160902608925,0.6108303300527774,0.08745782698711539,0.7172350761678621,0.3419023594439074,0.8243449229271061,0.48895330176764373,0.4441155590783355,0.22883482686964315,0.7127208638466082,0.38908322978465737,0.6913360217285526,0.2885953482088584,0.48613063164709985,0.4664415109190327,0.441488154539049,0.44293065860248704,0.5232063908589927,0.8997160318538182,0.8530191516690725,0.1276583320580973,1.0
0.8610843076974107,0.13965139742868843,0.11595903429432271,0.6403136918415202,0.13809796908930477,0.7012736996555305,0.18213906806934457,0.7320520643438164,0.5523258235032262,0.566446438254339,0.2793852968478542,0.7479702594717413,0.35824189788542415,0.5824466175581546,0.33655264358377723,0.30560535336959216,0.432788256171224,0.3511095360568569,0.5184711232150659,0.6657234157842672,0.8345885548490652,0.8538567929255372,0.11200305109018378,1.0
0.8236980836902611,0.11400117671754056,0.14369987075860782,0.6639513499494553,0.12075563336786974,0.7778935327122584,0.1526742400549071,0.7481761756524662,0.4445176267509168,0.4675990490202227,0.2536866691488249,0.673366695276622,0.3683687003494075,0.6972671714914295,0.3083207688110806,0.34867766132225336,0.39528093972756756,0.3089609300635497,0.28103452681230473,0.5553165630687085,0.8684795357738128,0.8858769894896934,0.07289678435848108,1.0
0.7992544358862602,0.20371799841572155,0.18726985378265212,0.7727903073569562,0.252294619397441,0.8227027321838846,0.3730605386112957,0.7893504022898494,0.6534734733262887,0.5607243612953738,0.39093471818914804,0.7910235506664967,0.5351934784484093,0.7257891670233599,0.4642710198139751,0.5342456424731334,0.47612120385118356,0.35477162563285,0.6508988580190436,0.5932767754057185,0.5302796468917838,0.6407869781465538,0.258908268814674,1.0
0.8268547664363706,0.16262925889777738,0.2735189808674671,0.7632526442161448,0.1915997131440386,0.7739518631388776,0.2630409036189332,0.6189010714928899,0.600879875987115,0.5467580517962068,0.28249403378080723,0.7001512995249086,0.4912289738092847,0.696612232536176,0.5165329445408979,0.43539646774570673,0.48761359633205664,0.30597665103888494,0.5343621687804856,0.627010531074613,0.5863942218655471,0.7047474520396567,0.23353841467367634,1.0
0.848714440564978,0.08572456229325101,0.1743994537222698,0.7597579828604278,0.15637935571000988,0.8078660083155387,0.17810487361868385,0.8594362630807942,0.4519739737558581,0.6855135540994202,0.3485173685132984,0.7067868828190126,0.4828304013554294,0.6313846804209777,0.38762091610508237,0.4711488225744744,0.48256493375390647,0.41434364876860375,0.5281405250577933,0.7027174414288831,0.8085992962528552,0.8426495724240693,0.15950204057085057,1.0
0.8320987997502082,0.10429088212446559,0.21945113346104483,0.6542111573152277,0.16225550491077062,0.7856047162962491,0.232870999263034,0.715947528817509,0.4747047319045533,0.4595637387285336,0.279380475522632,0.6900313171042518,0.4802135774811868,0.5136251349762155,0.4706726317949927,0.3226915953743263,0.5151663041567147,0.336109499284297,0.5666308122706366,0.5094622827920512,0.7289338848077034,0.829890012041322,0.1411198345908309,1.0
0.7055094516436161,0.1781665269825317,0.2628090958658901,0.6996679118851906,0.22421260240802518,0.8660430377495871,0.06883530579518926,0.6600724884297489,0.5091186818511789,0.4713345949678082,0.2212862922504659,0.6403338954887453,0.5192504313905383,0.5732332841935525,0.4655770785632904,0.45664296426501444,0.4826826867246927,0.1615951324980862,0.4922325576713675,0.5387904957563047,0.6149762331008075,0.7254713566820655,0.09729249236467545,1.0
0.8274693522774479,0.17075734337629078,0.1660998592276024,0.6971527347261829,0.2894147823676731,0.7867187263846466,0.2719687899747437,0.7179723556216603,0.6048149346533364,0.3871185881851962,0.4174124184737944,0.5702560041082643,0.6449382725240966,0.5624473366912432,0.5455309040164203,0.4098689804676187,0.5496671461173545,0.18194465043474886,0.6621254822777057,0.3365817723401764,0.6068275819495024,0.6848028234454641,0.24827777532311915,1.0
0.7372148853164696,0.18591432331846616,0.20552694445394226,0.7285332224154281,0.20764373505302378,0.8337329841954091,0.23150680222210002,0.661375936139423,0.5784835197622137,0.5218458433115885,0.30254528253630797,0.6433607466341335,0.48376389192877023,0.6065646740100432,0.39532458290839695,0.6025710673760469,0.38455532545484417,0.28685876963921036,0.4421319016781935,0.6491641649790885,0.621766775726896,0.7142328821868245,0.11242220998646094,1.0
0.8198837587053789,0.15511389491973665,0.1354907199489693,0.6258955163141687,0.16523608109134014,0.6809585922148564,0.16180113211343183,0.6964664932618175,0.5830034460774083,0.5107464193827705,0.14533252752822132,0.5903253953573523,0.45797756850985427,0.5607461186399089,0.2388494467321281,0.5811899283320157,0.384814077575529,0.35178553047976785,0.4954212233935884,0.782615397438742,0.8506697944317553,0.8349127156102286,0.1019878518556322,1.0
0.7002724960937833,0.06589273484171783,0.4834401099598152,0.43454947171727704,0.4412344429384748,0.7188666358304246,0.1012450018161365,0.6149218791858531,0.6149581657808287,0.1746783313773151,0.6097661255622028,0.18945479451798702,0.7632849940730422,0.12391715621126038,0.7419050060992923,0.1471285591308232,0.48594464971133594,0.0032964464942228954,0.5843635979665425,0.4014940237037256,0.5288598061608739,0.6384874475132434,0.35632914982197594,1.0
0.7645117567348771,0.3258421267943794,0.3360445248096762,0.7874313774282607,0.36072478854758794,0.827702590826527,0.41131731568474184,0.7620061434525999,0.9171662032496873,0.7753835062963629,0.5378131768647071,0.697258004919648,0.7178356830640898,0.6737883705906933,0.6979568280183913,0.7555989858212767,0.5807196646385265,0.36754315955765304,0.8744147692796876,0.7538668309746384,0.21266744860793876,0.39114387841174003,0.5511810547068312,1.0
0.8194352054115792,0.311823713003495,0.2012550440933321,0.79975101857365,0.24074244078086354,0.953981729363584,0.3721807800505593,0.8620844749160509,0.7393938650777423,0.7286380328425054,0.39865722229342415,0.7330791356783479,0.6217107005525143,0.7741838391425974,0.6565659729534081,0.6009620539998275,0.5298402800096658,0.2712722987885713,0.8110333292640782,0.669869780014244,0.36579418482622345,0.48239085543955396,0.3964581240718509,1.0
0.7999563141500626,0.26784159665861257,0.26757105225029726,0.7351375709375783,0.2704273108804932,0.8472444886582727,0.2647080016592779,0.7936661253256814,0.6783514681008127,0.7927774529032107,0.30623081067666924,0.8005798531592759,0.5986421396395386,0.7526041808529489,0.5546355745421405,0.7070311348664782,0.47088446563315783,0.23125677216328838,0.6013617497676524,0.7060103380174416,0.3307611580961779,0.5270071887258665,0.290277869910171,1.0
0.6512315540255121,0.3870960970669397,0.31506478243035085,0.7911983512716655,0.38780336625357237,0.7726116230586593,0.3882964842715166,0.6509890720893012,0.7767931928448271,0.5884903019831003,0.4630851537247704,0.7086564899104403,0.6130977293912331,0.6692958202774815,0.5270218616129841,0.7645852203795522,0.5125445236609104,0.22773606654020595,0.725452726138529,0.5767894276278259,0.2873325513920611,0.4154232675640865,0.2739164155249709,1.0
0.7021557711327084,0.42059822603702074,0.30247242959881615,0.8025549497290362,0.3498314146204471,0.796372327734635,0.5038660374247514,0.6347621303475244,0.9811628071704735,0.6453586524004302,0.6086212483179263,0.6044653558477074,0.7300861788385397,0.634128727219491,0.7597291916156156,0.23019550587898874,0.6056398894533465,0.21039809513374216,0.9805492874975191,0.5505167493679781,0.18930180875362654,0.3106578130913536,0.5106787080078826,1.0
0.7779250042443404,0.3399924616532576,0.20037127603130675,0.7712020202503803,0.25850907513720656,0.8225535035269709,0.3221584953726731,0.7284851725584052,0.8329788199997444,0.7927401971030004,0.4388339949979867,0.7371384059345754,0.563420761496131,0.7367403391878721,0.5805669708024606,0.47116950792225876,0.5025381350638284,0.4145118434543077,0.7376613947875165,0.8415183246339133,0.3544045928761036,0.4774549621290392,0.30469457246163145,1.0
0.9176754545177273,0.17536921811103137,0.2798526874513979,0.7827249955655803,0.2858522214053055,0.7270172847678202,0.2595474623523002,0.7347357659209429,0.6786818414126174,0.7420481753375331,0.4812344164652786,0.6518158840621772,0.6508977128031399,0.7322631978191894,0.5909283924577341,0.5587314300320502,0.5435518017501997,0.30436494121265095,0.6914007713862369,0.567931203969676,0.4484844743502679,0.6283228050624097,0.40865349020110375,1.0
0.7217178261212805,0.3308232579447587,0.3498238667594374,0.5958836908057519,0.3946016865075458,0.728607333806015,0.41975081073623316,0.6090700099641283,0.8917124289407781,0.4322949249504466,0.6131295757851553,0.4426374418660057,0.7721249756304216,0.32390428944851474,0.8353296640030032,0.3555112584210475,0.624468820494346,0.13271875643712433,0.8070464357067586,0.5344357601565933,0.30711772331625375,0.4101515755731599,0.33463422023084327,1.0
0.7925821687776349,0.3919989335997292,0.22427223474184566,0.6125863018644647,0.40604228526515596,0.9065237561635417,0.4259235928801355,0.7348266896723396,0.9924656545907146,0.6254383899813225,0.4720031054178751,0.6464001417639534,0.7512056585420825,0.5881214220810023,0.8159470611150198,0.6065184951665463,0.6618169109341971,0.1891263530334284,0.8908257482160016,0.5673103811117594,0.2183159454287292,0.35869729957020585,0.5549837220089997,1.0
0.6850275822412627,0.44458028109453124,0.22218622427963702,0.7616936902557554,0.26960604144731753,0.9117281521491418,0.3281832546476262,0.7073030475778385,0.8275414688634005,0.7205356828081045,0.4926471093242974,0.732122472395058,0.5950269844169219,0.6509250256753866,0.640197455885309,0.6725912512723191,0.5338689189498802,0.3381039079294909,0.8298999143907874,0.7922815883716131,0.26301006234952706,0.3595810916605828,0.30533869256440793,1.0
0.9005608313406239,0.2413197929099705,0.17101437208007644,0.7271820293375836,0.22120244875122455,0.7503664695317607,0.3508920447127577,0.874276226098126,0.7733227267349625,0.8593731064764469,0.43491152550809753,0.7670686602396345,0.5419619845011032,0.7700090738049798,0.5488088226754287,0.7237567876041716,0.5116666137131674,0.42037266891208597,0.6538611929335363,0.7276034231278757,0.4507685659608606,0.6035244950087587,0.36763644068215845,1.0
0.7934668892782262,0.24077356920799872,0.22298769556459336,0.8671537307920147,0.15679727533332644,0.8558567846431603,0.3322698537640692,0.8505203924068641,0.6410101957522912,0.7440986103951068,0.34896510891559407,0.813802995963948,0.46455107845307936,0.9140569059526025,0.4983346884355545,0.5848352123511715,0.43869961353228154,0.35939473582200576,0.62641153577043,0.6501481390718544,0.456972652632878,0.5913410294480633,0.23950610633080888,1.0
0.8530304020736955,0.22333026385745794,0.12619687160421136,0.926684790471772,0.15412059677479864,0.8079800955799301,0.3274342030730563,0.841531331337306,0.5693721965709811,0.6376385468761869,0.42695834777708236,0.8229517419429309,0.4780533012491071,0.916325510355797,0.49885775701241136,0.697780246773842,0.5181337423115633,0.4051349787637669,0.6057638734929669,0.5597229247144349,0.5487993085992954,0.6658537278948173,0.2635342309789352,1.0
0.75502843768904,0.33051314384299413,0.18936566654776163,0.8384500328187927,0.2140601752118908,0.7934864020043961,0.26966085193229244,0.8879810701035946,0.6421035908876974,0.6952042637804533,0.40884722707610927,0.8103709864194344,0.5145652003294268,0.7808408952642841,0.40245175836787966,0.623357150613543,0.4777772770753668,0.46059362085562894,0.6372807409210229,0.5396629300732577,0.37113402061855627,0.5177202952869195,0.24041403674679196,1.0
0.871421676933152,0.3194075656196231,0.31961279084287764,0.6873952598242977,0.5620102548195061,0.9008380931018215,0.5733940293109655,0.7711549659364026,0.9435318274318418,0.7536284785075654,0.6467505783040585,0.6420805838307645,0.8203304933626617,0.585038182460297,0.882184785782652,0.4941089640287263,0.6935522511165488,0.24425056987666796,0.8713124999516076,0.5622825086976048,0.14127415272547678,0.3100993558539775,0.9975869537618691,1.0
0.9341321405492242,0.20630876884395175,0.22286711186738783,0.6399140510791433,0.21794409492507058,0.7973984843417268,0.3483932257219771,0.7418018172848613,0.8426633590631873,0.7833502038226647,0.4066623364111378,0.709572323754207,0.5720635810726417,0.6868420207004614,0.6066025433120519,0.45290605135279866,0.5719370968123724,0.42697149295170067,0.6971550035190883,0.790704438871969,0.47941230940181423,0.6297895779219438,0.3837360463469797,1.0
0.9888485646287879,0.13251264435091323,0.17086111798128445,0.7789211217452848,0.21585597643721205,0.7041843279915467,0.38311695335116414,0.9758531643060375,0.6336386903663354,0.8076866032173662,0.4025628171450358,0.767250179073178,0.5055389763928196,0.8708050572891104,0.4293619664905695,0.7061592208574493,0.5617880755386099,0.3379932446840347,0.5935559807339267,0.7501067121181153,0.5639854311994568,0.7417223463233406,0.3764643738979527,1.0
0.9824452525523423,0.11638724732365721,0.20743436145051133,0.7298188362938364,0.10368277125326104,0.7760971648092185,0.29987305579070794,0.8750431361592981,0.6930217196986186,0.8640250312720383,0.41454330140438145,0.7826728849519321,0.5148726187012448,0.7303709951144163,0.42737894748798283,0.6178922444578215,0.4405553066811409,0.4233756171522122,0.613753218733474,0.8190678737224949,0.601549478362861,0.7737850899029585,0.3133997386727696,1.0
0.9571749808939557,0.1590911389185538,0.2922707508441397,0.7681251226836653,0.19460693773989549,0.7558044894072106,0.2893096055975089,0.7026511738136922,0.7389764628954933,0.8687111072178225,0.37982453670267813,0.7278890621196584,0.545461897316319,0.7613043140268595,0.5735507189507428,0.5298283349595141,0.5146061531797479,0.408976020937055,0.5981466924956828,0.7527240805842614,0.47160318538181245,0.6683447044213212,0.3931690113402299,1.0
0.7998702013546718,0.25688571284108347,0.2785149391510406,0.7704389847788763,0.20220842462255192,0.7903148855072938,0.3322584791079303,0.7485057627361128,0.7016033143241627,0.7753092016726102,0.3759399949712032,0.7424035589294969,0.5805810057195644,0.691667019972102,0.4948834887128116,0.6949725472228382,0.4683059635471486,0.3184015894621599,0.6664091658379754,0.7414336674181652,0.4015371319217231,0.561608901664967,0.2712495583126879,1.0
0.8446462007964262,0.1977806310454248,0.3124093634054212,0.7302401499540326,0.33293389039693405,0.7933754702460927,0.4563885273796352,0.7015805167015654,0.8096370421350222,0.6319699940835238,0.5064519562625592,0.817275404517147,0.6133619205796955,0.8156205690324722,0.6695017899245246,0.452142305126851,0.5981394967324737,0.4320278283333114,0.7391842683457807,0.6530838790743076,0.3300512377307238,0.552516828791701,0.4838497637105947,1.0
0.8897858203639236,0.26846488923073636,0.1813516276804244,0.7407220788325969,0.20861992765292095,0.9496643216870552,0.4466575090528806,0.8097415965727937,0.8042879135319341,0.7606961935747929,0.44893515347088386,0.7678485394286025,0.5381963688996773,0.8371162426931602,0.6245101810479871,0.5452873622031498,0.6057128766750131,0.2957252565671951,0.5691513706120117,0.6263205895891001,0.34968207914068766,0.5292204910832403,0.433573804678892,1.0
0.9226505327993851,0.22283659407688206,0.12953804980771833,0.6810862979526001,0.18686927971985853,0.7624953034192599,0.302896683135036,0.9061174566853645,0.68576538920963,0.6724040866097564,0.4176700647366373,0.7991340359732625,0.4952162979341112,0.745044309574194,0.386653596996191,0.6052186041283208,0.5370510909285845,0.4124019480435149,0.569189713447873,0.604748174551658,0.5596641768010372,0.6782254342294339,0.2860259500071657,1.0
0.8581906818468105,0.29566085407017106,0.1272791569924167,0.7264190872837425,0.20567560237609359,0.7978470086757089,0.3741065499586323,0.8648643281299759,0.6882206450982468,0.6992549627513177,0.44914988993924976,0.7680901341091557,0.5276903810125951,0.8193169121279918,0.49635748995650364,0.6165394039363113,0.5378835579131326,0.24418486951272397,0.6222147393829219,0.5186005843013612,0.4221556886227545,0.5583230500001243,0.3197914692863692,1.0
0.8092302493440932,0.20087993344191424,0.2360960349992516,0.8887030370432564,0.21968895464717397,0.8449189388910979,0.24629207791253518,0.841275049800948,0.6107193063647105,0.6913826258878818,0.44567253590792427,0.7305510308943666,0.5443699371522215,0.7353112674061985,0.48617613379685654,0.5685590356350013,0.4875551787066679,0.29465617631319874,0.5178620705763691,0.5473947166474491,0.49567874560158054,0.6223076293988585,0.24694513613848673,1.0
0.8804705982131988,0.2755219768854678,0.1603393567905075,0.7220278031984106,0.12825528253884735,0.7823386394119124,0.3947388051421367,0.7834861657797508,0.7596696114961231,0.68909100091928,0.4757010082929732,0.7525066315672186,0.4962011377085571,0.8267800168034443,0.5336061342275104,0.406777444147471,0.6162673656359806,0.2806162986804124,0.5475350444163927,0.5972190922748911,0.5010185813939133,0.5942855103956926,0.3402065313242465,1.0
0.8910129276982436,0.20142110093570506,0.14810577533969546,0.8528141195192587,0.18228981372030062,0.7296797168307056,0.500161352544112,0.8197955802017689,0.6914690899251577,0.5107549468214853,0.5435799371777639,0.7696870940095494,0.47540155269854173,0.7865114652680245,0.6599995628119504,0.2112288218081596,0.6097328700598341,0.25040176941994713,0.7418516908787346,0.4911961622193225,0.5151861226001597,0.6477350944797625,0.31668612431192306,1.0
0.8131539847642152,0.3346383968449262,0.24725051178499502,0.7864835618193137,0.34683653662039826,0.9168804298865876,0.5546528614902536,0.8216860710783883,0.836199403651485,0.7157352315556749,0.5632328105442156,0.7715419434722336,0.7101809520691249,0.7201688623297628,0.7684175464149331,0.3704509222710881,0.652550116056771,0.2777551336125722,0.8787278785871925,0.5649084924239678,0.22266806592999444,0.3906626026206197,0.6163628705595304,1.0
0.8470408442846931,0.2447557161965671,0.2738996271099108,0.7367561253669709,0.3393136682246841,0.8129856131744498,0.48778003933701397,0.785915750671743,0.8469625527086908,0.7517374982748917,0.5523329727631314,0.7768996390973999,0.6485369355384498,0.7355099761361569,0.7368437086876352,0.5282570465254339,0.6065495588424981,0.36859721564265946,0.7682354333356648,0.604121357044997,0.29072782270510455,0.49639157647489895,0.5507176882063894,1.0
0.8268603696662077,0.22800495814838603,0.22759395023054574,0.7419933063909009,0.19526571978195364,0.8593387866378127,0.3953218070489658,0.7953020158801911,0.6908962945478013,0.634058160987644,0.4218451984533065,0.8728367084237179,0.5817586982932398,0.646354489635283,0.4743380045398138,0.5744171824567718,0.5007652898799028,0.3903377344713892,0.5680200714502697,0.769129796314775,0.4343786653497131,0.5943922620905746,0.25636862807368843,1.0
0.9950177206794104,0.11516816488754546,0.17372329583435056,0.6566051717653054,0.18788735487160108,0.7534659566537327,0.3382165138374977,0.8732699387644068,0.7095258714342139,0.8136894647239163,0.4069162327543635,0.7698989889622565,0.5058483350244333,0.7574421189329729,0.4299756424529135,0.6564771775841716,0.5291311799107166,0.41764678074561207,0.5982591094319053,0.784293538753021,0.6330637693684785,0.785184838635888,0.3110409472215968,1.0
0.9926348734644848,0.1307791310369978,0.09082286126364986,0.7458438890427037,0.13014428527553903,0.86728060162064,0.3338556027011356,0.9922294807822515,0.5974928848879603,0.7564335091007319,0.39471311041031565,0.8225761602914117,0.5254723933321731,0.8870118165848533,0.3759941422918458,0.6331531492554316,0.5166052511559158,0.5292384661289271,0.6771880806269991,0.6939139885505157,0.6265818877708492,0.7691031821858848,0.3174991327726296,1.0
0.9433759952462347,0.22808049483424075,0.11594438404909448,0.7054114166426603,0.15616867469759085,0.8284309421800901,0.24622408387427694,0.8475569874455654,0.6285894695446564,0.8692396428368059,0.37455268542367365,0.7577035305292017,0.5045616269236315,0.754775234482636,0.43443279176559424,0.6812723378332493,0.5119661322076305,0.47066711878860046,0.6108809588347959,0.7717739277755875,0.5017593678622132,0.6531727597957829,0.30520539993971146,1.0
0.8485693464028811,0.17256470797333398,0.33048802615056594,0.7168349955644125,0.3290813297537553,0.7840874651328221,0.32331180425760486,0.666386046720432,0.7091686407091485,0.7056144036612139,0.41746663159740327,0.7058088209740447,0.6978274758779598,0.5382074201894906,0.6250983134388906,0.38537798245422983,0.5379402413641597,0.25157676979125937,0.7395597539141632,0.6577157115796287,0.465615161429717,0.6297180602127569,0.33176106086576473,1.0
0.7872458296249023,0.30443383491939957,0.2435889200663993,0.7579295189422411,0.21790704381395717,0.7660384360669082,0.39383563713282904,0.8041284137136511,0.7483115842995468,0.8532321087417838,0.4374560602495002,0.8111056703703758,0.5585174993807667,0.7054548494363433,0.5282873991379389,0.47735625761000466,0.5388292525594578,0.38780840475073125,0.7550911801347396,0.8019903642409179,0.3442496450398159,0.4945207692197305,0.31247798141955413,1.0
0.8408100527058627,0.17356200673241792,0.3552250184275802,0.8400684938305224,0.3953147090209466,0.7934114034261204,0.5001590166772263,0.7165409744167966,0.9271922655207432,0.6998470402073264,0.6409864563273038,0.6335666003581066,0.7351629362774971,0.550461059856072,0.8202448318883351,0.48041299497896306,0.6037988798246281,0.28353684146391855,0.8944490026410584,0.6356596954525168,0.2872708191863696,0.4910324452922144,0.6172537207648076,1.0
0.7178005786514963,0.31017263120477195,0.30996708830340064,0.8251188652182803,0.3549514810922832,0.9551989396381727,0.3539910799337203,0.7017603375351279,0.7917094746253194,0.6774055742996542,0.49261668140511766,0.7022376592885048,0.6515778415450176,0.6251288841932123,0.685126095594805,0.595796412565531,0.6001811895752577,0.295236007284537,0.7342124171814103,0.6836363762033868,0.2574850299401196,0.40759614490682944,0.381299939432222,1.0
0.9275589621366651,0.18159632153193928,0.1034437637457928,0.756536755004355,0.18024649174697896,0.7575091496868224,0.27548741797996973,0.9459109227879879,0.6125885009415423,0.8113520358187226,0.4252718749995193,0.7692483620050324,0.584911778389392,0.7464289973222621,0.3773529194135681,0.8042850655868611,0.4807885759175333,0.4966853033722647,0.7136523530403143,0.7609272496471305,0.5902833508241243,0.7182967653341675,0.27540526447977093,1.0
0.8993691128263276,0.22702665847458806,0.13833474757893185,0.7984088870091179,0.17904503322295304,0.8568177585082575,0.3172111800885832,0.8584602836642073,0.6427646359270098,0.7388558913988473,0.4062429079019521,0.761591058880928,0.5799318534509368,0.7834229324984352,0.4438587774345292,0.6771466280059456,0.47973290676863445,0.40448191798662547,0.6096882514518337,0.7718539874560828,0.5257114636705965,0.6504099580376409,0.2930117561846325,1.0
0.8170255216748022,0.1951187672658019,0.22592762968289024,0.8788873629373128,0.21832292517321492,0.8084542598563688,0.3979506221099043,0.8127610803929197,0.5121633019708377,0.6122643457712942,0.389435339615344,0.7977300935588083,0.5845803775040527,0.8018819070400872,0.4255577538690506,0.7761498944920563,0.4680145083305559,0.34871287506521537,0.5483629012464051,0.8223687959336891,0.47101672942774137,0.6612995717382057,0.24972212961138202,1.0
0.6882346940559058,0.3466596084043374,0.2851102217841555,0.8726266045797308,0.18942767856996645,0.9274435738456193,0.36574175986140794,0.6498799543224549,0.6458979194213036,0.5387255356895335,0.494155541275463,0.7485096508023121,0.559792723850917,0.8150202867405105,0.5565290612877912,0.7293588867473163,0.4771651451712801,0.40332393696763497,0.6518874418227716,0.6883670385188776,0.31335267609111533,0.45468880135968204,0.2653170317952405,1.0
0.6985027601857673,0.35627146015631356,0.2077594337199342,0.9146162560045663,0.1918215215683935,0.8174865991129092,0.3379109215131969,0.8238369198601593,0.615918264047492,0.5468208278195612,0.5190143209059365,0.7417472748812546,0.5806644594519403,0.7474623768184702,0.3667987160870453,0.8827658383731274,0.4713969774480118,0.4970188570984978,0.6069616386782785,0.7041874079192879,0.3597444286684365,0.4828618765289777,0.2425790132580374,1.0
0.7035500906416401,0.269541095481129,0.39191119530453505,0.799769328435601,0.4142768267679728,0.8228913406252616,0.48534789411190415,0.7068064214949823,0.9050229629526942,0.531938315402556,0.6757884960296495,0.459399402553222,0.7466966752661349,0.548399280344458,0.7837951100827136,0.5051107525881331,0.589949636791737,0.14663586177909615,0.7682103467650583,0.5016508296290854,0.2542749552441508,0.41207233963181406,0.45833762232414,1.0
0.6815904430964659,0.37950351100031726,0.3869285747744865,0.7812649709103237,0.41490636726991326,0.8621712201356966,0.5235747619332711,0.6686540508019382,0.8885591515943904,0.6885659011129827,0.5563812520561783,0.6795686502461495,0.7669810423363277,0.5618069440932935,0.7417829419353331,0.5639221692710715,0.5965317019098576,0.0884362397494046,0.8093847647604916,0.48095505826577467,0.1768936354095918,0.304751916460126,0.51060770791633,1.0
0.7990412182456178,0.2743771287785581,0.23187858530795236,0.8618912335814078,0.1437708354212673,0.9096505483105187,0.4292920144886714,0.7336258420924707,0.808409631220316,0.583028539579271,0.5915532748990426,0.804592821355321,0.5160658333532858,0.7301077491765827,0.6487676206907915,0.3491022742442083,0.5920846332784516,0.2632355952705024,0.9099312106618958,0.43831466314176953,0.4103339712327908,0.520061554818354,0.3619505485797543,1.0
0.7398171432155419,0.3337521814473933,0.24352632248912862,0.8582154353771055,0.08294212090696738,0.8900815201127766,0.22766643394323324,0.7419692017390535,0.6738567579125128,0.6155968564024381,0.4864217606271951,0.8183594138384683,0.5066216864811468,0.8631944501980892,0.5781876371718635,0.4319561752101536,0.5252090977571809,0.3938063424227483,0.6399669832211621,0.7776204792138585,0.34872522995246585,0.48836580201297114,0.2565444537721146,1.0
0.7863944335965001,0.33087106209483313,0.18026048592928443,0.7777804920798753,0.1453615268892636,0.8300106979807136,0.3817263000787644,0.697332571933302,0.7501279050395657,0.780240710551113,0.4698698029327805,0.8799845659055766,0.38814987457827904,0.8650408573628875,0.4852361007091266,0.49715359061161424,0.5753594456110389,0.40238019332661984,0.557703145086839,0.49260457709775896,0.42422371751342697,0.5232464554990904,0.26255467850293585,1.0
0.8957187560408882,0.24433850241242427,0.16795917517688455,0.7528750628671679,0.07828041472719977,0.865536410185424,0.22995629440717805,0.8024914407335296,0.7790098789433295,0.8186241196477704,0.4628851758686122,0.7976696487710803,0.43138793241319323,0.8220887185517637,0.5653364402324059,0.4512650711342771,0.516185315138089,0.32408909707117356,0.48851446723428044,0.7665290032161945,0.4880548181986532,0.6166872814880706,0.310621214200595,1.0
0.7807171821442063,0.25584581935853584,0.25158939651946954,0.7821164729087026,0.21020640670852905,0.9203319480622794,0.2420179493089465,0.7233244666353541,0.6982994726913144,0.7473675998868922,0.38613061581211106,0.7028881632654892,0.524751113033698,0.6999527976096669,0.49002553889092404,0.6646820630297693,0.43527470461124557,0.35301391296775053,0.5108921269721155,0.9156186036094698,0.4016605963331061,0.5663105661266752,0.22528876859168892,1.0
0.8429885294851518,0.2824751824448453,0.16410757959180564,0.6998124290098744,0.14933188409678902,0.8492856702716441,0.2967925043859708,0.8785248617763545,0.6417148094842262,0.6984402611913857,0.3568467435373408,0.8688696118570167,0.4738242117292709,0.782230052782521,0.45143936055543077,0.38812153708598846,0.5658439043074992,0.5542134256228147,0.5265575159959149,0.7578948418389728,0.4828693129205508,0.594729836921289,0.2554058687460431,1.0
0.8112075996629146,0.28755084936636527,0.19196979197801806,0.8341242345152341,0.19275856440010933,0.9364458717526873,0.3710929262181406,0.7357175029205717,0.7884126050684388,0.6461252318850905,0.5003589797279446,0.7409875029614493,0.4645721054545864,0.8088459657970491,0.4938348676414107,0.38516276564931295,0.5362999022913,0.33712116685895827,0.7257026433554269,0.4256934707121199,0.42064324958330734,0.5424591846384927,0.3231775612535522,1.0
0.7939711799635631,0.27669654936774424,0.26591333975633524,0.7299156169927196,0.322073596740555,0.7943976562717232,0.2953737699312286,0.7010764978820835,0.8180105867582481,0.6447914949352289,0.6487160718862826,0.5389221148393502,0.675962552873137,0.6180378682800537,0.775414297659136,0.47156871009928036,0.5881502346894872,0.24401228067325365,0.7611220613934454,0.5532010744572554,0.3261621087721466,0.4932122700022487,0.3956008601632407,1.0
0.7826042909719673,0.2460968371119553,0.21113393265875444,0.8759912285485314,0.20375601058026757,0.867518696781109,0.2776341812073111,0.7956211702233658,0.6919979368080876,0.7240087512943751,0.44476577855934113,0.6721619193600838,0.50963572214566,0.7822026068253446,0.5130671008258197,0.5792466322250357,0.5206417128680675,0.33353344719352934,0.641874033605681,0.6327376153873657,0.41095129328970925,0.5777241598910428,0.26238344580236816,1.0
0.7738255043514343,0.31850403653953124,0.18895089552103334,0.9094117711626915,0.163401522652397,0.8061290826950789,0.30643699407852665,0.8127402379423083,0.5898663697195308,0.7882033927300588,0.4461568915967681,0.7718715920042891,0.5598657994495021,0.8961331275758936,0.48886896008362357,0.8036409720496479,0.5620467966318536,0.3630852110832024,0.510090763315691,0.5032625875789928,0.39730847583184087,0.5230734398942783,0.2871395127637826,1.0
0.9580166449968515,0.2206870927262616,0.0940331509364433,0.6939539271092336,0.10152212076141363,0.8284350408448242,0.3107857180833115,0.9008001675339078,0.6985179672432338,0.7775170217884056,0.341439288095241,0.8670572520670895,0.38568208972973955,0.8681637367874581,0.4166503508957761,0.4461307237208343,0.4941430855873275,0.4740812063456191,0.5896935037912467,0.670155819756505,0.6254398419655529,0.7007167288717224,0.2764726580393748,1.0
0.8024199658373756,0.3186056203584393,0.19496796052549098,0.8090979228465857,0.19502136966693362,0.7714563235806382,0.3952679805511661,0.7741417006241866,0.5747209046792152,0.6433865373139652,0.4129057650778231,0.8169619278865895,0.5503685210445851,0.8586991944976697,0.49667064895208873,0.6224254650246834,0.5496863865920221,0.3548026350206766,0.5215053852246809,0.677893961313518,0.3908883264399031,0.5385514884651431,0.2770639108233169,1.0
0.8636184421179375,0.2473497042118215,0.1319040230272063,0.7851485299971707,0.15427779977761555,0.8324776982569543,0.3357803062351954,0.8257200640608172,0.7293165295631892,0.7395363478920216,0.4126978052499083,0.8632753637411179,0.4030710138751419,0.8842624374289456,0.39946964835404386,0.5865716862743285,0.5775346065886222,0.43807434469985673,0.46876754221034883,0.665345196033449,0.5252176060250627,0.6289865049502504,0.26758506369542623,1.0
0.8542831663025326,0.27846576257578576,0.08814624135922527,0.8408092024805659,0.07573669137831518,0.8904113694724092,0.3967197218205971,0.8770224089664225,0.6458733408188652,0.7311857500422195,0.4692485483927682,0.936527682554421,0.3929359540264466,1.0,0.38920936292937947,0.4177375021300692,0.5269818923082785,0.574371910236734,0.5646613971103471,0.5478231866232591,0.5515155256497305,0.6244532935011875,0.2570903028586833,1.0
0.8502299667824909,0.23921334593810292,0.2409404064032238,0.8103385094114208,0.37182069927754485,0.9008194162318395,0.5817657762291318,0.7639279786112989,0.9288744619666609,0.6477493777975915,0.553261586786055,0.7279222052942115,0.6603517865858616,0.7027972181944259,0.6617045869372558,0.4876905759986205,0.6613458737346382,0.14918349164284103,0.8355281716767973,0.47091040189975986,0.2773628001728496,0.4811125777203929,0.6260641431763678,1.0
0.714945880502922,0.3581050251048398,0.27570445691713336,0.8442680848713483,0.3609724414052959,0.9599672702990679,0.4938522776454035,0.6563505564481872,0.8998191356682156,0.6121722825494412,0.5588584221701716,0.6702197539273346,0.6549706565317421,0.7042636948948802,0.7371012205123462,0.42636643720524636,0.6407752240407706,0.23640307350392475,0.7150288366515829,0.46513373889370524,0.21519846904129764,0.36525901887286866,0.4515026674193631,1.0
0.7646595050584759,0.28737480139061056,0.24758887451094452,0.8975574433967783,0.15879130151292958,0.8843625088243553,0.3569553965710388,0.6868273550061723,0.7244069672904649,0.6905606180515753,0.43524749152066006,0.7541934285325875,0.41132939127817686,0.7615467010372389,0.4634388332419498,0.47097612652039267,0.4960251078067846,0.3469528675738662,0.5567262335069348,0.6677192079666981,0.4242545836162727,0.5391432872659156,0.2460083081111117,1.0
0.7825715563134454,0.37460052124909804,0.22449741575082602,0.6935529784995745,0.2236519741040877,0.8643480768669173,0.29786954213911476,0.6806831157175833,0.647843779705079,0.738034442399544,0.3224179815477491,0.7690712089699919,0.5660443988408188,0.7018223377955142,0.4890472831295291,0.6250325073139725,0.47719176538063923,0.4092326614421032,0.5761935897359793,0.7732541474083797,0.3668744984258283,0.47778985383833983,0.2724987580366386,1.0
0.6293291184060428,0.41458654772830705,0.2854924051790444,0.859853140427416,0.2311945929010754,0.8220476677503132,0.4200760040304876,0.6622218172095968,0.7972586502641481,0.4341974648300189,0.43049687906844875,0.7177480500780424,0.5629212574045376,0.7228889135200017,0.48794342269463564,0.4829983192177796,0.47668090546180114,0.27805282062965314,0.6843204159002401,0.763433569702115,0.2872090869806765,0.38284848704272295,0.2358901252531977,1.0
0.7128381813636802,0.3785529438622996,0.20689458445723502,0.7961542517122582,0.23115722472666397,0.9305960292229206,0.356366351878136,0.7464884438202479,0.6672771528515886,0.6450944880792725,0.3972435293828735,0.7666973214063788,0.5095217431632422,0.8289145281015762,0.48206169097821966,0.3701290163255754,0.535238524291036,0.4237306867016274,0.6212036426726437,0.5797672612020617,0.3250200629668486,0.4427558314396745,0.241110162981326,1.0
0.7706284193691312,0.3071189879003407,0.22285029778448665,0.7762258353319847,0.1962939409592334,0.8594968413966256,0.3493198539595711,0.7449710212944072,0.657502139572768,0.677140209513823,0.3569482056481267,0.8812636833769095,0.4290066470536859,0.8512669861282962,0.535801769169446,0.5433659406167467,0.5040698667204725,0.44529889623580415,0.6102867255327864,0.6102031738782427,0.4119081424779294,0.54280042860577,0.2503584511865858,1.0
0.9260233822544723,0.2962547287037875,0.08123332982179739,0.666372081851155,0.16540409444279486,0.8299670565164414,0.2746608765604544,0.8229133805099172,0.739577743408126,0.8606831859931751,0.3942107283221691,0.8137550951606518,0.5190116440687034,0.7858423328320598,0.4392633443461254,0.4953249401500323,0.5393889098663509,0.5542238911998517,0.6626849553874572,0.7403688147038185,0.48857954194703274,0.5925388473105847,0.31953210843980395,1.0
0.8902166792477115,0.17793608646422437,0.14957723225429087,0.8068734614548798,0.18605891122483437,0.8077824980215792,0.3828014082027418,0.897496236081183,0.6248392251489779,0.6775247514649938,0.4132147584542818,0.6789656781317427,0.5422446081576249,0.875690202415478,0.4096673538823488,0.6017915333165785,0.4380006336698433,0.44246142397002863,0.6251232620549102,0.5697880054711161,0.5352799555528116,0.7012536476703848,0.2702420172561327,1.0
0.7893676842921535,0.2670060965613189,0.24032027180980925,0.7445905042580354,0.3314344112455693,0.8106580839385112,0.4617184678155374,0.7091719820635493,0.8151092807799045,0.9182953898570372,0.4541278814459651,0.742814312929521,0.5460256330316144,0.7813574281783472,0.5766652922167659,0.6358978226484359,0.5228503927778346,0.37928570508546416,0.6228977739749672,0.6740974487151657,0.3653929254892269,0.5240250887702295,0.3248291267254261,1.0
0.7107761927836356,0.3298786663255004,0.36352762810589023,0.7771743048645732,0.40613207079694635,0.8060465272036995,0.49264940775872407,0.5914848543827834,0.9298687288313057,0.49925514722640735,0.575695454110915,0.6203770926489454,0.7501228469285335,0.5736544228021718,0.8579067704037816,0.32401842274100173,0.6570513491560077,0.19696368895332553,0.8560936493036799,0.532173959530847,0.20155565158343083,0.35923956110772215,0.44701320340953293,1.0
0.7048258576034927,0.375679332212796,0.2532452407819981,0.7494169278176899,0.349718768447412,0.8493761203502104,0.4410293901310539,0.7220353207619558,0.7355475036970315,0.6298439918445236,0.5276728853020902,0.7167110806983407,0.6479183310810245,0.722673345130635,0.6921697632245782,0.4695677860528983,0.6020126802322984,0.20479378959300856,0.6164564058006371,0.6290049801936641,0.2472683498981404,0.38744723864786496,0.36764108152371483,1.0
0.6963525944624972,0.3736217619200109,0.2408089916934039,0.7822341791641011,0.2854554091386868,0.7893618993808548,0.39141847192361634,0.7382989958835395,0.7159166607413063,0.38975263017864753,0.45571436529544906,0.6942488629287521,0.6128031934420122,0.6535067884499659,0.536448292162699,0.4267984668101436,0.586141845589368,0.27279891824801483,0.5857210504975632,0.7639232964711026,0.3429532687202907,0.43605709322521663,0.24072076288353803,1.0
0.9190827499273343,0.17769154985038232,0.1528196188525662,0.7272053837533372,0.2318897919276509,0.7426936177781819,0.265829979460113,0.8783718482494348,0.5965937855038387,0.7326104946329282,0.3727581881759946,0.8139610870618614,0.5335876878558548,0.7946633066345679,0.36229170305362796,0.8183766380012478,0.512518397121625,0.538264821689097,0.5607006483020237,0.6128454053957375,0.5318229520340749,0.6973038213446118,0.28535747744711676,1.0
0.8697262575471857,0.21782742395386298,0.1697414797886594,0.8159151702227463,0.12176573664240453,0.870014038392472,0.39150200455463574,0.890099353995681,0.6537373541937485,0.6230325345897425,0.4750702450282172,0.7549164908508936,0.6089954110317701,0.805868785196576,0.5608310584285146,0.6573174846321381,0.4680743689915447,0.42348499412563034,0.581430308113157,0.8299432803042228,0.5160503734798443,0.6454330196603536,0.29475274158312925,1.0
0.7308740934887324,0.29841664074721574,0.3127948812386913,0.7965098927553551,0.37335551737757144,0.7749507263648985,0.37895880561641926,0.708292453678079,0.8757073096465237,0.4418161724846898,0.5767786451774882,0.6376906812005656,0.6871426231111056,0.5358861587570273,0.7693464018730705,0.24977121462491164,0.5993785833010654,0.10480811488401005,0.8339360261478461,0.4803917250720435,0.2750787085622568,0.4351140893865073,0.3688217211862285,1.0
0.7078088402246526,0.24474529734334574,0.4694191039971607,0.7115171950973009,0.4783531111817304,0.8010533056033824,0.4218442044832089,0.6605329338607702,0.8843982058054279,0.48184620515997495,0.6662348659985762,0.6091510874440915,0.7989581481731848,0.42604704605129956,0.9039623023968754,0.31688190734384797,0.6039807529430647,0.2356362215015982,0.8975686157710391,0.5121035643378871,0.19630841409963531,0.37637665267109877,0.47301272884761103,1.0
0.8506929705111336,0.2249338479429661,0.2258001169754315,0.7267106438100115,0.28236069017082416,0.8538405909119469,0.419180249859556,0.7655461127797075,0.8224317239114345,0.6268688264303967,0.5209832429860963,0.7447617050224503,0.5949591430075533,0.692455738364336,0.6905591279713883,0.39180011794333286,0.5999427595878639,0.2865354348327342,0.8107789147890238,0.6107064950692458,0.40215445397863986,0.5647705623793697,0.3837354722222551,1.0
0.9049723426634052,0.11842612496801593,0.24278839472140928,0.7910802713456149,0.2047400693696065,0.8034514436545148,0.29960123197681926,0.8966755732247325,0.606124450579389,0.7008261640321864,0.41326484666631175,0.7013968433908504,0.5892471986582652,0.7357859256313121,0.46591036841416167,0.6873962334801103,0.4441785665415994,0.5352974797976606,0.6120859812526922,0.7728705881616856,0.5824742268041225,0.7433630028484196,0.30573302056612495,1.0
0.8905764655846186,0.20685897622509639,0.16730875868029854,0.8044061141393355,0.18789860306955525,0.7779928321805917,0.3320648560549961,0.8634408232987134,0.5566667953471349,0.7832004355058193,0.47475720709559993,0.7757086369676889,0.5231189935669389,0.8548290792847122,0.3920505940296101,0.7260670999877249,0.48930761253177685,0.5099035610375585,0.5283532253664459,0.7303233230178968,0.543860732143959,0.6751000880368979,0.27638687423603514,1.0
0.9647652929753612,0.1705849726428495,0.19737257539260278,0.7432115661342755,0.16500613470900233,0.7277953207873517,0.16481790419624776,0.7609519299976404,0.6931490346889536,0.9038105831072768,0.36143573445405014,0.7691439517816729,0.4930409057245532,0.7501905833788416,0.5466277575790318,0.5576885567870972,0.49845531899757634,0.40988271117333736,0.5600594954347345,0.7913334183830948,0.5699425890487063,0.7109393294328703,0.3139190344906043,1.0
0.956198249461303,0.17330444655204919,0.1427347282109805,0.8119196033579446,0.1594801139787875,0.7993296889993748,0.3996443795005743,0.8806283601951895,0.6581835853946782,0.6828053885868004,0.4271705932274168,0.7705845423075065,0.538014232651645,0.7764379363969985,0.45568100220369384,0.6918850165373598,0.5363430034861968,0.3501347464861959,0.6158086681521598,0.5847983111076271,0.5646953515649108,0.694329867653358,0.3670340881534516,1.0
0.9369452568342708,0.2557295265703741,0.09975980645911862,0.6830711430386734,0.16652181805963456,0.7232611729251337,0.3115586869036018,0.830687614587981,0.6808080261670421,0.8946113395240178,0.46243925685584486,0.7645628763691273,0.49564766732125054,0.76532412733196,0.521180910634717,0.5085558174618664,0.5153442658891827,0.511233697875461,0.7600933958570509,0.8612200816867527,0.5478733255139209,0.646224712278376,0.31730660961332746,1.0
0.8419076959402628,0.2548872848621725,0.23024267673021373,0.7019281522418312,0.2759437668678839,0.7506590117271648,0.38225288572233357,0.7546214674431465,0.7635050671393282,0.5863809406681938,0.5511549087302426,0.6358824412486624,0.6439785433211929,0.6125667127594562,0.6074111882761458,0.42561730528703745,0.5563515908138379,0.35784486571651064,0.7770084290361053,0.5982029353370835,0.41916167664670595,0.5750766727420336,0.3598490606948614,1.0
0.8247629922661395,0.2799866087092421,0.25531304189985526,0.805170831128774,0.3689340046194741,0.8819038223169221,0.4909132493061079,0.7414613829147638,0.813914098761111,0.7199763490609474,0.6154515929749863,0.738909259893662,0.6669471357323686,0.7312637728928597,0.6741602848634658,0.3955621364837787,0.5902930792645531,0.3634212861949646,0.8420344073155743,0.5751493179375466,0.2614976233100799,0.4330015981211632,0.5994237031652686,1.0
0.9312163966861091,0.2474883668907232,0.2597343653023938,0.5293304253971798,0.3283854890514576,0.8716592563895039,0.3303582006167399,0.703790898891989,0.8194390755993048,0.895906309743994,0.42740257932602194,0.7567596571908227,0.6657088664429784,0.6676130302259655,0.722254028880891,0.62814785838399,0.6009193149428994,0.3075400964302363,0.7528938727083663,0.6939748850096159,0.3512562503858263,0.5465280411846364,0.5241639888731641,1.0
0.8526089802085806,0.20732506668832165,0.22916312274366107,0.7737842712914327,0.24123269613088924,0.9286254797126109,0.42015278295942443,0.8125580219542005,0.7177130961440323,0.5776807592264185,0.4185373943589594,0.7989056001783388,0.5774804705660191,0.6859654752452623,0.5983012533278647,0.5507392500461961,0.5236766066081157,0.38131248978252513,0.7256229960746744,0.6643700665044039,0.4067226371998271,0.5994117061528986,0.3673833952076254,1.0
0.7832690109747449,0.39985153134159596,0.1534957412677367,0.6777952871022553,0.22628442988166556,0.8719425533013883,0.33808291240758154,0.7525606442298175,0.6858594172847421,0.8388814228727804,0.33661871285702843,0.7899060907200235,0.5380883460636091,0.7970152683305587,0.4727609763221984,0.7387998547226184,0.5327817308655062,0.41718666077417954,0.4304839643388721,0.6230281188499058,0.38227668374590995,0.47498993665959627,0.2838568110916514,1.0
0.9653946241581151,0.2037464970436505,0.11350590453118872,0.7575672452450701,0.09831700337282519,0.7950215731821013,0.3953746179524674,0.8520236282480897,0.763123312069225,0.7201277731911354,0.505651937697366,0.7647819041757271,0.507270545454689,0.829804090782179,0.555167132927212,0.43912843620262776,0.5476755164833274,0.23706898238471907,0.7107124624766071,0.5368107548191448,0.5765479350577186,0.6840973874453237,0.33625564415441844,1.0
0.7674770449460253,0.29424404325049847,0.24739687234628255,0.8353026983341646,0.23287854627345125,0.8065729028797638,0.37490607656981806,0.7189483580685795,0.5881321268621581,0.7038532805899398,0.34938584989664584,0.7392453033981727,0.5621475449692575,0.7655712193635698,0.4844043960912794,0.8231191216855591,0.5048464477210354,0.3233665447163396,0.5636797172753817,0.5911150330017697,0.4302426075683682,0.5510567349283743,0.24977786755388043,1.0
0.8632639641040339,0.21834867305178948,0.1914435655747591,0.7194983331369617,0.1552110831445118,0.8336853605057417,0.3589086890845905,0.7509385027836118,0.6869019461071549,0.7086847369472112,0.46137551180100095,0.7545179733847025,0.5614566996761825,0.6265556034642709,0.4186783770039198,0.6208082526150003,0.48712074904180536,0.35339121456000533,0.5825290231232626,0.9546767866383145,0.5009259830853743,0.6570048526228452,0.24323849119734595,1.0
0.7395219414751779,0.3476440368153244,0.2251253307004634,0.7792279053506251,0.17906372485928493,0.8546422058976338,0.3099931990727827,0.7995553036855172,0.7012750027935779,0.6144918700658676,0.46424468244069406,0.7420608130019317,0.5589256758949991,0.7430356575939718,0.543769546862372,0.6520232873601742,0.49440873071981023,0.47755516401931836,0.6380660141362309,0.7972472212632877,0.3378294956478782,0.47307558367844854,0.2647442945338263,1.0
0.9260387174098159,0.17495859271936678,0.26541572803705726,0.7194588174655064,0.40836719719276465,0.7538057499329193,0.40113679532164453,0.722440401274447,0.7970483485797081,0.7762739199213888,0.47125665713292797,0.736226200007875,0.6515689298866536,0.6791878529545499,0.7174231611764741,0.5286765428749792,0.6299796468689355,0.3964620849129648,0.8705184790208391,0.5795740566212263,0.3359775294771277,0.554564646801877,0.6087841370676867,1.0
0.7960644286679619,0.2718707817051067,0.24052414552104848,0.7725650773714278,0.33912819374445896,0.9226443401841428,0.48941382588438076,0.7151871363403404,0.8695693326971834,0.5375578561202758,0.5864287418907145,0.6979885075424457,0.677373911385233,0.6490460754470788,0.7671881369166386,0.39476196401755725,0.6459903040665882,0.24497185788455544,0.7702608254875428,0.47383947572177904,0.26810296931909383,0.462143266297338,0.4720764271012421,1.0
0.8010094264525996,0.3351049469634406,0.21676286667078504,0.6263630717175573,0.2860535188539279,0.7669137455102737,0.40638614834999187,0.70363385505694,0.8535707785483926,0.7382132702405534,0.5441545587888221,0.7014246984151034,0.6248446939069553,0.5724914591795802,0.6119286560078886,0.3362108666470912,0.5637359710673894,0.20757128211664572,0.8199533601422399,0.675776572758747,0.3171800728440026,0.4739062922421531,0.3344148567404552,1.0
0.9057998512382914,0.2541705290479161,0.1582241522560886,0.6778450787166421,0.21915376689834085,0.8504912831880644,0.34708117944825106,0.8494206019245455,0.6598093541440487,0.7211881560557875,0.4217062639314886,0.8288306893133374,0.5089240980238425,0.724285442238166,0.5319917360243913,0.48900556640190795,0.5571170579086389,0.3630475510842699,0.6431640030682011,0.7211266801456727,0.43795913327983105,0.6013506778342417,0.3497567612934992,1.0
0.8829955905218861,0.22264874828203846,0.13017477382329198,0.7830966110290528,0.14112343237392488,0.9442197812086189,0.32154929113295283,0.8898885803956856,0.5359554569529787,0.5800119788315772,0.36492535607955195,0.8420040866111206,0.519102520422856,0.8173528010154163,0.45403549941938665,0.5275445286116239,0.5595340286148897,0.4387446824491458,0.45199415008015054,0.5880769908789454,0.5572566207790597,0.6630845986757326,0.25376281945764245,1.0
0.8081237589046871,0.23498145290908182,0.28141422149928524,0.7453844609759974,0.2999367166411643,0.7833779769521836,0.37345905781387334,0.6869285042250513,0.8807576427449134,0.6738007237689732,0.592850184598657,0.6996020697751756,0.6111224095522374,0.6775780299406133,0.6470100079499732,0.41372509230526683,0.560571191465128,0.38111868658988163,0.8368312925545794,0.6611761307565888,0.3384468177047967,0.5185202700107298,0.39159959354839186,1.0
0.7766542506986579,0.2527789992691482,0.376988117341507,0.6646878548046631,0.38252379146452326,0.8021612492022159,0.37141593598465406,0.7156811139349973,0.9401528935566651,0.40051984103234034,0.7181025086349047,0.4220582975240732,0.7581202819502059,0.4930590166765875,0.8446272274201676,0.2592065868381099,0.6276971189794245,0.1760344277456908,0.7211955970487662,0.36503200675632946,0.2989690721649486,0.4354009066761788,0.44370447474967406,1.0
0.7927653059212573,0.2766245367057732,0.2299939891130705,0.7890943052475854,0.2643222117820456,0.8560628124096576,0.36973081114551765,0.7281088799611233,0.7413567350565827,0.6841524341364039,0.5197195200750943,0.6538179408715766,0.5825613566973327,0.7438272774159645,0.552467299768163,0.7341299731666879,0.5350858663143973,0.31323232524229866,0.7526566987982964,0.544895275697581,0.3661337119575284,0.5294026328352779,0.37007565743919324,1.0
0.841826006747375,0.34039619221558454,0.0927842323110474,0.7281153652087634,0.11754852300997935,0.8592886012826865,0.3387549819343548,0.8264315631427946,0.6918155505562184,0.8276825363062345,0.3816202660668028,0.7371462766699052,0.5325875064923264,0.7737818734954913,0.37872797175715156,0.5494424884100559,0.5109541465311512,0.4948017772234426,0.6309938038816048,0.623780627434333,0.46326933761343264,0.5549270522460181,0.26378947726492963,1.0
0.6949762642704108,0.3584079379404073,0.33424986385709143,0.75683531785535,0.2775790812205158,0.7752976340877004,0.35581285298566695,0.6117187745273569,0.8460379252176217,0.5143117684163954,0.4988996181534843,0.6577590271176175,0.6275902066402064,0.6493345716655148,0.665897495603431,0.3816258684713842,0.5858409726667538,0.16533643012151386,0.5396173923748697,0.636557516943113,0.3077659114760164,0.4329536978237693,0.27362193738245943,1.0
0.8384021384100869,0.25595368513306266,0.1772007485142542,0.7973437388154243,0.21097866721477967,0.8095129030390528,0.29838861238487796,0.8202541141152204,0.6283589976715708,0.6772741234179123,0.38727005567294254,0.7784090985573693,0.5076338252596951,0.8886049367734223,0.40962942779587036,0.6764885460414108,0.4885638859075295,0.3682017235327755,0.5875523153072214,0.6092743308993367,0.4879313537872701,0.608437504302284,0.2523590844939999,1.0
0.8189108610615621,0.2141995179748202,0.22210612681298963,0.8057547849402786,0.20852648456951395,0.8359564632379815,0.16481104893473553,0.7738413390320603,0.6959231070630629,0.7619426898591621,0.4397914566168226,0.7777754428732001,0.5060073009607191,0.7394645464801978,0.38791253545624516,0.5085316271837463,0.4466942522752811,0.49648341712920024,0.643360995234842,0.6792191390200483,0.48191246373232904,0.6380112629086172,0.21353117256865745,1.0
0.7453914721829336,0.26672999695095334,0.23573586835707866,0.8428864376353608,0.20101915038812201,0.9660720684055966,0.20089171210562506,0.857563943136255,0.5796858095004762,0.7613410500810994,0.37658846321358047,0.7453411879111073,0.5524270013208713,0.8484523640113288,0.49873593382554116,0.6601329138062928,0.4903735981193955,0.40956530893121856,0.4764013959695792,0.7316170861443964,0.412525464534848,0.5499406000156051,0.2058382839430884,1.0
0.7812303200345492,0.3118753476143125,0.2447467742336633,0.744918587090543,0.2654302347717907,0.8565015791270282,0.43098460394589866,0.7773299967790992,0.7512206762148659,0.5950896909440175,0.5351657871852322,0.8597139789846203,0.522659287362318,0.7182387057870656,0.5719079595979111,0.46559821774264476,0.5702354413847167,0.40499850237718327,0.6530965687146204,0.6448882442694229,0.33424902771776027,0.49047886601726387,0.3315443287803662,1.0
0.7085584933954869,0.3737518443668479,0.33006845447850863,0.8403289422750075,0.3478530736376891,0.9052999088466278,0.5487961322919226,0.7837732388702165,0.8739684142170558,0.5562446617850879,0.6561175025159046,0.6348398762680619,0.6738832712069479,0.6639547585939006,0.7623779561684827,0.461405319652568,0.5959920192536392,0.22052556898794712,0.7337479284867559,0.5014601965232577,0.16757207235014446,0.3160684519268314,0.5638523223931329,1.0
0.7595853380807518,0.31118601789897704,0.21066526670244556,0.8137112607169035,0.16507329173517687,0.7897554410589422,0.3205815821060003,0.7794681328175138,0.7389296387588392,0.710031078776144,0.5021974581757056,0.7934406657843038,0.46957711840342337,0.786035395536542,0.4950849455592671,0.41966358652557945,0.5170470099226419,0.5311658570775928,0.6909758998581267,0.6363195981790222,0.403203901475399,0.5258801372521444,0.23907139822312554,1.0
0.7864737635347198,0.30495968057021783,0.20004802469631908,0.76019125398149,0.1763508859865287,0.9215285951495936,0.34340056415247666,0.8420605683705111,0.6139253354687599,0.7179103079626188,0.3671641652315909,0.8002822409796175,0.4941324146654424,0.8349652638207223,0.4567103451079698,0.45760912021784456,0.5584483848317718,0.4971102116466554,0.607023125133724,0.6408024489221122,0.399283906413976,0.5387773421612556,0.25221631881127565,1.0
0.9012559267472551,0.21881461029658503,0.16457605636012126,0.7424424585146755,0.17255353965196515,0.8480856930192334,0.2994995709875786,0.8175455397793532,0.6447013809674969,0.8152810739042337,0.47110834781206706,0.8589532232228988,0.44241830935180687,0.8306288810038449,0.540865142691409,0.4234426681308958,0.4951668560545407,0.6248458389127408,0.5381255415098863,0.5819067939237782,0.5236434347799241,0.6516978844796764,0.276038189150325,1.0
0.8556482900349449,0.2296463871860364,0.2567548908935051,0.6731510279854797,0.28072061986872177,0.7865971404268209,0.24033236745237613,0.7538371234205238,0.641150179845649,0.8345990756152752,0.2590667323939262,0.7860192387596145,0.5473368651137877,0.7349561951373542,0.4402076038012635,0.7710287531554141,0.488799404507309,0.45905319315623144,0.4877997709689017,0.8037079785155065,0.42258781406259516,0.6083031023411414,0.2609545450380745,1.0
0.7939782577275678,0.2499913431587206,0.2311588432360853,0.8538120069955817,0.2547332740086572,0.793340014467355,0.3226216571523254,0.7691942095163408,0.6722747206279664,0.5670161208348881,0.4850543256536368,0.7620340951938285,0.5260621871877482,0.8208381239087584,0.4452845091136122,0.6423077456459007,0.4738985745972823,0.4027423373722443,0.7123443864797837,0.7098218536164758,0.4599975307117723,0.5948794560536105,0.2604592667714212,1.0
0.8762286583196975,0.2053784265386579,0.2164921150039276,0.7668668801805203,0.3498299859483244,0.757817760511014,0.3707217772818968,0.7481444398547397,0.8444007081567402,0.5340122837072626,0.5175286831090155,0.6013031034585988,0.7546349098028777,0.5804332213481919,0.5942243287883248,0.4063260904846965,0.5750543828219017,0.25591187197771154,0.7727335302921631,0.5217995319686183,0.48938206062102574,0.5977013623011181,0.41382008648567314,1.0
0.7678462683016054,0.3014207944988456,0.3694563068447457,0.6908644181580116,0.47071212727108996,0.8570569481985134,0.5255098753088867,0.6606184685144396,0.8743016631710884,0.7105175153408898,0.6086469352673043,0.559751892909441,0.8438811185902297,0.49565105208085286,0.7538653107404893,0.2692327253766255,0.5971115743733586,0.2133700887987707,0.9379253199634645,0.5704599957680401,0.1876967714056421,0.35713808318844004,0.5916751244409401,1.0
0.6940484873721241,0.32321657578260155,0.32177114206400986,0.8120091908967759,0.2818579561152828,0.9189419418085554,0.3748841905126937,0.6543146981149276,0.8103546505143833,0.5694766387644432,0.5644008837198385,0.7233476478343607,0.625298195792462,0.6830301693337386,0.656611888357224,0.4317742161258992,0.5682582167902762,0.2342851060052567,0.689979702331838,0.5728954610403274,0.23865670720414717,0.41237860990958464,0.32613286829868704,1.0
0.7215777453753536,0.32622747114513934,0.19962122840776902,0.8560715934285811,0.1803890947398339,0.8007333070118327,0.2922485831570896,0.833629186794385,0.7160008953556235,0.5812759025513782,0.45760054807776906,0.8027527295213801,0.44912565209861516,0.9184651187602616,0.4793618578191707,0.55883660923614,0.49837052166876183,0.4211121145499652,0.5785107907096066,0.5391069018340071,0.38317180072843865,0.5122444201213904,0.2193302629302323,1.0
0.8631890577683172,0.2991520892098986,0.10053540037387154,0.7340314123898214,0.13810800942707596,0.7858159139693999,0.3651748551242039,0.774126477574624,0.648891164564839,0.8119511504814377,0.4769499725917675,0.7951953478418924,0.46935606415367487,0.7095626466384499,0.37306797603607056,0.6942863945215976,0.5061930404418322,0.5711918364902758,0.48520049770517243,0.6654041270339446,0.5497870238903629,0.6084525323281674,0.2859829863399079,1.0
0.8535228964856912,0.2600047804150075,0.12842023254952836,0.6985957573667709,0.21132704428806023,0.8819091319507824,0.31868947914890966,0.8560571606238754,0.6630375609605632,0.6617803054124565,0.39144593937353517,0.7922760429159716,0.5614421251665542,0.6920822380956733,0.4201050355179608,0.5446901158151548,0.548351502712717,0.4095536009323267,0.5177273980193482,0.6874348215027002,0.5141366751034007,0.6275522634994429,0.24452055956204238,1.0
0.8169907226684456,0.2520976369121585,0.24152818984979035,0.8318946351520623,0.25567951922514226,0.9070549990039779,0.2964031763117911,0.8731826538054926,0.6881153043551249,0.8175486688816999,0.4541149174381456,0.7619359569626849,0.5654777752969902,0.845391747701039,0.4587292140867292,0.693191385437902,0.46359325611236335,0.3714859926226803,0.625914549627018,0.6567913891555134,0.35869498117167736,0.5460346231323768,0.3815135616753229,1.0
0.8459355334726211,0.2910310527791526,0.17074725045783976,0.6920252260386324,0.1728814585933962,0.9404444219431891,0.3220571898414368,0.8986315393357036,0.6862213412749528,0.7729315778985228,0.41832429178414104,0.8599089026642726,0.47504341683811024,0.7905138699945733,0.5536650671209938,0.6186022744969736,0.5679592932315428,0.5401363767379285,0.6136407884893678,0.6312426548150386,0.40079634545342313,0.5455861847161441,0.3195149325416609,1.0
0.9046072480034946,0.27033645234983456,0.10088999188236808,0.7484954559897129,0.09993013084372063,0.8147067030448002,0.27771537797144485,0.996249102837408,0.6183052912549468,0.771287355249242,0.35082083699359423,0.8068471721261126,0.44862005649370973,0.8659923694896892,0.3844327521433998,0.634623467531227,0.49227279752577624,0.49217607210866027,0.6435314635794355,0.7004344302290285,0.5261435891104388,0.6353218920090222,0.29135999933784346,1.0
0.9700441252955554,0.20037078859993607,0.15583009644385076,0.6428887497225203,0.13375081989769383,0.7786990600597371,0.23883670172955201,0.8016248093340732,0.6439141874719608,0.9305020872146051,0.34687833221889314,0.8040094645891189,0.5125422764419549,0.8156781271255226,0.5407932202986736,0.6122748738325002,0.4977038392215304,0.47637039053844416,0.5967758804624911,0.7970236503470107,0.5688622754491015,0.6997168148179849,0.31132485190032916,1.0
0.8610792942812407,0.2056650982206745,0.27326291491858673,0.7207942229583015,0.23334773956153596,0.8597656299668656,0.21839918675270983,0.7851985400673881,0.6695345862578863,0.7387218533087574,0.36487382146995534,0.702861661023871,0.5979482937121284,0.6698941421439306,0.4149405257653886,0.6003737577017967,0.4885700757707614,0.46165054181926557,0.5130350220914096,0.8248881862883941,0.42666213963824856,0.6171062636886216,0.2764299335907506,1.0
0.9549307398907894,0.24735200248826741,0.07899132203489448,0.634298248267015,0.20141612873551587,0.8533836829455539,0.25694545898083193,0.8371548773155488,0.6275338782530668,0.9966384181665822,0.3820961308662277,0.7602988440140853,0.5138959460668692,0.7798988715969638,0.37637900123977625,0.8468076940632251,0.48460533545957457,0.49834811693273806,0.5554531932855742,0.8032948063591693,0.5065436138033207,0.6500208526718916,0.31324611246389344,1.0
0.8318180484446872,0.29265087801821166,0.1503241701001894,0.794257499482408,0.1148378733838048,0.8511228501630174,0.27167959949835735,0.795790351043467,0.6528205397683551,0.8602090024471652,0.44000316636435466,0.7458298498928726,0.5059610505818678,0.6738038971607532,0.4459657328076901,0.4243370043058664,0.48223820011435425,0.48051864709464054,0.662380929121921,0.6804506626240677,0.44592258781406163,0.569675093786754,0.24844460640076388,1.0
0.9675321088875434,0.12499513531485634,0.19166278716195176,0.6006866665319895,0.19378350925664267,0.7989024963523048,0.281957159896639,0.8380089802143064,0.6990426363063232,0.832636150292862,0.3428649539634266,0.7468449287899385,0.4613793853995845,0.7909088565268544,0.4814833088910736,0.4791842039561173,0.474129656495502,0.415952716621305,0.5629289526124489,0.9199964005901421,0.6337119575282427,0.7919976072948278,0.26392659738782426,1.0
0.7359874830753161,0.3678026791774623,0.327625871945999,0.7867739039159634,0.35251040887341945,0.8409190147163954,0.3588071804344946,0.7100105394880938,0.8735896975613822,0.6298016858136181,0.490020531698698,0.7343198833149481,0.7631763508050626,0.5964193543567454,0.6723593333200147,0.3789974523658519,0.5984723822606368,0.22872588941531177,0.8007280525413961,0.6319804879752178,0.2243657015865178,0.3790957301460396,0.5033109175103909,1.0
0.6517405632201856,0.44062969710248634,0.414514856472526,0.7475645489777714,0.45054453109036635,0.7803555260969203,0.4481639400752646,0.5680584235325107,0.94638723164934,0.5624096481155532,0.6993198175081982,0.5139281028785943,0.7775849795013526,0.46490765919207144,0.871118626630418,0.2215331879070658,0.6238744670420162,0.2078593997448071,0.9199285703777671,0.5071250413135303,0.14649052410642496,0.2406261246581156,0.5329429301120614,1.0
0.813633208368702,0.2967660186037818,0.19594522292893665,0.7489835632789644,0.3506098050171264,0.8910245623196617,0.3128131489806252,0.7584911850662259,0.8776909059523651,0.57828099156314,0.5001419397375282,0.7288919044828914,0.5885407410421829,0.6846999029513404,0.6911393081183526,0.49124803334825023,0.6025672869145912,0.15165923643973162,0.7899637973944551,0.42345081692894704,0.33286005308969613,0.4928007439974432,0.35663893795728063,1.0
0.8152024076299174,0.2679741306003252,0.1505050219974985,0.819987432988883,0.15706655266287306,0.7956750423967277,0.3567422741075808,0.8739432535556508,0.5757667974604607,0.6134180337178062,0.4334814400917916,0.6809416016402426,0.6213225357875702,0.8073186374886834,0.39052291050515486,0.7093489578150364,0.5276426380564184,0.3764118298593388,0.5501671405671268,0.5653852799238084,0.4514476202234707,0.5909404099105628,0.2642509300162825,1.0
0.8472959386956969,0.24215529300726418,0.1906796835792141,0.6958133122738782,0.23110561890034548,0.8095942708491739,0.3152826172961904,0.8275667282153222,0.6549310712627279,0.8601641713009122,0.4332206331824142,0.6946783714153043,0.5893336530249764,0.600947153120674,0.4140269260106588,0.7116160531557906,0.4977759656851198,0.3518942204669838,0.6058318340322042,0.7892424652465562,0.46830051237730635,0.6218308555356633,0.26452411770005957,1.0
0.8565604368710544,0.2666847975141843,0.12441370382221728,0.8120869143924041,0.15757353687643325,0.8991446692184271,0.35920991435340943,0.8636203217076256,0.5508763099194655,0.5901559260198354,0.38995885517904755,0.7671222796240686,0.45880470577299776,0.7723626038413807,0.47842286278659363,0.48198786657843096,0.556925273414107,0.2638387262193483,0.5619547510015916,0.5525950252965168,0.4917278844373101,0.595686659426215,0.267778687260459,1.0
0.9393204364715246,0.10860919034785192,0.16099186617926894,0.7708421754124477,0.15095434228759808,0.775535158695408,0.3635320805672988,0.9246703237940483,0.5685967633670092,0.7777822416905693,0.4845939694503432,0.6760690015698954,0.4972041166559769,0.7558778562079495,0.29962831740124907,0.7723798412117564,0.4362410511223209,0.44297485114740215,0.5317447387241414,0.7289913317215372,0.6925118834495954,0.8030367667896668,0.24790497699877,1.0
0.90150276376692,0.31787400235649954,0.07178374428583587,0.6961825922957753,0.16042867677699862,0.7970139783563488,0.4104896571114985,0.8876902891296499,0.7379958146383808,0.5849364712010404,0.47918492468362883,0.6974764178250502,0.579226456209394,0.7178401120718413,0.47807819140243896,0.5822902886932773,0.5863618705437573,0.3356999093405414,0.6728796847299439,0.46343014489049633,0.5255571331563678,0.5829800071523806,0.33743714500402927,1.0
0.8359420256047764,0.21543399886311937,0.1837469368631176,0.7809729472957396,0.22299731388490399,0.8942970666555133,0.4181471873395202,0.7863736167055616,0.6275038196531753,0.5338030509937483,0.47084630878624395,0.7036784957748172,0.7004500528481082,0.6268288083637085,0.48315761770587323,0.752755047794124,0.5069146595075223,0.44654484072212464,0.5656199551022651,0.5635708340552982,0.5498178899932087,0.6503377284833969,0.25864766403120193,1.0
0.8343309495731998,0.25351506060554996,0.3165557493567514,0.7614130635960592,0.39469271009602375,0.941798774471299,0.5696582672448038,0.7141202101420245,0.9581749774580848,0.5044495164730607,0.6908860607930966,0.6066352806840629,0.7379412190962512,0.5149006270232311,0.9038959734531112,0.34007739939368353,0.709017567439446,0.24750813968632818,0.8087617944950463,0.47781127447002103,0.2449842582875476,0.40055052955884957,0.6898315070704693,1.0
0.8070759549251536,0.29954402195313673,0.19981194172922695,0.7423776266565433,0.18700300494036845,0.917010166598146,0.20756604549364815,0.8686376177522708,0.590641219656447,0.8798764635641794,0.40143352885231093,0.7849453753080542,0.5361782279782135,0.7909252456841398,0.3563811282333212,0.7189926797514503,0.4912827485220594,0.5332283358237099,0.614428691019782,0.7602492974591059,0.3990987097968998,0.527941874527744,0.2764473008638086,1.0
0.7876961523597032,0.3339646954094227,0.25585951141839325,0.6757908243069489,0.30344432751433176,0.7800954471892405,0.406120316542462,0.7279299342801832,0.7491321732251068,0.6111652996650906,0.4758508979371014,0.695822026152797,0.610694243849877,0.6880989671221277,0.6430898482752174,0.426310530436991,0.5787941994525831,0.2756439985205609,0.7642518433596596,0.5119542386204,0.33582319896289886,0.46939943447985605,0.3398189492881103,1.0
0.9479432173771201,0.19314209630391194,0.14359702343577063,0.665208191187655,0.12528430884673267,0.8264766243136425,0.2522964237420963,0.8331629377196574,0.6965303830184537,0.9537464363144759,0.44782507012362716,0.7778293697082332,0.47318532478863223,0.749987326461694,0.4598512775601964,0.6047138628659697,0.5050627131879403,0.4055013031935151,0.5815215856777362,0.6660225913415357,0.5749120316068884,0.7033615743252278,0.28182646682946655,1.0
0.8852905555004197,0.1818178753813225,0.23757747158049158,0.756384110542989,0.24782805057936252,0.7932037804406782,0.26367889995700483,0.768351506632006,0.7039151136457877,0.6775562533138381,0.4050643617365411,0.7333730584508205,0.5397090495831981,0.7082065811028659,0.5171037265813889,0.4624797216235314,0.544795508564353,0.3093156926616831,0.5629543230845745,0.7065350827072351,0.4972220507438717,0.6577045488227847,0.2787076777676182,1.0
0.7693169686804215,0.2791693416050857,0.34155427038595154,0.7796434271157144,0.40704934624185485,0.8282063539829496,0.4376873739742688,0.7796892470366523,0.9276664209439426,0.530126234675661,0.6292901222269528,0.5604804278484061,0.8111228438545753,0.47202235704542245,0.6895630769788011,0.5068524995538038,0.6300627353398026,0.2900912370461278,0.9012281321628676,0.7268303099857434,0.2831347614050247,0.42861368880086,0.5971243336235961,1.0
0.8268465090450318,0.2823394309161084,0.18718709585984947,0.7526814080517387,0.27329092090059187,0.907405760868902,0.4359038888273608,0.8428285378269629,0.7537589459262879,0.637267520501426,0.5225919049316021,0.6684417056242359,0.6240042229980065,0.6951551658781823,0.5919015691635596,0.5755515594187015,0.5778321630609975,0.313923027747463,0.6841234011505238,0.6012883777699228,0.37628865979381454,0.5200763576846903,0.3988311729538046,1.0
0.7574684968296705,0.365995927454138,0.17100786874280807,0.7298672266432779,0.25337021889039874,0.8029492873609708,0.3147997529871548,0.8412184182141486,0.7329585847022182,0.7224601932609676,0.4460114215007602,0.6729882850795936,0.6060653480063224,0.8060306379268974,0.43707423432229364,0.6550505770555091,0.5245958456017731,0.375542894630719,0.6552248138702926,0.6510050135081875,0.33566886844866844,0.4752801123113819,0.28189105586154994,1.0
0.8894171868220105,0.2374476567539451,0.14968154578407583,0.6965429042220229,0.22631616640797378,0.7449190879334519,0.39838108175315745,0.8761518624104975,0.6507060746124441,0.7100562885342864,0.5337714599309905,0.7007518120345249,0.554685283233795,0.708173645954254,0.40415513272695996,0.7523803331884207,0.5029482356548021,0.4576537437955507,0.5734266403636211,0.6019703919057304,0.5600037039323406,0.6583276314591565,0.29583324432406477,1.0
0.91655716780498,0.19586570711071422,0.1463391969798606,0.7230314825698405,0.15972336192139053,0.830912590525182,0.40458392548828387,0.8761163496382954,0.5919701868605884,0.7339182560109766,0.43773845598181677,0.6806125065192651,0.5564227407585327,0.8518566037054693,0.4046181053251447,0.8193659045884784,0.4417194123604607,0.37645919536546757,0.5086153658342072,0.7189228441699412,0.5818877708500514,0.6919029455584008,0.26635399674417315,1.0
0.8294596784969446,0.28175674122786193,0.18547769957097807,0.8527116403429316,0.29727338493765865,0.7137583022995325,0.3592952750541655,0.8616787725845912,0.5494464510790454,0.754416066124011,0.3473508756609427,0.6920190467157463,0.5502509322765009,0.869603551700941,0.3819559154752285,0.8676084541965017,0.4752126104096284,0.45821356446666056,0.49033262418175066,0.5583472347217655,0.4246249768504218,0.5638400332946744,0.2987369758309906,1.0
0.7384281320296137,0.2571544579668222,0.28352910677896553,0.8090093629020477,0.26428089541466104,0.8329164183985893,0.32820442978874165,0.7807607332407372,0.6116438795983791,0.5724341904641372,0.4104623978106649,0.7036859975694284,0.6135905102570227,0.6770996861155361,0.5524903223485179,0.6560606541666075,0.5373081411385019,0.24802389823177065,0.606982382039564,0.6740885058785147,0.37909747515278686,0.5492610890190167,0.224152910658085,1.0
0.9427154039391266,0.26532483073193985,0.18486826592343253,0.6977882550876718,0.3024009627900077,0.7927309086409028,0.5907166150160796,0.8275370881778228,0.8930994651278328,0.6502417494363265,0.6083029604978449,0.5983101333692005,0.6901422421941135,0.6824719969817877,0.7184134287189238,0.5414951527560852,0.6567874002232654,0.20760368009360433,0.8405000228411676,0.49282267748758635,0.3531699487622683,0.5060922272836771,0.6892105911755163,1.0
0.7428414127933962,0.26273926973032036,0.43960539381194913,0.7848988245839325,0.54196838178558,0.856696894474334,0.47880381069261346,0.6599676082970588,0.9253801768579654,0.7176522908484958,0.5886622475850091,0.5891976050707588,0.7819086228444891,0.5608484920601774,0.7880893403464896,0.46734074705883694,0.6688208994086465,0.24243255407432965,0.8767311475841401,0.5491432213797739,0.14383603926168145,0.3424788536637701,0.680475474790974,1.0
0.8334273550352627,0.2499038554353473,0.20434246207662654,0.7180420451882255,0.13392378547589884,0.9170478463682593,0.2383442908341141,0.7404509501212546,0.7615225017240967,0.7229061451894848,0.41074910595054126,0.7659108627745961,0.48307139967098495,0.7883375624245125,0.3973246186008112,0.5607123415520964,0.4844197471573781,0.46009375800156593,0.5096801126727702,0.7034199290918224,0.48731403173035337,0.606866649135733,0.2272943776467506,1.0
0.9023485565654852,0.216434821646087,0.12983220166449233,0.7584747044235949,0.10632883055614989,0.8935170162354165,0.3530135196420762,0.9191178028298346,0.5874493246052347,0.5852930506043865,0.4301762341560365,0.8498557600037994,0.5267813016148235,0.7918753463045719,0.39339183543392836,0.4370214254255512,0.5117874109827414,0.5040493277239753,0.6266964204599565,0.6493695226456292,0.5855299709858626,0.6725010796717288,0.26040673435867784,1.0
0.967722618702004,0.12352584718300269,0.2364242525190625,0.6457282730075151,0.18218608872708586,0.8313712683695283,0.20240809595213066,0.7486189798490474,0.7174385265686689,0.8043890923407533,0.4627555625755571,0.7175122969588669,0.6115021590043467,0.667139156171057,0.47804489949075013,0.6732134389949347,0.4355987863564275,0.48504534534785265,0.6769683343988243,0.9346284537181915,0.6008704241002527,0.7710710430269737,0.29672462081034795,1.0
0.8876035097957986,0.2270591407816899,0.22990031740790656,0.7341394032082663,0.21980191977078867,0.7781589212537983,0.1219246344736477,0.7167720147090993,0.7737546699005524,0.8173302671018005,0.42108886645165394,0.7310168800416994,0.5490214167173517,0.6276303871473052,0.4777317404951651,0.4384389663351766,0.49881214119521067,0.47277153292650387,0.6463774601679716,0.8671297571038757,0.5015741712451386,0.6220659527549403,0.2823257161255147,1.0
0.8828401746206156,0.26507922158908975,0.17619044915748514,0.6178372152848579,0.2517035454677659,0.7729591129781564,0.376302518729717,0.8763214577765777,0.6136391412453338,0.7135131714451323,0.37305796746425096,0.7360503997554694,0.6226202086123338,0.7344500916870182,0.4224357659233641,0.8431594997001298,0.5203168526431539,0.3055628368608225,0.5576547334255066,0.6629697427638898,0.48873387246126315,0.6062585061606094,0.30345345832762594,1.0
0.9272962001479895,0.21719708333397186,0.09134379040309744,0.6992626660630329,0.16495929993040664,0.8762489225285762,0.2289578636527078,0.999726084206038,0.6235711347482271,0.8502707279737347,0.416275174994453,0.7897113515107305,0.48049721638992726,0.8366495045871175,0.335737065894198,0.6049813015681864,0.48915925201642074,0.49073356186816,0.6538718263358921,0.7907380482141082,0.5612692141490216,0.6784240029176427,0.27872270069803873,1.0
0.7960007287919193,0.2670744319809765,0.24477018624782956,0.773932244869648,0.29736380837060816,0.7898206820206063,0.3387438103970755,0.75918543442941,0.7309129179301745,0.746565730880366,0.4889046091908945,0.683712653887412,0.6398275605387143,0.6376391043508843,0.4481907298810929,0.6391083388358698,0.4801615326455792,0.3727941605188419,0.7895768267191592,0.7171133119479426,0.4152725476881287,0.5537282228722525,0.3082623270619647,1.0
0.7253790944595605,0.3874350162334927,0.3223648139868669,0.7828968840655274,0.47218364823378145,0.8972508299446769,0.3955732174174626,0.6539108151797092,0.890693474958894,0.876947039993644,0.5676253860284031,0.7137631213766098,0.6845613781868379,0.6774440152525711,0.6409090056192104,0.5847672417378771,0.5318887576514114,0.35789298398411623,0.7919886991709818,0.6242420188417707,0.17587505401568007,0.3197368552464763,0.5331804742188861,1.0
0.7603482620590949,0.3567490420017682,0.13567340460496316,0.7770103568659822,0.22074614937059334,0.9453338960924216,0.32514449494825626,0.8144815613574798,0.7047138639676359,0.6553707140559438,0.3903099012254993,0.7744108879900676,0.5191076192451097,0.8351818516313557,0.5408614724249755,0.6197643466673589,0.5189020575029434,0.315164780887114,0.5561945762937586,0.6820737055821301,0.38789431446385464,0.48981947898997,0.2530320065207107,1.0
0.8577058550124865,0.1899018329520749,0.1772967614208348,0.7686613400693696,0.22330053208559278,0.8017833220394938,0.28911009209764554,0.9569916907463114,0.6071531573290178,0.7232638422668372,0.3988162992406145,0.7319900841672059,0.5826256334433556,0.786946444480763,0.34943168264537094,0.7770079765438679,0.42700885745377887,0.5554300928035416,0.5705817955119299,0.8096718023171873,0.5084573121797644,0.6794431943955525,0.25026759594814113,1.0
0.9270027678486268,0.17702933979710828,0.11701200736782201,0.754699790078834,0.15942908188605592,0.8596056888907602,0.37059665606437,0.9292384362401019,0.565371581400574,0.7536197440921828,0.4530928768464731,0.8166877434425613,0.5135583408624156,0.8015104456139573,0.31298437987898964,0.7756093215758275,0.45379037350951196,0.5540199586149084,0.5154538501304528,0.8584884218027471,0.5833384776838071,0.7273650838984294,0.27892173060426767,1.0
0.7984941660694189,0.310709202145671,0.17917939479028652,0.7831452816314834,0.20414211818601444,0.8739329673629382,0.43198008947690447,0.8846168452412558,0.5353725561347744,0.7192541660715377,0.3496264340252304,0.7340779811837961,0.5620809669848721,0.8262551716852079,0.41285581443121794,0.7587727002401866,0.5283472824664972,0.4865412504946601,0.48436627890020684,0.4768312804309294,0.40113587258472655,0.5317513385809116,0.26926016828121446,1.0
0.674098334990626,0.33675311761199894,0.29969436945725436,0.8041063368587213,0.252408543260076,0.8274812396430119,0.2739823580098881,0.6908398146280249,0.6510385639628694,0.6560610433361738,0.49689041122257954,0.7300403554497256,0.596020149259561,0.710997834947723,0.5812045961801174,0.6996179881484819,0.4732627528587611,0.4583575538512847,0.6126734702805438,0.7818536184412297,0.29998765355886037,0.4613599498244937,0.2305067490395318,1.0
0.7754528002588551,0.17994140927247304,0.45628520053491284,0.5611482945846599,0.49367688606359517,0.788921455937002,0.41685677322434384,0.7191578880306378,0.842812702558136,0.30246596153457794,0.7775278865860428,0.49240877460546845,0.9187696290908566,0.2569675795586559,1.0,0.2157901796115217,0.6185301720389574,0.2970986808441967,0.7999992128185149,0.5432306305323872,0.2686585591703191,0.4108410176192734,0.5310840577690983,1.0
0.7388923153855905,0.30953355713438646,0.2996882681444715,0.8166452292592061,0.40639231937162507,0.8471265123199574,0.5160787619783634,0.7539093695725327,0.7833270589171075,0.6400304727380217,0.5497232162055293,0.7103321571641319,0.6764618990366075,0.7343350539179382,0.7201696141339069,0.4566879337729815,0.620196928789864,0.33778065899629,0.7988086717977134,0.47932109063363487,0.21282177912216763,0.3816053811381147,0.5164732053716194,1.0
0.824705485433601,0.2228373601690307,0.22994808737620523,0.7309924423942901,0.18324909627763586,0.8292653231957829,0.3223454662829549,0.7314587569265217,0.7286792763940075,0.6921777888503702,0.4674368282999901,0.7286059139358684,0.5454554222632798,0.6955101597300061,0.6064790147488591,0.3450584608694791,0.5236712015537189,0.38152855425146365,0.6067814378347296,0.6779061471568667,0.44604605222544463,0.6074102431284966,0.2565565103914342,1.0
0.8824600397121949,0.21644478084401916,0.2074961549788106,0.6946796889331948,0.21208562577773846,0.8914203163451908,0.2946606196150969,0.8203689433514066,0.6221543112482835,0.7450650258525618,0.31058243168160876,0.7857834241503192,0.5413248122086561,0.8070086550066291,0.46776685590829187,0.7509581764107195,0.45392741125869035,0.41587184226691204,0.4752801914425372,0.7097856564205072,0.47931971109327703,0.6456280605239103,0.2806747247783654,1.0
0.9149201399720527,0.321430048892001,0.06592787336376243,0.6732230530036639,0.0896743108159218,0.8266219871845001,0.21029195136948575,0.8065722083205905,0.7636434506393706,0.978323508178536,0.3480773958016384,0.7892214597265699,0.4201182718072157,0.8188377057156889,0.5330671240893772,0.5331960097196758,0.45194107908430026,0.4768179401240502,0.6879837456056561,0.8261981644483818,0.5497252916846714,0.6088647074797832,0.2783568875578835,1.0
0.7443348209983941,0.3395288226849079,0.2565098451452322,0.788151347357115,0.3062243913553978,0.7349519270873626,0.4596276638340218,0.7425015478671012,0.8065976510723392,0.8245655918746406,0.5176473412797603,0.6400319175105839,0.584109277913422,0.7776088593471715,0.5828786084077305,0.4707008330189416,0.536768774937459,0.39911072367351663,0.8787786711499018,0.5042950921204715,0.29054262608803,0.43159487653514284,0.3957852977325976,1.0
0.8070983678445018,0.3039721877906363,0.24299661975649353,0.5911078996194516,0.30919846773835763,0.7920690557938654,0.304487510043593,0.7720374652347224,0.703161451223777,0.9337081557993687,0.38213207652427267,0.7629390452863968,0.5493579841084262,0.7271333131718273,0.5575277074182605,0.6683024995963672,0.5441205729661458,0.37065627407449353,0.7207181779303734,0.5258664097768594,0.3886968331378477,0.5265846509621408,0.3142245166904436,1.0
0.7807195413988746,0.3077747627795663,0.21561158678628684,0.7057441703583186,0.2750329647986437,0.8471607221977674,0.4367966977748278,0.7395414823039669,0.7018695553885452,0.6390235105513378,0.3836480083146728,0.7372870275540454,0.5445965188862717,0.8550865223630284,0.48371431185500374,0.7526844171890572,0.5509597769016329,0.3341825395290988,0.6627975029829016,0.5813513880797524,0.3699611087104141,0.5165374243879572,0.3071878047869704,1.0
0.7977527702899234,0.2779366993379433,0.27552768438592895,0.7826732421802701,0.37007360560387836,0.7488204578515908,0.538417164802975,0.7606786290458107,0.7678790546114572,0.7187791546188564,0.5468372780681192,0.6515130452223389,0.6608092141132805,0.6671038685118299,0.6456331019364738,0.5304191504262236,0.5874029194635503,0.32477024389060055,0.8072176283228415,0.46828905337993937,0.3417803568121485,0.4855201585070433,0.4469400025065189,1.0
0.8351304419989007,0.22560463822830476,0.19800784502547822,0.7559063726143318,0.21549079500913557,0.7738840488678207,0.438522090927884,0.8305900811312523,0.6361320078214213,0.6842860996684917,0.5210935174079826,0.7243950090443028,0.5203385561573651,0.6985474861852061,0.43246311918640173,0.6684669809699749,0.4925250123006127,0.47097744653450996,0.6126503863448015,0.6457947465355229,0.46339280202481575,0.6114919323077589,0.2648843809678222,1.0
0.823841998225024,0.3090784983981014,0.2461080764391818,0.6348183043970176,0.2541799306114484,0.8351622305063896,0.3520953716168712,0.7083908162267657,0.6327762554206195,0.6343462725092702,0.32064223389815605,0.8096024829026224,0.5812499441258762,0.7094288672014692,0.4621466399436051,0.5461121474167727,0.4943270219935081,0.4272631697530583,0.5680549493971351,0.782490590817348,0.4111364899067838,0.5262922873082367,0.27959532244316054,1.0
0.9976633298830117,0.2118235597850653,0.1025008507873738,0.6249727366389094,0.08618860750682343,0.7495049581500713,0.2754560361161582,0.8358825666149649,0.6590544438018259,0.8509109068073483,0.3971165678186906,0.8007454460518004,0.46672777920994146,0.8450877249125431,0.4331704796262931,0.6420438431680405,0.4947045530178241,0.5389611918304289,0.5896244802343891,0.864865090184331,0.5886474473732942,0.7053389911528791,0.32170354385425765,1.0
0.8615337457117112,0.19036225433340034,0.2495917841471127,0.7125744962073013,0.25397067638387055,0.8300016390001363,0.27702644957932304,0.7471565998170865,0.5940110925457358,0.7831532034302194,0.33491378511792064,0.7835802946492911,0.6020313448405968,0.6677460647012514,0.3842231020759162,0.7509143334875032,0.4476884278544858,0.4287720837875234,0.4572323395833823,0.8663678798334333,0.4828075807148577,0.6586563624329168,0.2462330300989774,1.0
0.9493283947742123,0.2607481962360362,0.11203522801706554,0.6105122429102124,0.21700068063088943,0.6935373651743071,0.3415778262859468,0.9067000319678692,0.7292122468393776,0.8742062549581735,0.4387683714046854,0.7869713517740421,0.49269693827286254,0.6886569042230171,0.5008759586700009,0.6762790951598363,0.532299415203494,0.3737609839729035,0.6357255477557198,0.6022051986936973,0.5173158836965236,0.6337330578355044,0.3601868852544403,1.0
0.8727785432742253,0.2591240808809448,0.1750602519099861,0.6478386714326801,0.17447162162256244,0.7770443871883751,0.21515355049481533,0.7474372013842132,0.7173284654317014,0.9265355449568825,0.4325368085550746,0.8158627919958061,0.47128707387361496,0.6804488378527721,0.4331028577477627,0.6252677444687306,0.4531861719721221,0.4884812556793352,0.6988436691122631,0.8277876308219484,0.5012963763195251,0.6232338076740087,0.25739339287214613,1.0
0.8658830316926175,0.22598952292377547,0.24230412075565627,0.8331377439937989,0.3246241369503473,0.8042759273263893,0.3791121603554336,0.8655009786324095,0.655964349198351,0.8612395392763155,0.48611338330895926,0.701216554359702,0.6588792873290403,0.7849951153425295,0.3720972832479323,0.768065929143038,0.39760705931749735,0.4323935534772237,0.7534617144606272,0.666245310559084,0.42289647509105444,0.5756614233628978,0.4345660357426538,1.0
0.7115128700537945,0.35144247490665176,0.4265763004979685,0.6773126914551214,0.5025401263407875,0.8972510395354871,0.512774018132319,0.6932914856085655,0.9195004651351304,0.5934140285388925,0.699169043954446,0.5664521023194172,0.7919104703215126,0.46249331675626926,0.8590182030802813,0.42042032289085585,0.6411082108345898,0.1897963545979802,0.8235054456182769,0.4664396551059101,0.16531884684239742,0.29336561872438943,0.6915703395012437,1.0
0.7502721802778617,0.38870688241864493,0.17213729741408448,0.6678913333047631,0.2138072190930669,0.8550100377696613,0.3664710581268795,0.8162045986889106,0.656496397267912,0.5714603031489734,0.46129113860961357,0.8266780432006356,0.5234038959006625,0.8361659852386869,0.39820310984733465,0.5812625930484382,0.5334544133028641,0.5423984030506772,0.5758115163618898,0.6528715440297205,0.3346811531576009,0.4613264207567557,0.2763553930633722,1.0
0.8665294674717161,0.2267059723011724,0.1733814331305257,0.7023327441403479,0.17141073783807598,0.8133918467404926,0.3517465149754711,0.8689967988127524,0.6216308358480056,0.6970613412349357,0.4709036289861071,0.8355800908191249,0.4947139962586264,0.7356443829093015,0.47517371308467926,0.7437332632281589,0.5222848367464712,0.4735788732645739,0.5773611992567974,0.6359342372619405,0.4913574912031593,0.6385238857578487,0.2701293931216866,1.0
0.8870378784890873,0.18767020652312155,0.1441108343769717,0.7947000189521084,0.10631192051358795,0.8342337665047523,0.3640310928256743,0.8996140593666261,0.5704685487347161,0.7239936006022897,0.46312101902739505,0.8044184968657897,0.35759976213768574,0.9174927477060062,0.3258228977162227,0.6478060425218731,0.4547348656261705,0.37343514057053495,0.5745415377603216,0.5164158460317383,0.6113957651706896,0.7181731543984943,0.2484600599247331,1.0
0.8313287980078603,0.2080871751577768,0.1796837345075749,0.879027863102487,0.20413395003152693,0.8846738909048161,0.36903685556162036,0.8884413082616265,0.4264543936978293,0.665167623465243,0.36404782131884295,0.8364384928910318,0.5400019385677087,0.8597942881890148,0.31526483875627487,0.8168660756146344,0.5072920512915612,0.5321374894350694,0.5012274224090696,0.6248313616043697,0.48432001975430483,0.6481471505489594,0.24007764749903485,1.0
0.7346993300264553,0.26349770095746206,0.284739484262859,0.8453643411468255,0.25143295459027026,0.8479342985906135,0.28627008420241545,0.751204019483169,0.6140131917645621,0.6111513908330121,0.37252065755338404,0.7875917870824618,0.5664826268207245,0.6447156523237598,0.46130874406823896,0.6529075625074403,0.45137740912578245,0.4610152842164691,0.545253360168049,0.7377793229922148,0.4217235631829122,0.558142567138356,0.21529751514272052,1.0
0.9241926006319156,0.24227112614013674,0.1253971503081927,0.7187912548456034,0.27320146375578874,0.8961839195689211,0.3953771061584978,0.9078416455334036,0.6232622880600812,0.8882749972102519,0.4514896790695524,0.744358268346678,0.6099200125079073,0.8026758793726952,0.4233696448269734,0.6807877186263072,0.5392508721188181,0.4510786865551847,0.7250713689705447,0.5649576288890835,0.4246867090561134,0.5945325319489253,0.41046016503741456,1.0
0.9205534503061504,0.22075021871930856,0.17879534316396414,0.6070588721615481,0.25877157335147616,0.7643731555717598,0.33467264831396365,0.8495174675016413,0.7204517113068978,0.8819983469674898,0.4956995171075718,0.7584990282085899,0.5590631410454091,0.7044345655825595,0.5628697246019753,0.48402089829020906,0.5956664754855466,0.3404724463370276,0.7070011017959869,0.65036122754224,0.4461077844311378,0.6176911897978739,0.38616392414061623,1.0
0.9177860445803011,0.2246879323632565,0.3468008318151,0.6339306497630519,0.5444785417196296,0.8631169870231151,0.5410318123234548,0.8117979519016821,0.878074180229683,0.6939908009722705,0.632898107386658,0.6407598990384711,0.8553401350155724,0.5658235815090636,0.772661264173502,0.4622974026580371,0.6621695685817226,0.2383933109004498,0.8524307519028499,0.47074787485197844,0.25084881782825996,0.42707951786183024,1.0,1.0
0.8626260806231077,0.26418764354651647,0.15184699155495546,0.7162289017667732,0.2020693093259754,0.9421291361640234,0.27454398165674204,0.8122430130708157,0.7445675252475283,0.6978603539634457,0.38008103120449577,0.8474534640048552,0.5225458498477502,0.7102779666994918,0.5030698882356139,0.41991062152619946,0.4692863037060825,0.46403830122373463,0.652865192202619,0.6773568669921585,0.49456756589912976,0.6045177596789902,0.2699939475292472,1.0
0.9033294166938073,0.22633610301181478,0.20373769900766464,0.7228127918207231,0.22923970139140132,0.856116258066277,0.2851414542589277,0.8443440258049016,0.6388458680452965,0.6972281644292107,0.3417596383711118,0.7920270694210468,0.5237001239369146,0.7230271627271512,0.46757763328328106,0.48797816805026706,0.5497376016976174,0.3749222099054446,0.5723239539584002,0.6583140954518092,0.4902463115007087,0.6246520877947261,0.32480252561295314,1.0
0.8826894772286815,0.16106719700672487,0.29733585733925055,0.7922586417468823,0.18091741278387624,0.8978520761157439,0.21563316490209705,0.74795040930623,0.6229108086194717,0.800159317156878,0.3705856454606199,0.7857958451545115,0.5452274642984443,0.7728798425086283,0.5196211956941158,0.7079419473434282,0.48936678332048317,0.4347822629689935,0.4979282415681894,0.8111872364166459,0.49700598802395135,0.6672355453077516,0.2968029409922061,1.0
0.7021044573436741,0.35375270239005435,0.2778359197947232,0.8147496914589749,0.23221007115342454,0.8724262423157605,0.2543066910957719,0.7985992915669192,0.7483768830810803,0.5860534621843454,0.457898720257618,0.7820317274731517,0.5365772221001569,0.6933509470704152,0.35467597435112164,0.7171098123987393,0.4414045774355055,0.4639661822892371,0.6065715071789661,0.7419990315857878,0.3480770417927032,0.4592491598935898,0.23193029130634793,1.0
0.6563390454754252,0.39091246171454497,0.33894056731353633,0.8853532664828752,0.3184759587635606,0.8857292504981391,0.4130496148790252,0.6973192834316414,0.8412018817226106,0.5869062060558254,0.4981862495165891,0.7847617043203188,0.5811070642969665,0.7492285633712926,0.5640789847082844,0.6345463903578641,0.5346253734012842,0.317963701533567,0.6192704337523628,0.46762572747969744,0.21211185875671346,0.3504087259963473,0.35391816086415095,1.0
0.7083865627115388,0.38416395597728087,0.360778584672795,0.7919238328426376,0.38448396736249796,0.9243580710882658,0.3932183589184388,0.6993578132834324,0.7927883559060849,0.5861802767887279,0.46329619384379933,0.7269312920142128,0.6272599338128877,0.6330373583366199,0.6250886002085314,0.7337459642367908,0.554614150634942,0.3147629195381325,0.7268095947357431,0.6081249307073474,0.1918636952898328,0.34414660537459896,0.4746432430794046,1.0
0.6863328398864682,0.355880906378943,0.2970585077411281,0.7695019122011759,0.33671380579923177,0.8609520769680798,0.4134774847568181,0.6847563754163576,0.8235839611977115,0.39719282045731075,0.57513243046553,0.6423449913457502,0.6796574392366612,0.4940720469559747,0.6123837319722317,0.4711033523621738,0.5741543716447048,0.2534317275457817,0.6889449651743168,0.5373041832018379,0.27770232730415456,0.40384329418498865,0.3161293190117656,1.0
0.840817425376701,0.29949284699760836,0.1500497410917129,0.7657420381001603,0.1930228593064011,0.8414381012898359,0.34227670750219,0.9414913099237494,0.5160216338905397,0.6841406571640041,0.4469922397617834,0.7462086290306195,0.5286144861432032,0.8780205994308301,0.337553439971349,0.8107277534241598,0.5019734524487491,0.5569208820956523,0.527512947844968,0.6227253071942189,0.45441076609667175,0.5841149393584832,0.2880224687540295,1.0
0.9191143049585221,0.24346331874183166,0.1041870478985714,0.6885967978059928,0.15173978356809567,0.760038153911102,0.33341295592630504,0.9023117403553781,0.6840358803104533,0.8327364097907612,0.4420939608320741,0.8107917633089802,0.5444219406269786,0.7583708901238279,0.42653623207083546,0.7398237637909343,0.5238622012394157,0.4079152119238488,0.6328959747087622,0.5324949352998053,0.5157725785542308,0.6489494840503495,0.2914313343354872,1.0
0.9296171169278737,0.29038983365075094,0.10104703565315011,0.6779251376538458,0.18380498373035511,0.8852477272554731,0.329659217841067,0.8848262370213211,0.7033371638153815,0.6404897332662807,0.3843789747886288,0.8077540284123935,0.5877323295421841,0.8195111510877814,0.5356939597271396,0.4651440632650038,0.5915032165136943,0.36478238126214685,0.6552085153421672,0.5276793979302378,0.4420025927526387,0.5696200610342272,0.37786547745658516,1.0
0.7934450661725448,0.2340960036036976,0.23085682825334128,0.8925151316178972,0.27690141126484596,0.8176667773461397,0.2938888695079644,0.9074482874599856,0.47277323626756723,0.6459136603352297,0.3757582310103286,0.7655997227685897,0.5821696723913637,0.7697821349476398,0.3786225720857359,0.7449049113689253,0.4116510725995008,0.5125494518533017,0.6117600397255653,0.5408798437683161,0.4389159824680529,0.5919457618229685,0.2588718118943429,1.0
0.9196289173830327,0.22960900188918335,0.1167678602625171,0.6194018677226911,0.24020619615437028,0.8818585972776389,0.3005154191842614,0.9322933637414336,0.7105889638114261,0.7510968226972753,0.4047466096192622,0.7860826350730914,0.6011835189933527,0.6928344141563522,0.4140873927233141,0.8999061994751756,0.5061005975559787,0.40038980428154486,0.4758482138594011,0.7512952249363367,0.5029014136675096,0.6528049411992276,0.32092933665651957,1.0
0.7984354796095463,0.26770936915375937,0.25144530621410116,0.7557967936956156,0.3214926990329216,0.8276279997859379,0.37470717242653345,0.8313384287446974,0.685961366940331,0.6976413726488764,0.5007326324326602,0.7781552673429829,0.5682258374413681,0.7544648599154793,0.5261766993515479,0.5680162095492711,0.510580653474874,0.5233461123894889,0.6869195084993662,0.7130710842663679,0.31955676276313266,0.5137983830244662,0.36344547368795305,1.0
0.7574578801836634,0.2595460444364091,0.3900729501680025,0.8439197304059664,0.510054420816484,0.8353083618768847,0.5177157984274843,0.7187094183723435,0.8883982784018298,0.6519612701973657,0.5198201518465362,0.7149375211739843,0.750499291170642,0.6489546804096809,0.7583508953496794,0.5256727080482743,0.6025229578736137,0.31687238375545806,0.8619871867501613,0.5429347634971031,0.16180011111796933,0.36535275477500384,0.6427533749383942,1.0
0.786768080554583,0.2774753586460395,0.27114419858204286,0.6516295601978164,0.3256619266450142,0.7527488766281888,0.3112331381513431,0.8011713190633664,0.8361392321943014,0.6269791863896863,0.5219345172375639,0.6992220608350334,0.6193002887349108,0.6145198454891613,0.5589993359644603,0.3238216889671517,0.5726375513559282,0.31968136071057224,0.6925887766502873,0.7569632144603768,0.3800543243410087,0.5416444757050707,0.2998723553273274,1.0
0.9401449959780755,0.25030452162907973,0.06576541408667329,0.6833505552687503,0.07278954272831012,0.8823871387254093,0.3990933688141357,0.9404566492208,0.5611018359592062,0.8796139343586975,0.3393678860689706,0.8930188725524533,0.4442434621070787,0.8989471223566966,0.39331416666445396,0.6559676796306508,0.5158829738634607,0.5266207271307444,0.5260611399988077,0.6997946406955771,0.5404654608309156,0.6682944573579086,0.2932120300277681,1.0
0.9022951784286162,0.1847307109488359,0.14843359083502064,0.7486624867711831,0.1434374660107605,0.8158504168085868,0.2972798880896331,0.8963958468102281,0.6018784834438019,0.7735741990568168,0.486080651867729,0.8174189839467962,0.5069451232768597,0.7782327451623051,0.4227360233763348,0.6500521082806137,0.45042915752163953,0.5430384987903442,0.5861479093363079,0.7904336641915374,0.5712698314710773,0.7042247993126283,0.25471505316526816,1.0
0.9139516659307388,0.17598684160125527,0.2220370731954489,0.6506696937103406,0.17366884754843886,0.7752236368877404,0.2958638957394956,0.8461668305352812,0.6763007825192204,0.8525583582926474,0.3798792855290895,0.7405825290326828,0.5741408999178745,0.6508467262804128,0.49626777233257613,0.6961019797294731,0.4577539049619285,0.49850872553676295,0.5782094582823494,0.9703065065540756,0.5648188159762938,0.7084900369869269,0.275858105360152,1.0
0.9584427853713029,0.20709217467513874,0.09459441259120446,0.6761068562609277,0.19331996271491347,0.7813393337164032,0.2792661904646562,0.9351950474125239,0.669061163309594,0.8320741672443566,0.42649606304369986,0.8079657388947414,0.5053795592333256,0.8129252976207126,0.36583439992341754,0.6549535968848831,0.5017797439067505,0.5132443164716801,0.5605660402680753,0.7946884889788465,0.5930613000802509,0.6936705998518423,0.32152800521822467,1.0
0.8197716941086374,0.2908133293905125,0.25349846891097966,0.7192518039242658,0.2422547270247311,0.781575391188439,0.21345197302804975,0.6789859875098408,0.6678950903861828,0.8468893915466486,0.3187810416515708,0.6877416095145957,0.5613428334995668,0.7449728716685144,0.5590269185728083,0.672492612518588,0.4445528127611942,0.45962774748886814,0.4975745002752554,0.7844330535563065,0.40332736588678203,0.5465271371311989,0.26702519639671013,1.0
0.7959915866800799,0.2863347546896332,0.26096680683600154,0.7351191676579643,0.39055140481425527,0.7550852436099604,0.3795129646451821,0.7641892807600694,0.8217442283893656,0.4165944303933242,0.5512754150756559,0.5855635389927002,0.7065424911677992,0.5648130997828429,0.634406183260787,0.40771064749634195,0.620988193310568,0.07473421224725117,0.7984067575788156,0.560130822890183,0.32844620038273936,0.48119067018380357,0.408070323007107,1.0
0.7784599652403645,0.3170999428495258,0.30499889335783836,0.750217517189726,0.4562476996146698,0.8671229660434476,0.4745992502984451,0.7228739472774969,0.8659758650603256,0.8439787614575527,0.531441286665992,0.6616554100465899,0.7269225626804734,0.6272313621384682,0.722638368801245,0.5527231032042024,0.6376423937530229,0.32322030070146696,0.9020880440553216,0.5098675603563265,0.20146305327489358,0.37506195532079034,0.555264469001716,1.0
0.7775802581559433,0.3623165400827074,0.218959244678563,0.6944657624848911,0.35438021984417223,0.8144915231462543,0.43557229728902835,0.7126186324847149,0.8541873867766739,0.6131913321735266,0.5004382905278488,0.5940411818045773,0.6873789512664552,0.5487287886646177,0.7604019069647796,0.41787241065396996,0.6785063771414047,0.10392530838079798,0.8316544257794968,0.43951451010461107,0.25248472127909016,0.3972560880510176,0.42269179671208346,1.0
0.8441368966949192,0.25509658123717766,0.0986461158640317,0.8081800008898035,0.22007631540786074,0.9389873932059136,0.25250543304864703,0.9100108725202442,0.5788637284964018,0.6759417939093918,0.4439389212837448,0.8143136714085891,0.5554327344783517,0.9196285136764663,0.34159881504892103,0.8230062128583185,0.48971330173760474,0.4070011256233475,0.5663952159496906,0.5843456004756935,0.48762269275881254,0.6133392316294516,0.26970568907131054,1.0
0.8896708066988468,0.23928367319734697,0.12888205226533106,0.6710151265383117,0.17826856030431423,0.8374327510419342,0.35674664116306265,0.8704145000003086,0.6528949809218771,0.7667204978641308,0.4191184979739275,0.8140535682019868,0.4985109493118691,0.7664225929551869,0.42001212958177797,0.6433178540510199,0.539459479370477,0.48533395263639223,0.5745026884183407,0.6182571318753769,0.49688252361256835,0.6417176798193513,0.26693831218763975,1.0
0.9231984696960845,0.22535136816396834,0.163330265248739,0.7461924303434115,0.2277363835093925,0.8722840000191892,0.3859118180798432,0.9187884690798418,0.6359988194674794,0.6939075549564673,0.43263401182858086,0.6656139594866438,0.5934455824387763,0.725063888000714,0.4286736988508114,0.5771163856374754,0.5502031199189166,0.39242633330991555,0.7028481581114664,0.5677846790307006,0.45095376257793696,0.6151053174953738,0.3802113989450803,1.0
0.8772454970817103,0.2047836325944631,0.14394104997726842,0.8688118943105256,0.14622815147231077,0.8089896712251425,0.26271972192215653,0.9064857577573844,0.4561536858232276,0.8018115291055373,0.4196104874277063,0.7309839828276256,0.528055871811322,0.8358712940756311,0.463392454420655,0.8238672365480902,0.4367445692810885,0.4701823842477123,0.5685140084752346,0.7797179183637925,0.5762701401321068,0.6840385190612245,0.2611745304969467,1.0
0.6048778030243701,0.4171748666616616,0.3555567122767672,0.686329177453974,0.36806785044134976,0.8502663689607747,0.4125940192768938,0.6707449055684134,0.8150825047527448,0.41284697811292154,0.48070168681337266,0.6056662578867003,0.7449840350178539,0.5666841298920798,0.6301325843431745,0.6428942581847428,0.5174007435177639,0.2826548379671848,0.5989282120811452,0.4702318436953321,0.25495400950675917,0.3647475555205007,0.268148710648622,1.0
0.7850107307335754,0.24487614588233142,0.309317700516528,0.7261157601319338,0.4208922128226684,0.7523887646843397,0.4258000966134855,0.7784705970100182,0.875754567842382,0.5461060959901936,0.6199068055093514,0.6347291940524866,0.7202487796597827,0.5324672942885628,0.848378202641703,0.4207765270832243,0.5736252712495536,0.10728168909683644,0.9021903776483817,0.48868001487131496,0.29057349219087575,0.47669774141934607,0.4708226822231719,1.0
0.7170358852321519,0.3365556190560826,0.2835681031540767,0.7492498970362196,0.35567019942135947,0.81518680572753,0.32014863425671675,0.7475446378837738,0.7886169113101206,0.6224282041149981,0.5270175064935613,0.750120322999413,0.64752308211171,0.5886437970630929,0.6735240497382459,0.38033785351407273,0.5605833180274513,0.28429380616349803,0.8026202303576927,0.5347410613931797,0.2883511327859745,0.4265010254273452,0.32169297039049904,1.0
0.7931525185936827,0.27631350329343024,0.23717752816273524,0.7291850908679447,0.2224062626026073,0.806780886827157,0.31425234766047444,0.7984926611289845,0.7094855310569225,0.7879199588811256,0.46986795475811205,0.8203454832167292,0.5053061000950135,0.7100562817825257,0.5501782769358664,0.5129616557168427,0.4427260499444748,0.4509723352444015,0.5782913090260294,0.8476411867943523,0.4342860670411741,0.5632530243778379,0.26835305120858954,1.0
0.656744837278363,0.3594702013136949,0.3259615378722727,0.8031818756655279,0.32210287602630344,0.8391209118672041,0.31839612473590106,0.7190891424891184,0.7826350057733944,0.5906604937406834,0.467573807506579,0.6802237659821163,0.6139163610969,0.6311137104066246,0.5454167179496034,0.6275035144946102,0.4903302500894619,0.38642581578545854,0.6533334716277855,0.6998814156929717,0.28674609543799007,0.41423452828462637,0.27629621037250557,1.0
0.9156523936397086,0.23324625419243938,0.1008713273044078,0.6811831720691464,0.1584726679966553,0.8138223928405269,0.23279858738957887,0.8309958064930442,0.6203050562661452,0.9161797157537618,0.33494528444270527,0.7821336166016007,0.47071203501695147,0.7586136692193097,0.4241871132598668,0.6378589563473024,0.4666800548302895,0.4434534320459264,0.4807184282798949,0.7379476317640582,0.5696339280202471,0.6789455158556212,0.2589873544961512,1.0
0.8409524927064579,0.28327774057974797,0.13149761174493027,0.6762852839972857,0.20896469624390482,0.8341995333390746,0.32275185634134285,0.8815956341462172,0.6275964370358738,0.7021451435456315,0.4279007829323093,0.8262798331850434,0.5154641723273323,0.689635548638913,0.43706522548650256,0.4722010683786733,0.4516799212862055,0.4615511626875978,0.624901243001505,0.5898203854188981,0.4768195567627622,0.606179832114708,0.236499750028471,1.0
0.850488600075497,0.27591375641027616,0.23367880365783916,0.63759206164725,0.2691198022324003,0.8620381765469094,0.287186759615888,0.7561460984629557,0.7011849897661048,0.8975263161231383,0.38074042778404327,0.7586334456103943,0.5705403417660465,0.6091723928184095,0.5736113710303897,0.5551415051357848,0.5729658925877716,0.27983072082280447,0.7264313153183194,0.8560324502456848,0.4200567936292362,0.5531945984209461,0.34579754931509255,1.0
0.9088217615614775,0.22458941291294293,0.18282381769849365,0.6160000635240108,0.23366490854733837,0.8599643220550034,0.32106256756558443,0.8765472010924819,0.6738998925459311,0.793558086103617,0.3507504992156313,0.8077652196141908,0.5637306841567551,0.8145394335707768,0.6001326050579359,0.4990615244750293,0.5302009756186478,0.31185112852033986,0.5293390669395907,0.7191595836588692,0.4795049077103515,0.6288963494090617,0.3075258685651829,1.0
0.8809397949853457,0.2217726453008675,0.239774204315757,0.6657182516277153,0.252805899063777,0.8370399778634844,0.3277386274639143,0.8533118529082014,0.6559137541723602,0.8485534839560417,0.34397626942712894,0.7898279367778033,0.5751440142322568,0.7284670298565674,0.5848424233899889,0.6146250235046005,0.5171216173948068,0.3088080719793905,0.6303003792601681,0.91706537768834,0.414778690042595,0.6081424630286086,0.3120121270452784,1.0
0.8535252557403595,0.21753339778721956,0.23299354109774417,0.7853767493479157,0.2974840206553208,0.7753258939152854,0.2942114730367585,0.7806665391821729,0.6352737506955459,0.8089984627334378,0.3969513035041318,0.727925956191517,0.6586299413841311,0.6997526773733395,0.5319674158750952,0.8082201009451024,0.49207079785818075,0.4087231223142993,0.7134416529469106,0.7832685848483484,0.4453052657571448,0.6086146225003612,0.3261938690511851,1.0
0.7977512957557558,0.3390757557882093,0.2099870277466004,0.7251970908338472,0.3475683979780908,0.9362122711507053,0.3127119957885336,0.8663849749023201,0.6851562956313216,0.7710468069658841,0.32201524018085986,0.835144494810716,0.6227990058086246,0.7027329162376122,0.6023755827295224,0.8627161347403423,0.5587892450303563,0.3649823527138819,0.6691110533701304,0.7861250513537481,0.24263843447126335,0.4357280227987114,0.40715291953309585,1.0
0.8144943363226108,0.2610242958464017,0.20913293855101805,0.7440454121943447,0.285097618305105,0.9505749937576871,0.37029730964500246,0.7967064285660866,0.6118067738791092,0.5753975375105307,0.34139578902768125,0.8065752628165156,0.619560170741734,0.7121587205192712,0.6138851675306785,0.5249503325178952,0.5660891823848897,0.40203548703714764,0.6310639896603066,0.5362889910749016,0.36236804741033257,0.5480747052881604,0.2957801856303154,1.0
0.6703845732359777,0.3751668165653638,0.2330403651260766,0.8033199469714636,0.2755027620168199,0.7816589480581342,0.30602577994722263,0.835879135095472,0.5927386344242426,0.5907506941725258,0.41243268593297105,0.8214909826578147,0.5995501812239311,0.6978726293067445,0.4895328705006873,0.45851322012732154,0.5059972812702966,0.4217069715173845,0.43481960510331047,0.8157206977188052,0.3238162849558607,0.44427614789441666,0.21770080126043043,1.0
0.8753392193097698,0.24294314217291324,0.13990914641036103,0.6799491247407222,0.26977933918707286,0.7237537579050085,0.4064699348795859,0.8404739166661753,0.6692605592565282,0.741771323346637,0.40812799249352705,0.6809345917665894,0.665715093323253,0.7781304893675673,0.425666860880298,0.818650585859802,0.5043652966140688,0.29406894196927774,0.7307935331363401,0.5955695483833096,0.5568553614420632,0.6657470571244958,0.285000945990095,1.0
0.8617177675758341,0.228457258952936,0.17959404757451905,0.8352815859423233,0.19158592843970015,0.8384822886683052,0.42765548583669966,0.8319352828331459,0.5801452476037829,0.8804888661289694,0.4114163237910047,0.8073871783578809,0.5126218722158999,0.875418644273471,0.48040050614642427,0.6484113627672484,0.5152689115828037,0.409234108498146,0.500818552602951,0.536208112453321,0.46268288165936167,0.6300695398176597,0.2997706395627516,1.0
0.7680972340169397,0.1867645323850135,0.26645512687203987,1.0,0.2460721238383324,0.757180138690431,0.2839385843722482,0.886366367454679,0.5037754062651726,0.7945983922314891,0.4627210365299386,0.6804542309509923,0.6005119183701119,0.8226197586146199,0.3587781088015173,0.9399020861197614,0.4083996001019239,0.43256741945327726,0.4384711593479866,0.7158308829660631,0.48839434532995823,0.6358253224815005,0.2301184493474745,1.0
0.6546321247229512,0.3787444668994566,0.2721449321209026,0.7841035600186882,0.2979532667872885,0.8228996776819368,0.3242875364795124,0.7810467699662554,0.6035487025685535,0.76438182709893,0.450996270003347,0.7104682347991699,0.5616523726204639,0.8276231566079084,0.4430671491602628,0.7677713898187619,0.4692795505526383,0.47103819365485283,0.5229658972333281,0.6829856128593929,0.29955552811901975,0.42779670824275723,0.23008581992534183,1.0
0.8317570027301464,0.23329038110020037,0.2611946128283884,0.744231873849722,0.31734314444355954,0.9053263172887221,0.43543803572281864,0.7638642536821919,0.7230914694860042,0.750598008927793,0.5029563079805297,0.7301594618117087,0.6370771294724927,0.7559933644791526,0.6196002913950571,0.6111261642090194,0.5049562070340897,0.46748710350905315,0.7649203540097089,0.5887915661123031,0.3469658620902526,0.5376615648506281,0.40664816820839417,1.0
0.8833763152439739,0.413531792058076,0.11702185696772124,0.5417970125264912,0.34903979249291933,0.8839962372394711,0.29147114572188765,0.5520965206108984,0.9056065012953547,0.8370025300775084,0.9980701278216024,0.9989570024078042,0.6776852779601237,0.03762962765395636,0.24556759138797743,0.7278009765071511,1.0,0.20309574971876568,0.6690718652820188,0.8648896584168889,0.48240632137786277,0.3898699052109082,0.9986696573142662,1.0
0.721620801773049,0.25936524668933286,0.4031355770537888,0.6107147724036283,0.32818593167641136,0.949834882030881,0.09093986803266131,0.8170202639632809,0.6612363780352912,0.7559711646201221,0.4335565991949767,0.9025921463182874,0.5888767669654075,0.5490182258872998,0.46863934126428797,0.7542376020320735,0.4785741871564009,0.4601576331016377,0.44753859963769005,0.9076275075300404,0.3682634730538924,0.5622040415266477,0.2655897888854897,1.0
0.7778946288404868,0.288394163603575,0.2598597732934275,0.7475954702242292,0.3582625381989688,0.9591998186154552,0.3281074913129872,0.7882136711547345,0.7366429606136577,0.5632623091963661,0.4600574686258294,0.7894690189487402,0.6469238802522417,0.6729302923438231,0.6420463433327841,0.5155003205705664,0.5942921486331731,0.3590871852543603,0.7633322476250992,0.5769434213094988,0.2700475337983816,0.46824775387968465,0.38168163668989497,1.0
0.8549231141312936,0.20249853293353548,0.313781070950569,0.6663566679367579,0.28031763241691754,0.7972362959863779,0.2233571657769299,0.7437985701141007,0.7539476802940187,0.7490080141654849,0.486719477459662,0.6364629694693553,0.6039870139088708,0.6549077869382989,0.6821949800403544,0.4721988152091718,0.5844107978050163,0.22688384553971705,0.5751284428543665,0.6353881018309999,0.4118155441693922,0.5944211099550999,0.32444465453156707,1.0
0.927935853069917,0.14862111074168458,0.22792145829538182,0.7492957651087597,0.25579427349165296,0.8002291130298554,0.2981821420640726,0.8794008895513353,0.6850121065894229,0.8105597291342505,0.4446948247231553,0.5998553800788725,0.6898706960673556,0.6319524588579405,0.5106842081489842,0.7188214388693384,0.509308554302379,0.4827176606942521,0.7393201668411801,0.755617956318436,0.456046669547502,0.6702916481340458,0.4395333150586217,1.0
0.7903046033022796,0.210026307604384,0.276561573120608,0.7692311878137591,0.2951614716041951,0.8389864244306128,0.24923237574470355,0.8024547534143871,0.6616011234103294,0.8205466845199557,0.4237317830127283,0.6443450189811976,0.6340773073390411,0.5904070429776463,0.433352806599217,0.5871293457259434,0.4110536305446586,0.5053944613245034,0.6062444235934551,0.825550676868729,0.4482066794246561,0.6080183917514408,0.25255184687193555,1.0
0.8708702011544501,0.1698406375112425,0.3872654476449892,0.6861925074129835,0.5290828085673628,0.7576060854365733,0.5193014458051207,0.7962657892207292,1.0,0.6056155514797646,0.7438142677488794,0.4500334734712324,0.884821316596562,0.4124674921935182,0.9281799576491108,0.49112716019270236,0.6726311209867629,0.4059271323217512,0.9595484210817009,0.540151674112943,0.22640286437434287,0.4195527496896836,0.8940969523952312,1.0
0.8574534147629844,0.19237186725768135,0.2420000720019847,0.7737589551047557,0.3461680218674593,0.916401514885116,0.37581696309579143,0.7875356351453963,0.7455816503207657,0.8053004933998977,0.38190054577304966,0.7429048263858138,0.6660384624354846,0.6242441441593706,0.6728580817475756,0.701668904393178,0.5411547930364166,0.4141040075178767,0.6282217531538232,0.7209647591142943,0.30634607074510656,0.5543014606573701,0.4237976087848462,1.0
0.7349314217044437,0.34549775305172814,0.19464908416284746,0.8020991649511875,0.27966746392778935,0.9162333764795423,0.3345342228111315,0.7647575542062982,0.6464553328256106,0.7258553557294651,0.41086679985624164,0.7611274233779068,0.5886963228044064,0.768953972794092,0.6172776059170887,0.419375227770422,0.5426621956191717,0.505191332659584,0.6525717799825168,0.5199803526206352,0.30480276560281366,0.45392828839843796,0.28051487888491455,1.0
0.8636697559069718,0.2663137024773889,0.1396268069789163,0.6504905186326784,0.24862476270519268,0.7439867232139568,0.2613941682442655,0.887275466786652,0.6703113623325213,0.8922017999477504,0.3693850819100278,0.8620395353140988,0.6010676899957808,0.6185614195174519,0.3378647082236199,0.6793085441426102,0.46025319198841824,0.5800071265023822,0.7315908834576521,0.7788356239961727,0.4868201740848195,0.6159121691125435,0.2533596882100796,1.0
0.8703738729536185,0.20680672874055994,0.20363735842573819,0.7732105000051963,0.23121240883877459,0.8384566953015842,0.2572095642780549,0.8249337624599604,0.6305197579544808,0.763431473030899,0.37301286128828387,0.8202464226337892,0.5306141269131265,0.6876984913984113,0.4973356344977036,0.5946824705992187,0.5044150560258571,0.32479397414803,0.5683253623680278,0.7848260142466594,0.49391937773936556,0.6428480281879413,0.27125917490191237,1.0
0.759252388265696,0.2924938291277429,0.2394695407011073,0.837193191580593,0.23397505684582712,0.7829873695454399,0.26553962105028395,0.8329390598606589,0.6115298712355232,0.6014039074519918,0.43846377079120685,0.7434946396145913,0.6377055480346987,0.753926527069716,0.395979410342873,0.5988411330304815,0.43638726607158745,0.42343066374875005,0.6812665775904142,0.4799632550962335,0.41200074078646837,0.5534772570589713,0.2365685971523012,1.0
0.9097622194536059,0.1394990983095412,0.2277189561970938,0.7089655850497173,0.2741615918152521,0.8128406694852128,0.3462713445549394,0.9051574603193017,0.6599716380290229,0.7204611298123504,0.4884263069437185,0.6743673854856631,0.650348032690783,0.6862882397016588,0.5034180815926087,0.7454456094612376,0.5394340996654056,0.39132670226792426,0.633587203126117,0.7246956253952517,0.47623310080869113,0.7050919913544592,0.328988899609341,1.0
0.8228558297736983,0.3529915132311776,0.11269471371307856,0.7296705824626321,0.17275248932235682,0.7712283120669301,0.3812403889868345,0.9362026244448443,0.7003106860140238,0.6852253597871267,0.42926398585372816,0.7064472113974357,0.6065155785235689,0.6946084424112251,0.40147309479910326,0.8017574475224989,0.495409906287496,0.4321294145908627,0.6055985008580278,0.743598521798238,0.41135255262670417,0.5429849837877588,0.2883634031559061,1.0
0.7635780816999199,0.32193934695240894,0.27984112333530975,0.7229110672022145,0.29381054038252347,0.8131695407543974,0.37062895196304996,0.7614666579215802,0.7673699031649183,0.7551449965527921,0.4857977472177501,0.6976487131406293,0.6730844933224465,0.6272905277804388,0.5953201442957834,0.8075788238697661,0.5457732284744341,0.3510767653533418,0.6973254670244514,0.7569536819861444,0.27122044570652376,0.45087490426840593,0.3738315335759056,1.0
0.7634657221963448,0.27782347091837606,0.3235080770301505,0.7545590096606708,0.3556062111408837,0.8193430147830919,0.4807730480366455,0.7127152907888211,0.8340709400862384,0.6235170669691441,0.568635105455619,0.7057970148710501,0.6569876468340248,0.6255921719503528,0.6977479935656707,0.4091543815014221,0.5837594317882768,0.2755161044370039,0.7086369746112033,0.5599782705448201,0.27696154083585306,0.46248476256766696,0.42358393869802674,1.0
0.9308327228956861,0.1842077764481824,0.1405565831960532,0.7449956566625302,0.178682131630972,0.8038165741338764,0.33983191812806884,0.8214851544605605,0.5858671245484869,0.8332470626256437,0.4462796211088116,0.8286168266767979,0.45089589098943633,0.8196920591540853,0.4447538404901004,0.7295039032399528,0.4757651664623843,0.5031579850517833,0.5349806805016178,0.6433614760253441,0.5895116982529787,0.7134201588712579,0.28882179390870033,1.0
0.7949995200920836,0.31516004431077,0.15819241597021888,0.7838319014546414,0.23118394863321276,0.8384919531334455,0.2673621050182393,0.8158534782446876,0.6106653338155369,0.6940758269874171,0.40617398973641566,0.8430392112872296,0.4608173417713201,0.7921541188124654,0.4440385092695708,0.540606402563837,0.5635944776293406,0.44356701863692366,0.6469090093050014,0.5850719684606789,0.3822458176430642,0.5187808058767301,0.2660333002390187,1.0
0.7479677782806552,0.2887975877290425,0.28013261473592854,0.8302595457963161,0.22279680909452668,0.8429671361143736,0.35993763844771887,0.6923414153156667,0.7652798809679444,0.7173011756291805,0.5448317139162712,0.7124496309283287,0.5515143572597542,0.654502410150801,0.6661204179475121,0.36523763569004164,0.5736426383095825,0.335393842370758,0.766353966349411,0.6082558630080593,0.3390641397617135,0.4988222758835581,0.2838835078915614,1.0
0.8352089622833357,0.23580179526325512,0.20057300565713568,0.6469750891548632,0.22464078589912156,0.686425322168537,0.3270077533021956,0.748688455667611,0.5781675024252466,0.42553686200019414,0.4205913470440323,0.6592275123349395,0.48092444528889344,0.7107434445253407,0.5236354193345909,0.5581513349251127,0.4900736169857209,0.39900918318802653,0.5265133220055709,0.2701961501126653,0.4093455782135506,0.687534964891141,0.11590334804314846,1.0
0.8606224260170686,0.1628994985828274,0.17041830546664363,0.769485324331407,0.23270746939360246,0.7447649307648143,0.49550170438525787,0.6656190799104069,0.7068293787536195,0.4186566575404733,0.38704596441297284,0.6911394543515758,0.5925035332073274,0.7036783282941893,0.5911183914956124,0.30278774568249334,0.5941679420309443,0.25046786914590663,0.7349938916352173,0.44402404131618045,0.3100133089832633,0.6683786140867553,0.10136987807976688,1.0
0.8989250565671234,0.15867228577184692,0.0,0.6647271671221309,0.08057665028008898,0.8452594131708855,0.24603376750845032,0.7796923600801541,0.5050168118721382,0.5693655354885798,0.19401725658591581,0.6874847389328447,0.40105555238217133,0.824329944494417,0.2377917122373815,0.6187355308978211,0.4499497854835802,0.352981378750939,0.4000935037381912,0.3963590820414214,0.4294664590668122,0.8500009774444333,0.04123582657456664,1.0
0.8536668070263012,0.17079794597877626,0.13912574747842055,0.6583319031566476,0.11658823075865271,0.8012602162910747,0.2610262645157495,0.7306824098034034,0.530397737642403,0.5750029897078763,0.22154798573415468,0.644278597069322,0.45692433571804997,0.7044652732523412,0.24241129485877483,0.5267521333894416,0.4889247294594987,0.48547643454772876,0.42271693835370633,0.48218107635832874,0.3418406969095377,0.7759679169322475,0.04103174743051972,1.0
0.8825980789138579,0.14982696641678028,0.08707875517934076,0.8085461191550396,0.11555726053162926,0.7909980005170186,0.39085639687321927,0.8277486815482473,0.4988102712589344,0.5601637388149504,0.3433844327877686,0.7308603897493816,0.3721265703691443,0.9075951126695483,0.32223821142692016,0.5426099526869148,0.4891978656316077,0.3611232768491925,0.4733558807300068,0.40157166202182987,0.39890403019817494,0.7922202061906718,0.068778004731785,1.0
0.7962072710641088,0.2455418800452733,0.14997876043146116,0.7441879521250664,0.34604526193606544,0.799311411499883,0.4248170409012834,0.7045381499982537,0.6889698096536083,0.6130037961977975,0.3374100289789673,0.7400601137022702,0.5787577482680734,0.6871650458590572,0.5629380792111628,0.33786670473515235,0.6198940946647643,0.2460609833427681,0.7363998839909756,0.5111295501779022,0.31489722506851037,0.5633084094055559,0.14230977748011006,1.0
0.6950768142888184,0.21975788635910848,0.23754208247824843,0.8054169933630163,0.2804988892208425,0.6994569021115193,0.3804707312424338,0.5602202703287333,0.5616823425321928,0.2874370120006907,0.34456861700154573,0.5762096003185754,0.5367107414365746,0.5785717088179004,0.4972282185859335,0.33187885799506534,0.5309741647404312,0.14768562805862184,0.6209033992456395,0.21879623839749618,0.333983575980526,0.6225560679663311,0.06063027868593516,1.0
0.9363453234404875,0.15378056323372302,0.03503549468638476,0.7120614920303915,0.1737364943165931,0.8619546058765378,0.4403209564083359,0.8424998751414638,0.5992482151448408,0.5135636321447167,0.33761116416462295,0.8447292817247811,0.5144285633121437,0.8653633204116397,0.4706906501481155,0.4310175236102195,0.5090985129392335,0.515035801460636,0.6333761759784812,0.6136672468369746,0.3777119105389303,0.7821623609750787,0.08559551290711354,1.0
0.8379158981002873,0.19481642472360516,0.1358101475385821,0.7501269320521691,0.1291478029891841,0.7746443064227108,0.4032133615642436,0.6285855074504293,0.5872341987455231,0.36120496473914204,0.3461630214516599,0.7645256975354054,0.5016582423281586,0.7681488383596339,0.49288426192294743,0.3207859492575402,0.5216998365192201,0.243192022377745,0.5193703379108291,0.4679255133634624,0.35733151954635695,0.7172769142802542,0.06298359512943107,1.0
0.7643258354944079,0.23387855856849712,0.15839009020142916,0.66548277322216,0.19497871347261334,0.8852996056542294,0.3063904058031429,0.6840551485806513,0.5863122526085088,0.34695744534778467,0.27693039079391113,0.6732025795587135,0.5733861276605987,0.6461424773277654,0.4595707859364676,0.3703333675910976,0.5032934222251149,0.26609745355698894,0.3979215604019753,0.6041840248859351,0.38347140828812754,0.6673332510491933,0.06308671093330619,1.0
0.8139691859299953,0.14355583882962444,0.07847598778729431,0.9130424095467905,0.1395299615408144,0.8179989376640939,0.2596768787805791,0.7985742555272721,0.3641957486710702,0.3861472466439174,0.29656061490821695,0.818442842320605,0.2922425388510085,0.9057489177591396,0.21501372573603578,0.5483827166705301,0.4776621699585072,0.46081603933740106,0.4924018351405071,0.3086645944103831,0.34804018160310674,0.8180100516332323,0.03532642684279425,1.0
0.7421505724743712,0.26961399318623086,0.1193972574495479,0.6798624333812848,0.18809357868576612,0.840084574323792,0.37264052429714023,0.6410153152814458,0.6405445254323251,0.6575190868307046,0.32131016260345924,0.7118428103933202,0.5046346317523623,0.7054802535848572,0.4045577304581261,0.10242751562145712,0.4340917466470304,0.23771058407263096,0.6609363868576366,0.5399918677031403,0.31387608874236517,0.6438780869285384,0.04182840941929109,1.0
0.896957167958421,0.13944378154906234,0.10455354849457757,0.7136807957923014,0.2276368735796566,0.7065418721593363,0.43931002082937665,0.8110514770934046,0.6728837282014457,0.2754653052408554,0.35855956310091786,0.6405477815351854,0.5466793264876042,0.6880945875525615,0.5142230560205989,0.14396561552956016,0.5710910263905601,0.24643438354130034,0.7956282289204089,0.29396908905198504,0.39515114889143016,0.7762066313003855,0.09873640227209972,1.0
0.873837065982845,0.13672850936853453,0.1276835144452689,0.6926469179055957,0.13942526702253236,0.6882342040340766,0.22540301084656678,0.7836837407926848,0.581040420950225,0.7250939867395229,0.27457366944744227,0.7139431281449056,0.3997399167455115,0.7482776724896816,0.24654847880985434,0.6344725986993947,0.4062185219678414,0.41535978394233564,0.5065308766642578,0.6617329396340074,0.4260262323567097,0.8294650512487148,0.06353423645577022,1.0
0.7847773522473886,0.18115087276875244,0.1184777327940767,0.8554054461357734,0.11088898969133838,0.7508827650970815,0.2279673811695759,0.7654487918693581,0.5321881123099765,0.34151873525225057,0.33453362350980775,0.8097317275903456,0.2544512884923872,0.8515068434466381,0.4584980644105849,0.376929125170547,0.5168133140605303,0.27130837647007006,0.47241548481518675,0.22899629227085114,0.3390597455085915,0.7576155904427138,0.03685120819537624,1.0
0.8124947734729026,0.1788046323655401,0.14994458898422208,0.7935214420924847,0.3061334506596793,0.7767985829511528,0.4370919872930645,0.6479241871755957,0.7209231409630424,0.5768500355846521,0.3364460578899594,0.6900634495905306,0.5691931822621467,0.7451408356359931,0.5593590988954662,0.3209204000585721,0.5353840522686572,0.4066886709017049,0.670536799389333,0.5376745291299637,0.31483153001217906,0.6523867733854672,0.10062750671679913,1.0
0.8431749245724344,0.1835896287011042,0.09117966283224088,0.7991104669100114,0.1514106773132185,0.7547396826855677,0.4724779266856082,0.6622777806492292,0.7629236046022618,0.48347553019153267,0.39415406506036804,0.5353278426547219,0.45100142627881395,0.790570531742111,0.6490227813755687,0.2843166218087342,0.5415478602011758,0.2922387920446676,0.7380796025005902,0.3010310805418946,0.32855420630351695,0.7069086355358175,0.05798750578704338,1.0
0.8291303377257254,0.21362606616600152,0.09373106295274118,0.6709323622925861,0.13596118291383763,0.7179462489878676,0.21238359466930554,0.7158802525641479,0.5509501365523721,0.6425600843035848,0.2688953347617322,0.6073596280546821,0.502797237943089,0.6625768670389539,0.2676427467669539,0.5684259180209174,0.44420159116031305,0.35488764229832775,0.5542982049437575,0.5247924031253796,0.38947748664737725,0.7523275567007716,0.04933753026836956,1.0
0.7918802814333278,0.19059313241048642,0.09674712255226474,0.767425350628695,0.162926543010554,0.7078978963960267,0.3448760892584438,0.6876104967585228,0.5405087799202595,0.3588354255155114,0.2814232278949431,0.6928387018920861,0.4701702178672541,0.706417994615223,0.3827799567681715,0.4107783691638673,0.4693654417418522,0.28230583237177875,0.4999353018616434,0.2928499004896351,0.376746167867263,0.7531423123693181,0.0436162468724641,1.0
0.8330128946200138,0.07671599018584845,0.11060385494438074,0.8021307987951973,0.2249021699268023,0.6965196219546379,0.2612973652945485,0.7206155998100229,0.6390188362325384,0.24431859892060315,0.3900769824939399,0.7111372589251659,0.4713122170666711,0.5756022291080289,0.42636095095797993,0.314523605974488,0.46866062033040623,0.2554441979711898,0.5847917177394341,0.4853754016491978,0.37824896420496584,0.8818460336706877,0.038248416972998606,1.0
0.8151649874764688,0.13271432715181256,0.12280189928233458,0.8111618728348753,0.1496573784356512,0.7269709659800392,0.2889363640323005,0.7487991513240787,0.5171273847620734,0.39473132346141154,0.291354728626387,0.7663721366561949,0.3795316487794103,0.7465565027395302,0.33437721460334147,0.442275257740639,0.52811531954336,0.31472873768378234,0.5294503773407925,0.3726676531929879,0.3803874095349064,0.8280545790073408,0.04091367856221602,1.0
0.7722536943485028,0.12384927070194775,0.17789064232963284,0.7956598995876918,0.1706287588660404,0.6847557395624092,0.10903127764617468,0.7094184660654507,0.6121045090532524,0.3088490515031341,0.3683605958990591,0.7426409927448748,0.33029460352615886,0.6161194099959099,0.2797599077303768,0.19418998525721567,0.49230522939400695,0.31301042168674875,0.6165744259553364,0.35631619866460285,0.389057089082957,0.8362055457913842,0.03058656002981356,1.0
0.7628451708343862,0.2091200111616521,0.18473398199176075,0.7137965303590538,0.23415555259744691,0.7627640987225829,0.33709593792893744,0.5658164243373126,0.5873127542272832,0.33037401437226044,0.26282718194483945,0.6625610858182229,0.49492387814352057,0.6449210998261518,0.46606415207605145,0.3033607246307265,0.41823612198640575,0.23675893238369936,0.44319555023440965,0.7095545064990508,0.3521426163501347,0.704184640685448,0.04335577993386336,1.0
0.8413875414372534,0.288718532842939,0.12151745844544151,0.6345811046957369,0.3049358014902847,0.788764514612072,0.6017322969643308,0.7160640532981313,0.8621694073672702,0.4396248317995296,0.4820702299053122,0.6404316833039104,0.6881032210259644,0.593695152900151,0.6972896592741336,0.41029686673678695,0.6508504974019771,0.17625553499042126,0.7472195432295538,0.480101867033368,0.29399865810856907,0.5208066026922951,0.16545541949425557,1.0
0.7744068471055948,0.2090818261220905,0.1700471931011132,0.7645159853468645,0.25584188756740917,0.7302862980303635,0.3723848748186105,0.6620496661011579,0.6567579008777629,0.25514133561695485,0.3604637679623226,0.7333697638704542,0.46528524610601707,0.6459077075990259,0.5268104891523301,0.3966589740927542,0.5590183634182108,0.2617595788816664,0.7105952078996783,0.4378226561592407,0.33084132584793785,0.6637306392295853,0.06249631050420856,1.0
0.8110553181259038,0.18102771263813147,0.09053624231047976,0.7383507597681277,0.12260333491063553,0.7675646860841255,0.3696113905854617,0.6192924050863713,0.6076489360085281,0.3845013935598159,0.2883061260270304,0.6936515990655088,0.41811002174933476,0.6356142474592991,0.33411461730143105,0.23468164214788514,0.4737432324278704,0.23048654629286527,0.643806861597433,0.44405434231906926,0.3775308134396429,0.7703781795653308,0.04346863868507674,1.0
0.8873745436658945,0.11410833992711363,0.2001017570122989,0.7156359856933417,0.3766367894530257,0.8898873948945887,0.4955439430532826,0.8074321033272158,0.7668612703455229,0.4760296362544634,0.46286434691555944,0.7087198445389742,0.6314778142263349,0.6822247265167126,0.6258875354906724,0.44851420762102423,0.6423637772469128,0.36837140236880034,0.7019464859433253,0.57568844741039,0.3183323160496884,0.6860585714492539,0.1251272998168188,1.0
0.7965893662393542,0.13041566318247638,0.1862837621108678,0.6806752819294335,0.2731381064582537,0.7149523115484303,0.30192549367261856,0.5981572978478574,0.5804030754720039,0.4438922352827482,0.24652777053329497,0.5740407589857476,0.5448244524018838,0.5098327196476503,0.33678723694533297,0.48041494148438835,0.4086566117560516,0.09956176357099542,0.5064339286756443,0.42910644193890385,0.3298880484176653,0.8027936898939911,0.035453464425095525,1.0
0.9381314752141887,0.16370063416210187,0.023483528529389567,0.709660694207693,0.0720639973042239,0.7456676531245986,0.2610572712778961,0.8744026422290602,0.6623781643840971,0.7367384580030087,0.2717842566054447,0.6400613780919372,0.4165084893546295,0.8617969590082701,0.3440693919525021,0.7524685281604245,0.5424402318779314,0.5119041150604654,0.5847169929330278,0.44805061020240744,0.37560221203227895,0.8225558236039284,0.06204285449866451,1.0
0.8939808982768114,0.08546000574994327,0.12436344794010008,0.7161400089032819,0.157459701110279,0.6603740064229832,0.24814205838944975,0.7805719717688768,0.5240049805115692,0.3678117633811515,0.282133458912486,0.709153236660041,0.3638315512085099,0.6121101136957374,0.33619214441099127,0.40027227748024785,0.43962853294917004,0.2588075882446959,0.5212104646300979,0.49247454848176286,0.4723652525805984,0.9043116250629801,0.05494751965022313,1.0
0.8328550370479304,0.16765020246488002,0.13506106095394965,0.7581872221307399,0.15571111888170003,0.8812088198793565,0.25056470968780165,0.7356256031892262,0.5083589192423755,0.36398730466534507,0.21676315445070427,0.8141451017158147,0.45079488023820413,0.7229276092406393,0.35289646619532666,0.341576635358441,0.47266439818060757,0.2972911188718321,0.4780290927111313,0.5316093047999725,0.4233780796646764,0.7649985217778811,0.0596902763449887,1.0
0.8537108761798258,0.15420524691210374,0.1249426277259865,0.7639609942265314,0.19539611722616476,0.8769422770668558,0.40939368432072715,0.7239181584128949,0.6042600814082079,0.5638768988722034,0.3375099857107717,0.7672444554160459,0.44906068295946266,0.7885264495247238,0.4082273386944891,0.296176300592828,0.5350592842307775,0.3707723872350293,0.5398121831672671,0.38318787157486467,0.3566532082236681,0.7502938275046939,0.07721823215520889,1.0
0.8275954916025862,0.20073535507769075,0.08539925910212215,0.7230910357918039,0.149015846706078,0.7724665367220065,0.3053914131458584,0.7882883222854903,0.610182206712756,0.4966283591210969,0.3046809923948274,0.6728047813591266,0.46660329607470585,0.7165526912400901,0.28643539182159544,0.4789791851030475,0.5201475717654669,0.27291802012819644,0.6002501194087415,0.4262221476485948,0.42968117067673217,0.749304242479115,0.07668568726924434,1.0
0.9389285091533026,0.271228412974111,0.13852765320712965,0.6168823684511866,0.09277051628362376,0.7567588915035585,0.42922768668101224,0.6637688151576474,0.6209732951557476,0.5459076326884903,0.32691826930164464,0.7082366511587322,0.4987221045901905,0.6453414628502407,0.5470268789674432,0.5132848397190294,0.5276821476910935,0.3447174102963574,0.7496519550052388,0.6017671492976746,0.39948872251371564,0.6831703800974273,0.16625181552470814,1.0
0.9004340414766239,0.07274599933200701,0.11451623181891647,0.7235650331666305,0.19767620357394702,0.6974706717314386,0.3280253548721883,0.7574430325084751,0.5635203055936018,0.17663581305948392,0.3385427143066274,0.7760713783141959,0.43116144709887755,0.6307210192531597,0.49250313034655213,0.2521302305097042,0.4507694782402923,0.24938412123265974,0.5720181136402513,0.37622178614409024,0.41166270202021976,0.9198424345668896,0.050436814218785306,1.0
0.7653734133041123,0.19713585065796985,0.07555435256938856,0.7736746173123518,0.15346446811155123,0.8293665371118721,0.26860378523377815,0.5898362960020707,0.5448847466665141,0.50774631650019,0.2700663409628506,0.6650002313327432,0.4011872793291781,0.7015769315565608,0.3771819700848327,0.44631116342125815,0.40627156977904066,0.3428454537901599,0.5593453361569222,0.4686097575709346,0.4348744071955926,0.7681979173146947,0.039659729583261846,1.0
0.8268517067516301,0.23686384249207917,0.138327198584352,0.7007911574938785,0.12301313494475026,0.7857415823390214,0.26190385841401265,0.6132305193625295,0.5750313576121178,0.4499437812304469,0.32321141209540094,0.7484802170340136,0.3986143052671141,0.7193763305824887,0.41356491878771445,0.38088060937676377,0.4753257568235862,0.42116707070345977,0.47898978849791635,0.5214154857256235,0.3097447418199557,0.6972657228039946,0.03937402988116227,1.0
0.8694806071931984,0.18377304963075244,0.16682372379905133,0.8625467708064734,0.4074582228406895,0.9579725752265077,0.5902337646068303,0.8700448651730047,0.7308466043879271,0.7714828890176874,0.48023053737775856,0.707847055763454,0.6005898245712159,0.8881395962815579,0.6822653755773902,0.6083438098527583,0.6659778972736935,0.35596971825859525,0.8905201918372709,0.45346301712557174,0.25182083339741046,0.5111319275509051,0.233281984510772,1.0
0.9191205880266581,0.11524634084349698,0.13746167789150102,0.6855944819797503,0.12780886546900241,0.700853351987183,0.30213557136405517,0.742509974142108,0.5287531524928439,0.5639536254791111,0.3703322507865458,0.668431332388031,0.5420182706422183,0.7060351051752273,0.3882592526406207,0.5639432927224228,0.4447006476888892,0.33303879501604294,0.5976028813400864,0.47382915924727353,0.40728643106237944,0.8561596621873464,0.0810113536837015,1.0
0.915221618265639,0.06420306967407131,0.13136762269870397,0.754811038037132,0.22133426673824882,0.7038748502379851,0.24331879290806052,0.8006290332682116,0.6226622172880946,0.3281933533872874,0.3639936628256348,0.7635837925491733,0.4872747466376,0.5979376354305356,0.4541003722134309,0.3866312134912074,0.46435202397453845,0.19159414934314678,0.5102397550597167,0.4620646449928989,0.36508077324300553,0.8930620565577911,0.050110089641617186,1.0
0.9132529255797666,0.1533036401087183,0.10647577838068124,0.5992062815683349,0.1440114720559791,0.7199628435234744,0.2699140631933891,0.7680175505256007,0.670663199971218,0.5974735909367166,0.3482294176434257,0.699675002075896,0.48830758522042933,0.6165496213738448,0.4658813410467208,0.3649931479570113,0.4833671035813444,0.3596724554075939,0.6156400559807487,0.6248803489520911,0.4172911898728548,0.8123195718773097,0.0763548321463238,1.0
0.8012273529652377,0.1900350304184104,0.06152007266228216,0.8014276073046677,0.11542527133298108,0.7151779267481426,0.2779037997726424,0.7486071400899175,0.5574769729039133,0.4481649691876584,0.2649957014179816,0.7197285453482672,0.3300672858374358,0.7045980307090274,0.34373410806846044,0.377321914312662,0.46504158265119305,0.2488057177758423,0.5319946400371686,0.283389909231031,0.3972089168834492,0.7946612080244375,0.036772913483292244,1.0
0.8824171718519773,0.14660662107886663,0.16976912726668392,0.7261875118886048,0.3527032117832653,0.844189477346103,0.4444828867391466,0.8595456442002393,0.8140107165000507,0.4435439190433726,0.5068278812663052,0.7505593140441481,0.6615066142790437,0.66490240007003,0.6737063180396007,0.3649660402822282,0.616693106027954,0.3230077412382866,0.9189707631084374,0.6041445261119175,0.27294402107252697,0.6166037083369525,0.12366646174897525,1.0
0.8386273072047359,0.11468414310938822,0.1427282210739154,0.7296418955533878,0.19274909653286065,0.7577941151681847,0.28459365662690195,0.7471081193303774,0.6107233228700466,0.5123542941347702,0.38197479536444395,0.6596745846766987,0.5014952231647467,0.5311971779576902,0.46886326178096355,0.4584994149444515,0.5202039754963854,0.31108702677307104,0.5923971766931085,0.6938386668992029,0.43448465913575046,0.8140591691853217,0.06338288620095181,1.0
0.7900998032661972,0.1847283371055353,0.1465831898368125,0.8378635951167712,0.18531880931466754,0.7482783735706912,0.3197788974904962,0.7024207175310074,0.5532539939210437,0.3501672847881388,0.3103841439709001,0.6980769936540504,0.392218462578242,0.732798040364478,0.4414738749991313,0.3942537802863468,0.4295948815278714,0.1519614555603816,0.49409431502762013,0.3722471932725226,0.30690732221335093,0.7249332351300887,0.035491326719852744,1.0
0.875796682498702,0.037184556712425564,0.1361045484955721,0.8601258907495128,0.25165958576473524,0.7919905960812111,0.29986622934238794,0.9304937560141741,0.5503991853047723,0.3162032923717814,0.36847978791428193,0.7488534183220644,0.5151454336212765,0.6106861277206361,0.47554271391908326,0.5487345566368904,0.42838163078206454,0.2853645968051032,0.5717758126966385,0.5904352845591888,0.404683599341038,0.8690841994887976,0.07710323390824286,1.0
0.8235009743929655,0.16656833923681552,0.11971014825439034,0.7242861552816935,0.15162254170929776,0.7334355669871182,0.09970197617216321,0.6958360857149237,0.7616213327448184,0.78140918294977,0.2465889091820841,0.5048420556082768,0.4042572403015997,0.5427776092370681,0.397153527783137,0.5182129093837031,0.44068638225849593,0.5987183956411665,0.6319877106750869,0.5424208709339159,0.33326133774445693,0.7586617094226943,0.04491931009137647,1.0
0.9258463972475449,0.08279181258773806,0.10384614255121995,0.744649653688827,0.19601197184628888,0.8166697893492941,0.34997463599031264,0.8486953423343856,0.5792371573778713,0.519521404519396,0.2824563568096053,0.7382708493935048,0.5229157481740009,0.7386101443852544,0.4754227721900989,0.5403623451678005,0.49655422067586447,0.4623065087802033,0.601828044739975,0.5485495807286851,0.3943273888069151,0.8252580622944289,0.09000175584204392,1.0
0.824870469319717,0.11690118240745682,0.13092960487002447,0.817893170991747,0.19190129428369762,0.7306844356430223,0.27710655694952113,0.7365220794096697,0.605513103962308,0.34949510820950036,0.32971941480522315,0.7794480248784613,0.38912913078930444,0.623448697692056,0.426735827725105,0.3463675332775082,0.5350066722796537,0.17067077196455768,0.44534720405982237,0.3672211347265225,0.45898692725234186,0.8327555384075426,0.06318494342328573,1.0
0.7278894951717023,0.19831525204087408,0.2540571295559881,0.8992042246058819,0.2279080178865933,0.7798145573459299,0.3606012403760738,0.5858941257012676,0.635220026890445,0.3760301923656237,0.38873305174751704,0.6747128331585733,0.5100489019050742,0.5845964743318369,0.5584006657644399,0.3386319844113189,0.48506777690840563,0.19506169656002645,0.6871660140852057,0.5026170251779795,0.28343949287540093,0.6173736476992784,0.046993111495457845,1.0
0.7320963778495897,0.22780979399391832,0.1123875762197769,0.7661152543035388,0.2029005534344722,0.8196073817602623,0.38520833436846247,0.6334400420819504,0.6312500926407222,0.511899018092512,0.3078525155070961,0.7289935585324216,0.37413581843985344,0.6587847501631594,0.3959766149520767,0.4233713441256822,0.4168253916777401,0.295422951195685,0.4366198667176415,0.5034845907338334,0.3213103518852722,0.6911166510342522,0.03497213398991373,1.0
0.806908675408302,0.17757576553590962,0.064980554864561,0.8214905271225513,0.11616248474130343,0.8796686188591364,0.3327595240344014,0.8054750376766446,0.4070165972672818,0.35144961021117893,0.35892422964830184,0.7725982917732623,0.3851144741199192,0.8252245882617235,0.36514026484349593,0.3476230923050715,0.5116496789899597,0.32015813125705483,0.5413478921893068,0.2341473474814817,0.3970950190131027,0.755410276531575,0.060499363195859523,1.0
0.682966278409171,0.28512037652397504,0.09412413564719789,0.7682299916314851,0.1701779896438328,0.8584934710136805,0.22822553432766335,0.6466985518474625,0.5694058326280861,0.43007786163011685,0.3074740095155697,0.4970920995420971,0.5221441766878614,0.6193838021889584,0.34453634666977007,0.5901672596791587,0.48190235038028195,0.16971044186851145,0.5258024560608562,0.47095569884216865,0.34443407373470436,0.6188632486352279,0.03821771824346713,1.0
0.8526645075018082,0.08687827270868453,0.16523987383938915,0.871104916394068,0.23252234104269798,0.913972588572852,0.4686552781886593,0.7981093192696187,0.5849061171188491,0.4092424078430001,0.3885167414314934,0.8041115463664817,0.5382195413416045,0.7602534905894871,0.5855838302944614,0.6149412403812812,0.5046066813295244,0.3028325687377525,0.7134660714821132,0.6491645649877713,0.36990018707387723,0.7631384251844785,0.1109943250475603,1.0
0.7706871580353616,0.10333586904092822,0.19471121323339016,0.9050237808201018,0.28065067848062303,0.7163848013180698,0.15550877194832335,0.6896536555032289,0.4663009407818454,0.4396815520869815,0.3677086228174014,0.5877925339957196,0.5046083868593293,0.5657914937561241,0.3329056428552822,0.617046587950346,0.45430268594590695,0.3153027266827625,0.5613110412790597,0.3957212816652897,0.42236490079569294,0.8282617827708728,0.051886541519322794,1.0
0.7029995476227604,0.20712441128130948,0.2615958487744142,0.8568508358480433,0.302842307100368,0.8162096946056785,0.288611335705968,0.6704268438504821,0.5270700751959202,0.3969553404654838,0.25666935116655504,0.6339426028608152,0.6193320388756131,0.4613777976965435,0.4780925032052418,0.5711958614204302,0.41645628362983284,0.18171303086810608,0.5673194473907964,0.7268266202107785,0.2771181196982794,0.6190654603224405,0.03811510611582994,1.0
0.8835002369898459,0.21853898478044853,0.046955470935964645,0.6770147031283614,0.16995765874932578,0.8434265551715592,0.4402892649149252,0.8387847925516715,0.7153832774609941,0.5194679809956959,0.39462558858623903,0.7254421442323566,0.5252192309424774,0.6854254816789895,0.5024807201803194,0.3107585601180467,0.5968382543505463,0.23715819546156677,0.6385379410522918,0.35973279941247693,0.32550888240958625,0.6990901397434547,0.06624965380812171,1.0
0.8900902820968282,0.08756961544542646,0.03926971311833919,0.8464923910473888,0.07388573203223808,0.7982493157227785,0.2721259661051588,0.892171350991929,0.4669196188534826,0.5348923631458369,0.32469478650803174,0.6844685485240785,0.39820469120607466,0.8183610310687891,0.33155820247617795,0.6893698630051583,0.46164117887670636,0.3270955735194862,0.5766596621880049,0.4608816124234204,0.345715383640479,0.8940638297840106,0.03739145625023544,1.0
0.7066740634726204,0.22560374707859038,0.22096118096783793,0.7419035482262274,0.40424830636384473,0.7397255130774102,0.4306439335593518,0.6646255466560266,0.7362112088855933,0.08962226390149565,0.588850352425237,0.49046368699953113,0.6190561860763735,0.38073332793770476,0.7348105109332693,0.3199913197734231,0.5863511486794308,0.14141303848057396,0.6692413991069142,0.4970118925560476,0.29022240543401107,0.5532458862223238,0.07676173955771351,1.0
0.7941264693907728,0.11029739020948194,0.194800033002116,0.7583293793247046,0.30031986019529056,0.7114659958071462,0.21101596259000896,0.730884686001254,0.6717104418789622,0.49715867205037756,0.44085108648263,0.607133028497793,0.5614086801365573,0.4813453916549258,0.3862467531745197,0.5260199181509018,0.5453714571616841,0.32092955432056386,0.6937026101012623,0.5707175361717467,0.3791634901544135,0.766920854956505,0.08016918701637792,1.0
0.8667739571213721,0.09534323215662402,0.1384067584444784,0.7945534925944738,0.22364256788592027,0.7623126075734008,0.3670125016302127,0.8256192365458567,0.6426552942569039,0.4427179102268749,0.42150176710069187,0.6957509790490682,0.5040525286556917,0.7172438912934657,0.5767707165588906,0.5007054988251731,0.5059902582401075,0.3129873856693299,0.7720126085812207,0.5334338006546276,0.3205526314426775,0.7982706480535812,0.055331480007432036,1.0
0.8305268428716323,0.11846799517131083,0.13461314669575888,0.7228043295109213,0.2336529746570621,0.7560012833649281,0.25996528006626524,0.7647965842993892,0.5130665458714095,0.3457591539369606,0.2857280051975297,0.6211774289199077,0.47572853449980634,0.5590819146309399,0.38953449844500204,0.3466072484549708,0.40307954217432607,0.3061137513678847,0.55220129341791,0.46206981155395016,0.385082501946297,0.8289525368542542,0.046444933630965274,1.0
0.8766963940459723,0.07994679451504588,0.12825891381886398,0.6915282357111445,0.19795817025131746,0.8221670520451362,0.2606287163727724,0.7710995046511618,0.532099116276023,0.5845036271326136,0.28376282151005366,0.7396018448336241,0.508065498570228,0.5569890425053776,0.31281209894855805,0.6488004453010757,0.4610253719203653,0.36102660705359557,0.5825704150394296,0.7283834528816101,0.43802569986338175,0.8655320401069115,0.0735986865104185,1.0
0.8339678313944728,0.1693046723520968,0.14472446477753384,0.7936154570209598,0.17979618169693024,0.8467344129478854,0.337674180165885,0.7894914625267668,0.6110844117006037,0.5897817266736549,0.30191877843426573,0.6788948673953326,0.497886022489422,0.7534755692304881,0.5171621017383172,0.5036316803984241,0.45072336914220856,0.17868959507326465,0.5577638754939838,0.6370938934281645,0.35486250073312325,0.7132633680127465,0.06769906368657366,1.0
0.7670865815959605,0.10138684660958469,0.18325430990791275,0.8302685718179217,0.23021682545099484,0.6618944639355224,0.2669677213703931,0.745149761351367,0.4634500161004652,0.16469786012637247,0.3321517294824417,0.6476806514743901,0.50469706184673,0.547020190799544,0.3593989099925767,0.4302053389441765,0.47928730986038,0.3162907511122401,0.5698271223141644,0.33587847051719494,0.34105550172926,0.8356298430358167,0.032523489078868956,1.0
0.8349257044444928,0.17366424907539632,0.06247056793818888,0.7212588121877467,0.1750454512915729,0.7781519486696608,0.3637348592287657,0.7932243064627886,0.6490848232436272,0.45645169238681466,0.39230723728602235,0.587280106932949,0.5847643392663278,0.48739782150985456,0.3272371808327088,0.3726648436289379,0.5346379605532422,0.2445556384456679,0.6613062985760613,0.6528324942909638,0.4422917025606419,0.7604804274825906,0.08449245873767855,1.0
0.790316774077394,0.13624751041093464,0.14788520295576205,0.7133590513458917,0.17087612891758983,0.8214264500265062,0.3059003430107146,0.6375837960124611,0.48655588977535,0.32739432434208754,0.2690341431130526,0.5448512485590284,0.5049747375025527,0.4878424167673434,0.3494708873159264,0.4725543415943209,0.40769127123626975,0.11976647538522614,0.4471478022574495,0.3525431127872985,0.371701230910002,0.81398276826562,0.033068942030271144,1.0
0.8308527820506737,0.06483554780137339,0.14775797773751834,0.8267536180711588,0.2284641556968594,0.6343662675481471,0.2894946837607023,0.7041411994343294,0.5186790219369419,0.395926948427522,0.3858232398743477,0.5047554672955712,0.5038734009768885,0.6321826363357602,0.4255170828831639,0.5224096664134175,0.49185952016471146,0.24110394398014637,0.4989438042192051,0.3811174030831724,0.47292670915507795,0.8708483565062541,0.06970983066342432,1.0
0.8406435556401424,0.193833704313411,0.05829966753673627,0.7381319544452704,0.09900846267090188,0.682510896441136,0.2982628345175943,0.7555544865316742,0.6620536186940993,0.6474782989319171,0.3085896384766859,0.5146869690713711,0.4096614942281468,0.7150663874375278,0.28865626861433896,0.5075797274351316,0.4835757427357295,0.2679078549361332,0.6569079696811154,0.40362083487001216,0.39134338689531145,0.7653847161593373,0.05509309125474009,1.0
0.8034982725829818,0.19039330776939836,0.1775467499421606,0.7433674168370366,0.38014356032924335,0.9542922980418675,0.4771029761992175,0.6745752456299834,0.690698646130162,0.6014575102948676,0.39472898562655045,0.6616475590605124,0.6532018859986823,0.6982176896584769,0.5217489609199928,0.5633214591679143,0.655307749573267,0.35319067592163655,0.7251097422102964,0.4182296709779955,0.28103939864452926,0.586330888048594,0.11715317793222302,1.0
0.7790624372003124,0.22240034433991365,0.147597504463397,0.7944876412290124,0.28649009586183516,0.7653457012456794,0.5628296203004581,0.7041576550083759,0.815212270573202,0.4573859485104002,0.5295718168421456,0.5823358938326146,0.5502483085835272,0.57625611993315,0.7355757300144751,0.3679779499846085,0.6260124697867372,0.0027276576024743283,0.8386487784419432,0.35116497874885083,0.2852637577522495,0.551801035777906,0.1196366690870102,1.0
0.7545313946005954,0.18273530589634535,0.14597378404510308,0.8323413015116938,0.1821973177105136,0.7316657394705067,0.18754389716482606,0.6940026843671807,0.33682802836619813,0.5370947110849936,0.32121763105062756,0.6833583286914949,0.45424339326019747,0.6335243932129502,0.18009757371130222,0.5905219740736727,0.4779568471070594,0.36071463178568547,0.3869548208018811,0.44313933986767173,0.3299166394440206,0.7544011842844781,0.02903402581656027,1.0
0.7717228398608522,0.12021849073792407,0.16038603916779198,0.8384949658038789,0.2215674477241558,0.7477181136539417,0.27689883186734154,0.7191412123763994,0.28222028827530987,0.36680130688441026,0.2762931165927942,0.6289890851668044,0.4431841076403828,0.7066269411132371,0.27915461671676856,0.5198903642098243,0.4434486549908572,0.252951021177636,0.5009196860809875,0.593671123607454,0.35002815039962804,0.8325468193179979,0.030714080119385586,1.0
0.6715208555921551,0.20419692246262014,0.2199490092120837,0.7954123447101431,0.30734461588984474,0.6652335311080921,0.35282273287093846,0.5919044169396608,0.5947406380542264,0.00028166250648721557,0.37181988902622237,0.5502428398698,0.5398347580488772,0.44861151921251247,0.5734218801650042,0.37341926226734845,0.3911753693421456,0.05313273575932188,0.5229789407289299,0.540068399087526,0.3856659865896304,0.6891381342497942,0.04289852889186573,1.0
0.7948577524430397,0.1600554797100902,0.23538517671382297,0.805405708719827,0.2291129570333911,0.7474254912976297,0.17144254773054704,0.6097673834086059,0.5079716043606399,0.4204051845210524,0.21551924932604444,0.676443353238015,0.44657994708988086,0.5818046484642022,0.4460461616987207,0.4770183573935073,0.3886155000017248,0.1954508234697767,0.4660298208249509,0.6332501283680819,0.31124825350555085,0.7429184587752738,0.03642174746792241,1.0
0.8219028054579418,0.16161781177884005,0.17416248260915043,0.7391635594265201,0.2829682316997274,0.8223326609349028,0.448077875335443,0.7493265012857603,0.6969472093087922,0.4728087730288828,0.42697851720369856,0.6796449558378217,0.5034860176493566,0.6749525179977376,0.5745034584470652,0.47967534720134275,0.49881143529837085,0.2662726006365734,0.6944984150483829,0.6146047354736981,0.3153489116523077,0.6751753047238284,0.08678674389737838,1.0
0.9342591904512393,0.14953238655161863,0.11742010042722026,0.7066847769450157,0.14563906732913992,0.8525328963823269,0.4096255305813889,0.7742911308736506,0.6024988717624148,0.6047904171571239,0.3677840637794091,0.7731778783617616,0.44663550083417125,0.7864680878932667,0.5717098755990669,0.2820380721137754,0.5628659449257072,0.22605221226180977,0.705971337277478,0.5061460446190059,0.3523898364231297,0.7548443035691689,0.0927088153200011,1.0
0.7359540576097776,0.24091932423304574,0.12484935912153294,0.815435916816333,0.16224502779389097,0.7716017946774424,0.24974029401562997,0.7257652008898046,0.39632595021597,0.4364810645460438,0.3325859220737579,0.6969017221571342,0.34208461222479947,0.6634669655883224,0.35265763076828077,0.40030867889030763,0.4861543367011436,0.19350429885795029,0.6221038922235771,0.5603951911338859,0.3184121060298098,0.6783419365652422,0.03299856554121677,1.0
0.8328575769012466,0.0030378314739259115,0.23033270037075862,0.7591800393448115,0.24148250163495824,0.7330889519480603,0.31330878504640297,0.7252137592795398,0.5313534383202763,0.4716843110245074,0.29849556999918037,0.6742512647697216,0.448693675989414,0.5776468005345808,0.42468168487237157,0.34592399398297846,0.47413593249621055,0.12057394327750644,0.6099411555441394,0.5510769131028251,0.463552746213305,0.9659839710259189,0.05957506543625243,1.0
0.6981649313471848,0.2764324739068937,0.2041966484054987,0.7676994396796851,0.3876800232741755,0.6056068293557924,0.39699578513802614,0.643817827400056,0.6843675936289735,0.3792785001664329,0.4667846010506543,0.4753475856940054,0.6075354459428387,0.4921638874770732,0.5411023038017928,0.5910783295067159,0.5609314921259174,0.13562798454821579,0.6514540410956915,0.3560723673844373,0.33211705832230304,0.5755317591108333,0.09773519148679956,1.0
0.8220879387113825,0.2171703586578397,0.14269005618618186,0.7981669958683988,0.3674040146215383,0.706481127454295,0.32572847803883587,0.7559951654575741,0.7134008055059905,0.43585846222155983,0.41353551392258875,0.6206192593229862,0.6734405657389513,0.5545326028618403,0.498264750874377,0.5418804057417168,0.5577414862933027,0.21299734803917353,0.7681430840700835,0.36560290192051104,0.3474613535954523,0.6375316054323965,0.11669704389792822,1.0
0.8795249354009027,0.19291040965139733,0.08794180097782667,0.6372875888547804,0.16770104417618636,0.7716292958786007,0.3066380910559294,0.7649382259780642,0.5413147091479198,0.5680250693750404,0.31582716551843165,0.6911601790444538,0.5175945024221186,0.5751376884812954,0.2844173403123811,0.579673794500811,0.4862266975983558,0.45456088068638234,0.49920437669119627,0.5974596268587105,0.3490575495182427,0.7508855095212672,0.05584291299868042,1.0
0.8464856467099886,0.14192562802630318,0.20165080675797997,0.79801659114908,0.17742078986810358,0.7106664776058906,0.2183648333621742,0.6305321369379991,0.4805664116675088,0.40087483092158255,0.3069667795507046,0.5934823741034739,0.4593356523135125,0.6000031540981169,0.4292322560313413,0.47941789518912126,0.3892949783134677,0.21766090968444013,0.5342035326951311,0.5657360197367571,0.3264863432059903,0.7812637993639777,0.039766214578811035,1.0
0.8249796444336986,0.12998311814561442,0.08250062248474939,0.8265690594240351,0.18144875637298022,0.7290633995632333,0.18370125702851225,0.8322990069460748,0.4630919728724453,0.5319070203349011,0.32686361334868924,0.7463792916011878,0.5170271891487563,0.7057340333219618,0.2862020449898239,0.657423993016359,0.4691837544909913,0.48835260821698373,0.5919130656727798,0.5832893777560698,0.406251712112321,0.8472186728251153,0.045595482987452314,1.0
0.8669363696330838,0.17175485888596714,0.1592531086558025,0.6534435030567888,0.27670946136895774,0.7587534204675392,0.45140900515932797,0.7424231091423583,0.6655305565567583,0.5063214298819517,0.3683867098019292,0.6383287035029885,0.5275083677266832,0.5630474246157919,0.4830442829746275,0.32784329646998656,0.5874181266286135,0.2590545970185047,0.7005827867277052,0.35142122724399993,0.3098935372027738,0.6996788593923531,0.07390565348300328,1.0
0.9202522920595574,0.046493737989847614,0.12395249314620818,0.770337677668125,0.14383970817317113,0.7718660357159989,0.2566444392461095,0.8946903717628161,0.5224470531913007,0.48920960962431004,0.31964034454742496,0.6340727895561863,0.5725540919011659,0.6655444520552224,0.3485640535433882,0.6375606477517843,0.44275692530437133,0.5123672541641263,0.5816394614586792,0.7592845682173714,0.3883116123575676,0.9041478362117021,0.06775863617544184,1.0
0.844077070998276,0.16399438056036084,0.10067698014658581,0.8521795037772795,0.11231621757988079,0.8111965081571236,0.39340980362659106,0.8316767287775557,0.5793824768373065,0.4459696742786238,0.3966897169974717,0.659993994475546,0.49162845448669007,0.7058718390873774,0.3685036497166466,0.2778825283997197,0.6152373270703811,0.29088298119032047,0.7643595599958066,0.4410460321007764,0.41802165753149495,0.7386703179570526,0.10088765429300103,1.0
0.7141011027228168,0.0760181059523452,0.20533531546597672,0.905960811188598,0.31972314987668543,0.6596102423782911,0.08872423350419127,0.7219026876090356,0.3499363045551846,0.252586563203871,0.2819182480229549,0.6156032796678365,0.47742105045991423,0.6000944583219867,0.2651408013698206,0.6412653779878553,0.3307943506622212,0.2815670410763649,0.446637781550229,0.5736665138295858,0.5005411677654291,0.8936147116852863,0.025599398394183417,1.0
0.7553100061821579,0.24073615132817508,0.141378418605625,0.7577237578651815,0.29125251554231396,0.7817193993735916,0.346352306962256,0.691197796037253,0.6235233529039246,0.42987185554097607,0.3556561468746549,0.7191525326037721,0.538548901542649,0.5628258355589066,0.4803104496037429,0.5404922223111459,0.5650239208440045,0.2911649446622842,0.7088633112140921,0.4918002191813681,0.3260439547578626,0.6122410967594087,0.08114322036767804,1.0
0.8488417420873118,0.10724153628124879,0.1324388571932482,0.8637259579833088,0.14922320404697517,0.7390434186476246,0.2720215330344648,0.6809445613318468,0.6624320696474145,0.5499846849630157,0.32136838594935774,0.6251694211913433,0.431509964750484,0.6916639615803359,0.452774617525157,0.4867758235713245,0.49798730322025486,0.3824571281018734,0.728775361421595,0.5885611205798223,0.3683070450086338,0.8296293691657122,0.05529729827460908,1.0
0.9006238942645735,0.1171333060670943,0.12430302671599186,0.8088383543843105,0.20482148999025354,0.7902509478549192,0.3807317099278029,0.817292143495334,0.7052640945886571,0.5471220875145734,0.416305030078752,0.6692537222399745,0.5306460693816502,0.7859005872515913,0.5068390330955637,0.546680464418267,0.49345646141541416,0.35859012856975336,0.6623375874966027,0.598505573988997,0.3653683312129477,0.762626656430845,0.11885352907712234,1.0
0.927472401059794,0.09729853618334108,0.17687418222804563,0.7217226632269511,0.23354005327940028,0.7058184259633722,0.33329345140777283,0.7922920560909048,0.5778947330670478,0.5365866986285253,0.3346474484733749,0.7116691931128805,0.5479576668931634,0.7131371748562851,0.3728145844065718,0.7449675918811218,0.5838899980155603,0.3435698140783618,0.6197407809065245,0.437486055094057,0.34898576384050367,0.8008059780756089,0.09032837655843774,1.0
0.8854301597656374,0.10601097693773505,0.0851194820407348,0.853847178449678,0.14786865760602233,0.821666160363679,0.2862768436788674,0.7429756678018878,0.5346122811219087,0.5840476121562933,0.3290174394894236,0.845942019122522,0.39307050485477096,0.8162137404739723,0.322241084676733,0.2439317225330168,0.4101655564926093,0.4200120321416128,0.6063928133517595,0.48544966231498893,0.4331282447642683,0.8409395649392237,0.061415638051932946,1.0
0.8138036233283961,0.13970362929330216,0.11239169277976627,0.7479802163211173,0.1629195021918442,0.7402452966470779,0.2414888788218278,0.7159412155853012,0.5587261063441514,0.45966811418932507,0.29894647443272787,0.7116886533267818,0.4132630175297621,0.6308546512667749,0.3215502091402476,0.3473678119013858,0.4552290099335803,0.3115123632318481,0.49512382972762337,0.5151298788413055,0.39351937525840236,0.832013754243009,0.03530582565461004,1.0
0.6874406917709471,0.2640129346786084,0.158399945299039,0.788486624775087,0.22582050660036082,0.712374429713842,0.33832086187120264,0.6065916236007576,0.5194055936108177,0.3309292368248531,0.30946515625698046,0.7263246033368624,0.38765234660537257,0.663013289260927,0.4584143131907652,0.26979509413256264,0.48363917619279373,0.2535649590453544,0.4817518623198215,0.3165316347917171,0.3610245794501144,0.6314883230071316,0.04557395866806153,1.0
0.9021586589067354,0.15190361385104284,0.10110459801217529,0.6224010614692436,0.09527555564698068,0.6698823103002856,0.2750099690778616,0.794637106796837,0.6558642635287957,0.691041978734258,0.35639386144389723,0.773972814170173,0.37496190014753855,0.7315837912317363,0.4548884840160646,0.2827804082837457,0.5338395766397667,0.3624456102805102,0.6835029855578217,0.4843931218956491,0.340927341641134,0.8181954945628148,0.04581725669946246,1.0
0.8511708275440782,0.2026219464797769,0.1181651837677107,0.6627590061763009,0.20040586918132178,0.7551624261578661,0.2839879571299887,0.7918273054939154,0.7116527613670555,0.482846225005242,0.3524598333335928,0.6446974508800416,0.5980633138198883,0.5269847238750514,0.4450771253182488,0.5463678564768774,0.5032148745700985,0.44608934642662307,0.7283288964473812,0.7172602685667786,0.30581421248982904,0.6952093700738052,0.05919957352885724,1.0
0.7726011500107702,0.15652524846496554,0.08470967714131342,0.9118260792144337,0.1338625178198585,0.7624463530814363,0.23993916822764855,0.914664632117619,0.400850744599919,0.49529528337538237,0.2555290560138387,0.6753582174475485,0.4268468816846856,0.7688044771690369,0.25469356391951725,0.6308726641167324,0.41079217274274143,0.3737562589130282,0.4490866232867058,0.5215974120864074,0.3926977768903925,0.7820666738088596,0.039353981480297597,1.0
0.9278468033901415,0.03562338158766764,0.10348456300748048,0.7980825217660749,0.22772544231401998,0.6991003981498675,0.4298551190047349,0.7499113747598416,0.7341955213217113,0.38947081612638007,0.5092166806917728,0.7493039099642207,0.4685225232179024,0.6722526631828639,0.5689189960449761,0.24009155683459804,0.5665930091485462,0.41904178373311074,0.7975453594255465,0.2702899587631858,0.3366889669361828,0.8595252744111842,0.061681689756119436,1.0
0.8532676655630207,0.11369528196025645,0.07079813047222809,0.795657730608492,0.10760414418998612,0.7755820984393943,0.23491586171254916,0.8329459390862096,0.5549421141797979,0.5033950116423098,0.3130160061703636,0.6077968436330086,0.43126108170840877,0.740110096888751,0.29504140269360785,0.5388190873048864,0.38678404253827425,0.38627060128693463,0.4905979789008133,0.5450498069216426,0.4430995694659416,0.8692482110244951,0.049239221418590086,1.0
0.7366479084237612,0.10516379694788386,0.2869505760522049,0.7882142184294064,0.37892565863656347,0.7425559353243215,0.3399053419924724,0.7207218775876744,0.5040448782068061,0.050748227354108236,0.4538697986036473,0.4935376604258534,0.7136759773109052,0.28539108158992693,0.549892699075337,0.38712240123255864,0.4903538668436454,0.1304651335746224,0.6673981012794422,0.32284192623433505,0.39572334182764013,0.7177963668461836,0.10082683614376349,1.0
0.810716252760867,0.14883120600490288,0.2015784082778878,0.6714994725428837,0.3065099819785497,0.7151299517837475,0.48988299489174125,0.5997711342702882,0.8049945798723703,0.253727318977325,0.6032615457199696,0.4748930704049705,0.5901431842747371,0.38716044213353923,0.8144132774516555,0.10779905830079757,0.6117776970706565,0.09775454219751047,0.9091668819784303,0.33687060955214065,0.3140470610551593,0.6312899789383991,0.09081950313340657,1.0
0.820054717029359,0.11294627712397476,0.12727887145584435,0.7992749382503428,0.2545010499170552,0.767926092804173,0.3218830401040891,0.7301972017532293,0.46800687210804215,0.5936467966331266,0.29594089832832576,0.7187621332737961,0.4533814701331821,0.6889215569763381,0.44778030988906203,0.4856074410446581,0.4677972123122827,0.3092160460519252,0.5173333193595823,0.4347205719197853,0.3880152339875751,0.7906911284864806,0.05995303548143434,1.0
0.8666793292511825,0.12114244177038037,0.10638354970697014,0.8399633285279995,0.07113173152951757,0.7897619556308063,0.3303161485896805,0.74097652528617,0.4758372835702374,0.4726805129413137,0.3834043284792007,0.7760922336355783,0.35018603482272354,0.8154580750936358,0.3471168010130214,0.3019062531789007,0.4491238759902626,0.35412925355373087,0.515179145973283,0.5400246362252694,0.382698424863017,0.8369473102370834,0.04519833094623504,1.0
0.9506483162059799,0.09201977142421858,0.07339756342981976,0.712224854870559,0.09202539661557961,0.6805586456215561,0.21868315092073046,0.7112585413227925,0.5483076173031898,0.6430693370176898,0.1965005419971542,0.5233127079000267,0.3793102084938406,0.6927280020536021,0.371558861388444,0.5759214536091649,0.4804982460885691,0.504765831550723,0.5532548707311787,0.3897444110213977,0.45914731467697983,0.9136044574240209,0.059193481443230965,1.0
0.6671948334712128,0.28449892657037035,0.14481856668946622,0.8671444639010708,0.15548716291692022,0.8258250796724662,0.24726869210296,0.7066705525943859,0.5673732630158151,0.3674450590661496,0.26059983320573243,0.7106113883021488,0.3748094207928693,0.6660878453778167,0.45288219215901376,0.4889312055219803,0.44158001992012386,0.17067214560595118,0.49803121442333853,0.5193339010915807,0.30425385194253296,0.5913543072365738,0.03964990469317905,1.0
0.9478149808174647,0.11909039619679676,0.0656547604276368,0.6285233194974139,0.07064613559598237,0.6866759152407705,0.19980329601233088,0.8145931257961805,0.6038385561071566,0.583192021241699,0.39751523957734014,0.8111218491203348,0.37622677561554974,0.7071806826405754,0.3361610790046055,0.34663971661760556,0.5196503470359914,0.37544680109434897,0.5956021657711593,0.4946773434663487,0.3916666363419334,0.8891999880706264,0.054328145636414096,1.0
0.6470928384250452,0.15313317954621095,0.24179836396279022,0.885422762991456,0.20407334678340092,0.8262433935176944,0.2282148849396129,0.5443104680872436,0.6309869767525276,0.14287963088282474,0.3513548517477525,0.6576807701868546,0.45736831503955827,0.5610509735221156,0.47181184697803885,0.403072298521281,0.3943001556456782,0.2354699570838884,0.6390611420616538,0.6251693831433871,0.37924253274906866,0.7338291439972203,0.03225735507048586,1.0
0.8529675415613673,0.1331570576106959,0.1335904097484036,0.7628809621348913,0.3018024389828469,0.771183096594989,0.5274243756967276,0.7418642374694115,0.7298414580792795,0.22820670104572308,0.5465613016510262,0.576245215035404,0.6224618704420235,0.5088805983887785,0.6673395878042822,0.31218940195931977,0.6325975617734778,0.1358100090114146,0.8365334988478287,0.3000923685121923,0.32962934556270174,0.7073199036128848,0.08084932597863297,1.0
0.7722853949138969,0.190823108751038,0.12484312761501226,0.8221717211690853,0.24883481455693354,0.7832472054440573,0.3461796594131723,0.7529671158034472,0.5171978567938301,0.4351640640047762,0.31259153730996586,0.714459680355342,0.4990344902054409,0.7007074725879402,0.38150321548873206,0.7820642519466128,0.46520915934767726,0.40297619418205277,0.6175748500621026,0.4513031100830525,0.34862161218003535,0.7022190823467641,0.0592797812621532,1.0
0.7717730707914647,0.17902233671238008,0.1350579147326429,0.7610441280429483,0.16305753605834733,0.8012288260094521,0.28025685076217444,0.7191888052149239,0.6091920035085285,0.4681404348647223,0.3240173646369019,0.6866477086563793,0.48596048708586753,0.6297216130347001,0.41985256498976264,0.5275169321822079,0.4916087349880855,0.22233423234333105,0.4993926757832125,0.6976640107944395,0.39142621975759045,0.7611870323125159,0.05331837149757102,1.0
0.8363989498506484,0.1761869035413262,0.07654149711651653,0.7292660167244954,0.251760371647319,0.7481327400952562,0.40759171837902036,0.7125276966980632,0.6960965533535777,0.37175806737649614,0.46763039149520014,0.618890337779902,0.49204617199857026,0.6689498813748354,0.587907174705317,0.21834050641317146,0.6187787605811675,0.16042489776575286,0.8145530857896086,0.3345587158671883,0.3879506614967728,0.699604302214732,0.10053235219634006,1.0
0.7073137332596905,0.24313971682951785,0.16458787643868936,0.8329298826505083,0.3815511265722906,0.7640010983945762,0.33132036113922986,0.6552572259029721,0.5939565060212745,0.3488822081301966,0.4256114443511065,0.5240564008966189,0.6366263176167545,0.47590552255048996,0.5199373082534918,0.37008636037088766,0.5778493897097332,0.13891291966322544,0.6954915933200311,0.35876694248074587,0.29193328883896347,0.5649883283390993,0.06906121939281554,1.0
0.8384791940325299,0.20291728740063583,0.07153760897799369,0.6948285360392179,0.18274975895230638,0.7388918558846574,0.3570475060765826,0.7714082986498518,0.6665228883447051,0.4712142995448637,0.495493497579998,0.6859544783859102,0.4861262621885187,0.5592333841324162,0.4003924422382891,0.46771054278295654,0.4865970752738708,0.3110715641841488,0.7156061700872359,0.43373158362154535,0.356842223921006,0.728873335882927,0.06002307197733489,1.0
0.7034049939294633,0.13171529788966738,0.2766699336467439,0.9160521918186354,0.30240980508985665,0.8453737904112213,0.3567649334688216,0.5740544383371015,0.7749561030638598,0.18803640208283803,0.5316450605510645,0.49728433715091924,0.6354366427969782,0.3942281506303377,0.6529286019388769,0.5755881118912771,0.4761172327971958,0.12375628466664693,0.8773771631078495,0.40989824988603873,0.2943123681772535,0.658403881524472,0.051691227386315514,1.0
0.7618621180953773,0.23994120188298293,0.06401949966366872,0.805240451272974,0.1600857960688993,0.8407235161564965,0.36656539464288074,0.7899266851968538,0.5165129362431256,0.32718167560028233,0.32015771682310923,0.6986557287992079,0.3992639173469027,0.7319886588090087,0.36627055889941024,0.5306075105672395,0.45494249903095835,0.32837272829907577,0.5423645771026657,0.5876713551918937,0.40555305141501,0.6963996560605452,0.05234785288176585,1.0
0.8379658879610775,0.14121599367203966,0.15686720406135624,0.6994449164570369,0.32013828095412467,0.710986839393586,0.4899138089369941,0.7470310698786459,0.7033421147787967,0.2556343580142917,0.575759124624248,0.45169150124139634,0.610423729652653,0.47213977394614504,0.7003280234721134,0.24433981244028752,0.6165506104401266,0.16497026883285723,0.8307853411618631,0.2603387823585575,0.32941269168004705,0.6699635359498937,0.09446660110271538,1.0
0.7595136442949633,0.0950274518672945,0.31936316828240685,0.6137311668631343,0.37832165394789163,0.668496376659557,0.34808537976155673,0.5874701520457999,0.6784385999016694,0.18920530463474816,0.5783640299727543,0.38476856243344887,0.707631084016156,0.26473076438640347,0.6894964820210308,0.09595762164357427,0.5742913141638939,0.1244552404947415,0.6256768720870157,0.38999748799219275,0.3289870192505855,0.6691450866101857,0.06685676555531256,1.0
0.8126790374695109,0.23923003870614298,0.060203346775036505,0.7609893350822714,0.18549988978206658,0.7903320373759184,0.4645794708010326,0.7427749539988431,0.6541136054296426,0.42703331606355954,0.38503531720957135,0.5366069301939792,0.5154050387647938,0.6978489899205716,0.5175605402979155,0.46321958347249487,0.5326666141221665,0.32659935653215627,0.6157362538355514,0.44484368688142767,0.3079431077949119,0.668506772968654,0.056881929926306966,1.0
0.643270951089464,0.23276647995243582,0.29768469853340124,0.7606615012917732,0.39434750110360983,0.6964732106649009,0.29824580570066,0.6038223191522736,0.557931878441482,0.23922314470009032,0.5036418072452807,0.5029263129575271,0.6357652962013772,0.46516415360962016,0.6122416373648433,0.41413690459063657,0.5210954067785711,0.2559109344996468,0.5903346123397296,0.42384394701371425,0.32046212425969783,0.5784471884354712,0.07339238948609159,1.0
0.7894221550849191,0.20343657041555208,0.1906569602396295,0.8013806690077225,0.21865249546334584,0.7698142747479092,0.37168441062038016,0.638413571181557,0.6453024606215033,0.35128938370397744,0.45456185672274474,0.5896470625348166,0.5292306904231078,0.5755640316488381,0.6216876175906755,0.3080055856762661,0.5341050623207826,0.17181539044346275,0.6815610318466077,0.47205123322541526,0.31875029110030934,0.6580300892563365,0.0611489048095785,1.0
0.8681048559728173,0.13038093735101958,0.1227694004760345,0.641122743216632,0.16753369165916496,0.7444955038501779,0.255832573753381,0.7534405362702217,0.4993301830295764,0.5578045455297961,0.2560357170437591,0.6384698036300603,0.452820810242419,0.684187313804182,0.32065344092307074,0.6191325483593761,0.4577121344146091,0.37949739483647565,0.4763302276782299,0.5557700925172456,0.36794271711983995,0.845551251137559,0.04120796509535154,1.0
0.7100890526301057,0.16146337150101725,0.16989223226299333,0.9569668255653637,0.21602292620006208,0.6353513497144924,0.18010818145424826,0.7112516630150006,0.3811185944046562,0.38236035911658023,0.3140138538265024,0.6065315960402156,0.4326192302274318,0.7215762335116651,0.25774995904667564,0.7537304504405488,0.3688736630222644,0.2837958287915022,0.4491838118722975,0.39678887580256855,0.4202466113104894,0.7923101073014526,0.035468693592830405,1.0
0.8407731838415954,0.07882435273163367,0.11013006540487265,0.8098436585651522,0.2113406560009189,0.8391562622802995,0.24813501045701122,0.7112205005298673,0.711272123666709,0.3999584242116926,0.38023429559376404,0.7279203137257482,0.4074004783909966,0.6871218754773916,0.4288798197049699,0.36195410951694085,0.5094615188759741,0.31751331544863737,0.6013208789046024,0.4312904347925172,0.4277798605715664,0.8520154059738235,0.06126295794161383,1.0
0.7942324548249005,0.18022902047497663,0.10334044983754996,0.7530113578485979,0.18529787748928883,0.8502524300066153,0.411634786696031,0.7350049645068408,0.5492159907544302,0.3722516724277196,0.3789427474962993,0.5831728634626341,0.5037277472790918,0.5853115999674154,0.4695920279406158,0.31400473593482175,0.5426086701396292,0.11932884594583046,0.6061030835240769,0.5196902476724174,0.3412062623843986,0.7363775762317094,0.04674234356105634,1.0
0.7591588343767175,0.20289702528035514,0.11364031143574727,0.7361051534555875,0.20389542147729844,0.7395007638028207,0.21618305388068323,0.7197541544474514,0.48247364361329204,0.3069087614922642,0.3220164846026065,0.643359231038983,0.5239709885337286,0.5271129137857246,0.37297565182803893,0.6112029795155333,0.471434314028906,0.26380613625398946,0.5485366837636125,0.5551234986113601,0.33476260086576887,0.7607981561740514,0.036441448309634,1.0
0.8117819368221248,0.14838619600657327,0.17284778720743252,0.6496520480278241,0.3388935131517016,0.6901685983903825,0.4128418290030454,0.6767505042687462,0.6667963513000933,0.25449647332686254,0.5186077387528657,0.48508484542929226,0.579804675061783,0.46703940493179535,0.6568865177157689,0.0,0.5763885190066667,0.22717766485284654,0.8035463019573273,0.35145433198381965,0.3115784540661066,0.6826807112012677,0.05781569692122166,1.0
0.8933662993398336,0.17177578169362565,0.11028502547398161,0.6053638466083725,0.16399438031353705,0.7533133197501946,0.30949895998417715,0.7363101938748418,0.6615301597199725,0.4927149538264073,0.3795108091158246,0.6481262049300566,0.5754887095643528,0.5457141625875653,0.5624968635646826,0.28234309136391333,0.5173159366632031,0.22961562352771603,0.6874393850335674,0.5188983341020741,0.32410377445617394,0.744798430746848,0.06087137029033977,1.0
0.7164966004378064,0.24923792670613867,0.18556497071623437,0.6981319068893919,0.25710411623870294,0.828322124816247,0.32275120037180854,0.6026005529930408,0.5473331606567361,0.31646953043109655,0.17721019087334353,0.680263781602927,0.501693319741215,0.6070570875734539,0.4117499566582698,0.5847668075445756,0.43750934014281784,0.2361375986664822,0.452595402605769,0.5981753506124499,0.3552262407746332,0.6551455700398097,0.046790212266608906,1.0
0.6133326221053432,0.2772827291510822,0.23649612254331204,0.7439505853892084,0.32702277304639765,0.873711818751977,0.31411503089965137,0.5930335922600075,0.5947528665602693,0.2174931157925494,0.31712727560601384,0.6333514818497175,0.5353285325755281,0.4974463305828723,0.5113530582526267,0.3686874487884295,0.4457303622937533,0.14970053314740375,0.5444488905762274,0.608939229151889,0.2879206589042272,0.5727576894187634,0.03369052188219115,1.0
0.8860067349046439,0.17902301723754444,0.12048700529362154,0.7921523342347659,0.22488570325073243,0.8653334825628021,0.5077032456028846,0.8160165090745574,0.6464089126473416,0.6089925486434244,0.3710048431836161,0.7889109897904176,0.5350924683727663,0.7590055997461147,0.5713640738066975,0.510941803915367,0.5940074814256776,0.38331967229692326,0.6950167849658611,0.5602169034314685,0.32087855256760733,0.6673444614362132,0.11914235999554249,1.0
0.7357333072319077,0.24263525320066048,0.11548483030807506,0.7617882486000478,0.24103555497490428,0.7018718692903027,0.16884940752239377,0.7079205035779884,0.411882270996892,0.30092181739516116,0.18903775697966232,0.6494953276457538,0.5218162641510696,0.5181195333703416,0.34810747737558373,0.6522227228124419,0.39817419614207694,0.2559686732615064,0.4729329123577127,0.7127688359742677,0.42032268582437066,0.733834815047956,0.04195309725334579,1.0
0.8971860026764713,0.09345061456819977,0.06478088103592512,0.7704375816210075,0.1404323656330491,0.7579728141227569,0.26282230283941016,0.8138926821408837,0.5136538263217469,0.4120623271514302,0.24205494702784217,0.754765781922089,0.4022832930208342,0.7620756612854765,0.34591699204020526,0.5259134188709766,0.4633329486103636,0.2895998524178861,0.578327454228006,0.5187044317426056,0.44243624802524845,0.8858497312882094,0.05792871737028633,1.0
0.846730811320185,0.21794126983984538,0.20983939745703484,0.8787186863223896,0.41801884268055756,0.9779545470133906,0.4175789670552884,0.8270500252856751,0.7150695062821287,0.7133668354202268,0.5009725045143834,0.8913279901054928,0.5657642476741416,0.7812419808895753,0.6799594892995059,0.5173390544352318,0.5841715513792236,0.3630255422593572,0.8104763767205965,0.6082104451647968,0.2634363579115283,0.505421655844907,0.21940827052733902,1.0
0.9065944114736038,0.13020999075846704,0.11012637686573153,0.6713470627353217,0.0384834699915955,0.6949542666139037,0.24194174975774682,0.8386562605811856,0.6196227239020764,0.5657430594428067,0.28461516234163586,0.7716500833761112,0.3426175039092875,0.7158012007870246,0.40150173200544265,0.5091865281535934,0.4444958777833549,0.33293465262246363,0.527133207016138,0.7860638383996875,0.4431048559810512,0.8519906586344186,0.059782187672346485,1.0
0.9780531700232016,0.02919465465556977,0.0978883016703655,0.7707504593470978,0.12414789900947944,0.7985901452425415,0.3698161940110381,0.8707958935266172,0.515923285898369,0.7495056716593074,0.3752389456998655,0.7773487145634829,0.4683249254601316,0.8093917636133728,0.3769158508841933,0.6458369617433661,0.4784541981233611,0.5110065594370184,0.5889828219395745,0.6367018182609184,0.33767275852682593,0.9208063230419782,0.05677771826177075,1.0
0.7969017288891068,0.24303059093256302,0.06688451450434063,0.7839521990667377,0.08003201199456486,0.7937955359240644,0.2156648365247436,0.7471430453082474,0.49758634914908606,0.5625439364324433,0.3210615533758765,0.6812894933203557,0.42957997959914945,0.7425130311499938,0.4311679347540903,0.5534517773622036,0.5047568474770467,0.39589480411281286,0.6525743832305684,0.5847074090054222,0.36121997560033314,0.703214644211118,0.051518232170195556,1.0
0.8575977171010023,0.11821785785823409,0.07628130967005096,0.7811078966386228,0.07566017183572929,0.8305062482271124,0.2362306136847659,0.7917715250044532,0.41918595928525926,0.6793513775083543,0.3657066700675008,0.7164321221716757,0.3648803788384765,0.7674281948487807,0.28892276654153864,0.4196960865601699,0.4085779003333111,0.4907413731708871,0.5699126110747859,0.5686830837482001,0.4282469777095002,0.8762422072275967,0.04699596439580602,1.0
0.7614099625833524,0.13823527195217797,0.2047120581326392,0.8016025084439482,0.15313565785839023,0.7445181509519837,0.22195955972851003,0.7437820343897364,0.5171459781150773,0.2864810700146256,0.28715407753310945,0.6637763324850879,0.39372844608625224,0.7055172790397661,0.40679174131188084,0.46404832566249515,0.4068472664332262,0.248471044560112,0.4712526547122232,0.5736591445193799,0.3807160691390062,0.7956338374176588,0.03923222398205504,1.0
0.7758547770088143,0.16881084932772616,0.20127474025710723,0.6943626793150239,0.20060646471505542,0.6785534617491585,0.2519841978738461,0.7142094840490284,0.6186190128151117,0.6203848534566823,0.3260634310323597,0.651087072863604,0.4663963755506313,0.6439446823710289,0.3555617418664149,0.4181894144924729,0.44208922547382107,0.3428172605734254,0.6261665866252359,0.689153750664664,0.3670359325613705,0.750865023439467,0.060472859261201925,1.0
0.8500029352147542,0.12011141599315842,0.2219338882671521,0.7922856129811854,0.3480113926506214,0.7349115325401179,0.49132869627930764,0.8028342514462576,0.668789865498407,0.5954641314610025,0.4799640358049547,0.6188100225012391,0.6448148622827325,0.7250177069895867,0.6405173775670236,0.6291291503954568,0.5277233130761104,0.29065615659281746,0.9078873504565071,0.6173557795199388,0.272253759712649,0.6706421906852399,0.08019021571411707,1.0
0.7402175234223887,0.1974206404937404,0.2548794911713922,0.896778941369201,0.24531267322707004,0.8821935438360862,0.24515366000182698,0.5876577002671217,0.48184843972772406,0.4332476283019926,0.2372882082279077,0.6952723553593619,0.4712400227603734,0.6314008980972999,0.5114620755615271,0.3434704587161702,0.41886715753592524,0.2575249014820289,0.46315081319990936,0.5004357540963806,0.32976711480740767,0.6554825261611881,0.05347465026614297,1.0
0.788723771877257,0.1618697147836481,0.25393971268790855,0.8038089412810763,0.39910385951486177,0.8829978511408885,0.5197422017416224,0.7054690621535912,0.7788794107539602,0.6484233468324343,0.465672631299474,0.6268248290324664,0.6860562267492305,0.6306174293352461,0.7172667979470161,0.383589607641609,0.5725974745069367,0.19030794608676893,0.8003834095171984,0.5906821529432648,0.2692930375522596,0.5669334303304657,0.11604525729212711,1.0
0.8333676687417371,0.22155273839043407,0.0027402869264446387,0.7052028609352616,0.03266740452036904,0.7868420003298195,0.33997714953351943,0.7752379784560331,0.4397808396905684,0.6025695939546504,0.2817978444002605,0.6546554569512926,0.40252944379365657,0.723093139964036,0.3621417678652751,0.6010509554311254,0.4103884679387802,0.4387576305092912,0.4714370794872312,0.5398328542106803,0.4143903872303283,0.7835396534515485,0.04263006394619603,1.0
0.8252596247444521,0.10046751322380017,0.20349141188883263,0.7509560586174124,0.1952790050739379,0.8319531149135858,0.34152474056282395,0.7543335347636244,0.5613805535993037,0.3314017813065073,0.41752998258252305,0.6064376302996549,0.5981975862014897,0.5813196954322992,0.5199593718528103,0.34931363263365106,0.5188807386039346,0.29586517410594265,0.5645967081488186,0.5757316951988838,0.39974224801027164,0.7910824580846831,0.0946857086870151,1.0
0.7848638742361796,0.11513395208845117,0.21041681227881578,0.8774950493181605,0.27844457116931653,0.7891138076209135,0.45885816133517604,0.7325280816607652,0.7085398000573875,0.44814495789823655,0.4152028094345002,0.6737375147763942,0.5154439113924164,0.6260947492277725,0.6116782469552607,0.3865472702810497,0.5511033984809461,0.2676750706749669,0.816840536514106,0.45156184057670995,0.3087449304989945,0.6821160921207859,0.08790837101322438,1.0
0.8525294823486017,0.05496088341973676,0.16837764204474187,0.7571813459993866,0.18006231788089958,0.6712605980154949,0.26756950119713374,0.6695418566486109,0.6195844967747206,0.34000188490843647,0.37877508904466395,0.6282342174266955,0.4811119318713046,0.5908415148493442,0.5616503995010929,0.14731513813453814,0.5429315731513614,0.1899995917705942,0.7168173944346625,0.4569415515575459,0.4128013857896346,0.8708891862816522,0.05708813615950588,1.0
0.9190298579170082,0.18974163069133648,0.006596488347716382,0.7098581754930476,0.01979509513803645,0.806021537833749,0.3001857205479834,0.8879339212797152,0.6028524786817387,0.7020633277335884,0.31105437127406343,0.7240721498264777,0.46507169235512597,0.7582551657568714,0.45964009771934006,0.42059141291276464,0.5141900872597445,0.26176160579727104,0.6305400074706194,0.5322942277939385,0.4087727380686647,0.7831719433288654,0.07482279213201926,1.0
0.8344183758464286,0.20664764689237003,0.20240434860466822,0.729909338657304,0.3388514978790429,0.8607116438113703,0.43896992467813406,0.7867137237179502,0.8124838869651986,0.7993350335933515,0.40525007489361514,0.7400656005404009,0.5571183825326609,0.616974895617443,0.6508753971453096,0.5417172071375056,0.5873895848193924,0.3319598767299461,0.8046448987976687,0.6071813710147883,0.2953980306455365,0.5688487836553899,0.13602426807931645,1.0
0.7624068115438277,0.23093684158274036,0.08827644037769997,0.7579160188968621,0.2708502180055533,0.815493622478437,0.29966428688971625,0.800696106024331,0.5644763011726303,0.5304374090180165,0.29732617271499145,0.5684420949215454,0.6206510376833445,0.641038455428137,0.4392298567124072,0.378405911380203,0.5460743235297879,0.3623366152512085,0.6593298730447189,0.495051206834401,0.32977493929885787,0.6655009396332819,0.047130327038964324,1.0
0.8794513251341716,0.10252796520291661,0.22920190016525294,0.8105335553595545,0.2302170823881688,0.7495001225519438,0.19050267208334426,0.6533817387117149,0.648594164058062,0.6077510818726272,0.3177805094961846,0.6095532016655195,0.5695080041308579,0.5328286108100856,0.5456258237121961,0.4206820157910781,0.4658312086727652,0.24814951160270068,0.6853022461294559,0.5671756855484437,0.30979436170836244,0.7830039180000028,0.0453456776762345,1.0
0.9627004455540487,0.0661798679857557,0.1521923228884469,0.6078607083490705,0.24233785753352063,0.6762450316679692,0.38026908911682133,0.775174996669817,0.8000745802733252,0.5436351615194003,0.5398759706669404,0.6107714492722455,0.6037824015285821,0.5591915015777227,0.6356255320982195,0.22978024148728118,0.6280398614795049,0.3128412557510837,0.9010480083807295,0.48976173641521326,0.36250550317024227,0.8216188815661739,0.10340216345407144,1.0
0.8101596531993697,0.1411355518843452,0.2889008217164268,0.7394751421516,0.32258702847548765,0.7250603069508404,0.4899354729167139,0.6552358480064657,0.8713472918029092,0.5184244727532946,0.5221529168946052,0.4732888459666073,0.628522687176577,0.47490053198821636,0.8001742807118095,0.1722226103241348,0.6403566149123276,0.23493913038967357,0.8554938800389056,0.5574734442954141,0.2844363862883043,0.6022065976131153,0.11741624337911367,1.0
0.7306425121386094,0.2890224743673944,0.09601788500222072,0.7200052473833507,0.1958246957129553,0.8336215573289198,0.45524086911584444,0.6443367110031869,0.6544926649381053,0.34548600126724965,0.33150319474626305,0.6329651439678103,0.4772831097093589,0.7061275600832659,0.5598183614127322,0.2939109353075113,0.5024786916416254,0.18492955655078575,0.6892789440996866,0.35383325182611824,0.34346144508502807,0.6097095083094611,0.05691960310408407,1.0
0.6526551987148755,0.21929434279733734,0.3356823162230534,0.7278923828255484,0.3968858361863205,0.8511704868549999,0.38826785480664194,0.5151954797013841,0.6889322252591848,0.24804881447383947,0.4885507111044954,0.5304291843414292,0.6124797027795775,0.45822266043932275,0.6980010387347821,0.20715234675930663,0.5686139085479894,0.04112696073510729,0.7902779567718257,0.4576180353652549,0.2871754234650181,0.5195676194480112,0.08586144349594672,1.0
0.8501014752324296,0.20504882169819674,0.0238642241592841,0.7514238217547108,0.1247818867883577,0.942802641245936,0.36476586073729134,0.8296210921657504,0.5758288529836412,0.6583744863102565,0.33607621503388524,0.6689728512245582,0.45694735427499206,0.766257947493365,0.41144283901868367,0.569815046761231,0.529797726640618,0.44050110556783395,0.5687471366647828,0.4078260612105633,0.3523782652579219,0.7259702720797864,0.06151475969457019,1.0
0.731367099675989,0.21694172880701257,0.12417447503495121,0.7474574166171494,0.20938677718115023,0.7584377974758275,0.16019436936458264,0.7185953018592408,0.587748325802792,0.4930811615329436,0.29924158284056324,0.693233376824988,0.3896892835766921,0.6279971245029142,0.43992386376321474,0.3065199198489059,0.4143753447288318,0.4141523492303305,0.6560838323066157,0.3583964976853424,0.38250870562006245,0.702557668354535,0.042013112022787964,1.0
0.853347144010878,0.11519602728752777,0.1672297520733753,0.7335337416110227,0.2938743831762583,0.6009528186343492,0.3712337868498647,0.5997339532975644,0.8770574885527967,0.46764733013494064,0.5433593066261485,0.3628919942452357,0.628616355395081,0.23146328545975692,0.6442201607570526,0.043604551721719016,0.6476432804081282,0.31890398891678656,0.765401262211523,0.4050181085913693,0.3498708321818651,0.7181939097531466,0.10118439135882845,1.0
0.825863504922491,0.09717292482750142,0.20247125558247003,0.8473537306693063,0.3038030028441822,0.8456885356125974,0.4415789435661343,0.8207434923565304,0.563287079891533,0.35540779535455247,0.4181822938886593,0.656939255809676,0.6070506126154196,0.6289609447087551,0.5816780114691867,0.3822144240563741,0.5146060005904586,0.2868152390370373,0.8032881455496325,0.5553460483242942,0.316041915504716,0.7155476721144456,0.09923914216004225,1.0
0.6965378990953915,0.21637835202626646,0.26033946896457816,0.7982149468809216,0.3335267196627158,0.7996899100471553,0.27162220441338164,0.5545672998286371,0.5616600824830831,0.35675227391119557,0.27159068962368776,0.6763735751779041,0.5877593596263427,0.5067166349220796,0.5163298396345206,0.4407661247668172,0.4373914901075459,0.1527655039811315,0.4963342545100456,0.6372590954668265,0.3450255925177702,0.6434557227283881,0.05462490483619736,1.0
0.8219302529830215,0.16548860439894658,0.1674236233102756,0.6874625938698519,0.21951188041773972,0.8343850873783341,0.34590469904136206,0.7175683457502713,0.640311102647734,0.5475270129559177,0.40873577445035575,0.7451166215443485,0.4651323226447622,0.6741001988705468,0.5036961886014967,0.5514383489140977,0.5047389328691334,0.35322805634744303,0.7705564291975182,0.661130862887976,0.3503711519927219,0.7302581638107115,0.06786236620537052,1.0
0.7739852683255641,0.23186418537869946,0.1410681939533208,0.7338249599666988,0.10434313459753244,0.794862804461437,0.24288302356020555,0.7307211283763021,0.5219977830036892,0.49092661501075446,0.33247998062177997,0.6362697808195246,0.4791571096057793,0.5243067549509969,0.4929216833700487,0.42649088588367434,0.4169083454947685,0.360271835986805,0.5424439200865147,0.6696833332624427,0.35870009407947145,0.6868466887703863,0.05328458113733669,1.0
0.7936438587807597,0.13399643119439303,0.19723506611367247,0.7215496524404451,0.2119318879589986,0.6891936414648446,0.15137072719380934,0.610135805153598,0.6402260871907954,0.5151003044058329,0.3422922247922157,0.49068595933588854,0.568514632903539,0.4721908662336627,0.41030969512841764,0.36158062599793167,0.3967208016175298,0.22486199456403957,0.6307341126328873,0.5618316339397621,0.4142393500042807,0.7679217077337765,0.0630790723626969,1.0
0.738471008985252,0.2689279024953775,0.24075510728817348,0.8125692336685328,0.25225377024759155,0.8541676906289326,0.3144844425889542,0.6165708533582898,0.5803290896958793,0.4393728418685484,0.3408819174429296,0.6558301852665605,0.5677711170381793,0.5694023316043945,0.6012129849259396,0.5003095733370206,0.4945387479913552,0.26422331116339237,0.5443473553184419,0.5684171116761023,0.267933762215831,0.5518886420484459,0.05441888479942946,1.0
0.792592708281305,0.0796600665165374,0.28657249209434044,0.813321449335148,0.3980180752955367,0.9116189615147258,0.4826760067345199,0.7131409521258577,0.7249976706336144,0.5570606336781454,0.3959725038989625,0.7109062097937329,0.6431316690260913,0.6661629102905546,0.7035072811405468,0.42077852045200126,0.5559696473054981,0.34050871433205565,0.7163549549628969,0.7302224389939447,0.26386013784563916,0.6538003230666433,0.08235289423491438,1.0
0.7247322586764512,0.25390966578124774,0.0939633950389183,0.7835208389511105,0.20705633464950524,0.8385012620528429,0.24862599156269438,0.5873518747736136,0.6164134806576127,0.3861836220122676,0.32696632426829214,0.6378510672010902,0.5142899470684921,0.45611803391758676,0.46417721361651043,0.4712622123602521,0.44711352219303163,0.2680652260404335,0.5244434398041167,0.6961261844640396,0.40415064700313647,0.6741121445015836,0.05253967062538491,1.0
0.6767137958186132,0.226442850810696,0.12472537048262959,0.7999118072525875,0.17578782615842997,0.7378150883170137,0.22220115472491972,0.6919463931731402,0.37145965242548695,0.4646987187368314,0.17057825935193494,0.6749529339326145,0.38003210714071434,0.657870774995381,0.21025463991281565,0.40309154968552385,0.40246967171374465,0.3947321402958859,0.3348563862903406,0.5914936311027833,0.4108556027034177,0.727596682808156,0.023805940839324337,1.0
0.7592002298907179,0.14813007661660801,0.15206495125043673,0.7441286338222567,0.20317416187068316,0.7119741249295346,0.28030649002526,0.7069341022467709,0.4087126796111672,0.46364228053286544,0.22115498751577742,0.6041978808873917,0.4365724373315738,0.672062311412699,0.30839502805473934,0.5486246584890822,0.41154705729667307,0.36676675998433594,0.4467589752157981,0.6843187490327817,0.3886857009835745,0.8163206177820933,0.02903666763605429,1.0
0.8093767310743518,0.10316047952259078,0.1894587819186638,0.8302400487934227,0.19429562268377265,0.7458540265695272,0.15541742951760332,0.6645134385716349,0.4324444095537514,0.3503587797216166,0.3140179886862554,0.6261025661687009,0.4971359085670281,0.5681668840071155,0.3318603899081099,0.5871922915656981,0.41671545027539525,0.17875796242319456,0.368045688927266,0.5524906536068206,0.4273761663069803,0.8447330959211984,0.047034011923998795,1.0
0.8076838779663819,0.1781639442693121,0.17678688007711835,0.703589675742261,0.21535327469956764,0.7877041945895811,0.18981626481839445,0.6691197549306451,0.45866894903428235,0.5622883079319153,0.22654131346509293,0.6928016853159431,0.4097002590119751,0.5803112984383316,0.4124280418559423,0.5697287898228371,0.41602795560567574,0.4500118183401138,0.48717910372020456,0.6640517405038624,0.3177095638901289,0.7646318569291554,0.03216553008389556,1.0
0.7722659695505948,0.11083148341151766,0.28900966711057874,0.7371063713870124,0.45230101509266907,0.7279252745743487,0.44089165685063086,0.6060504265117375,0.7397962919325872,0.30477377811514844,0.5315886606212135,0.4239773219507398,0.6909025599110011,0.33664089100097133,0.6835717399786199,0.3759544149930959,0.5236960451168705,0.04042642671709562,0.8796065207719362,0.4424972074300492,0.3389906229566427,0.6468321114948045,0.12731417991596133,1.0
0.8288280019188605,0.16403725678085881,0.18170094099943596,0.6965523980576032,0.2564293896993994,0.7334508567382715,0.419884082089769,0.6486350835080193,0.7438508820973917,0.4509626881502588,0.4809918820108059,0.5187672178918279,0.5950127185411695,0.4350241945249093,0.589862677703941,0.21394099812093845,0.5733927305374282,0.1972855751971353,0.7463556709818066,0.4954891229284847,0.3626147749520644,0.6733702693883518,0.14595387891578807,1.0
0.7615313558961864,0.10205102021389059,0.26651043731365237,0.8215269498857715,0.36961380414674466,0.7681443774417132,0.327024101672196,0.663247502821846,0.7359172176594043,0.2831552642048146,0.5206970121172975,0.45352074625897343,0.6891680918947604,0.4328368698353306,0.6069873658987526,0.4870010384391807,0.5118873997100524,0.2212936532420608,0.6295510006762339,0.44253665245696533,0.3435503885021751,0.6941115800024145,0.09829864288719589,1.0
0.7796341825398058,0.23416060315144357,0.12327517528931145,0.6063881770169317,0.24861270811502106,0.6634336938531122,0.38911359809759677,0.7067481402193015,0.47154122374872637,0.26947670607316154,0.33682080174467205,0.633751835878443,0.5109384237204174,0.5939386102383685,0.43195383887923217,0.3249244969875999,0.5137194884916562,0.21506575791309546,0.5952392111843656,0.40679118565720307,0.37811732198915915,0.6949234420464274,0.05660329612570207,1.0
0.8390507854326583,0.09695720262466265,0.1691388276587555,0.6266143989199332,0.17179690784651955,0.6626293365429419,0.14040715223682332,0.7515500987782745,0.4794762757163415,0.6213676327317708,0.1716224927915893,0.7026743363933403,0.47070006025047323,0.5994715415199218,0.3102789173155512,0.45865752161935985,0.3883582762397758,0.310754263986599,0.4733394152400742,0.69306613908337,0.46217600833535827,0.8951010111720267,0.03967820376253686,1.0
0.742858851340336,0.17716694377029735,0.20274499848500227,0.8108774228416976,0.3237980803583531,0.825425090184975,0.3220831918615214,0.6833392617996497,0.6262757826247833,0.39542519663986525,0.46068039680638967,0.5329768852569607,0.6330108798726535,0.554283836777551,0.5316974835834835,0.547880462650199,0.5176953400057299,0.15481863996718304,0.716496325571688,0.39973716192401676,0.33645699907444504,0.6557934922124884,0.08662017308077476,1.0
0.7928694451598092,0.06356828005495686,0.2633877280826597,0.7052023019606319,0.3794630524357323,0.7671623938635064,0.2555267710171997,0.675475358420581,0.545356752645179,0.441090609155611,0.3700597294366557,0.503037615327109,0.6630047228204125,0.5268190116583222,0.5344601061245917,0.5324796482041078,0.4845503620506254,0.20680544855470967,0.6004784026325569,0.44036009424808475,0.38509857474025433,0.8285241336339983,0.06838655200914837,1.0
0.7646907018621724,0.2352829553834936,0.18965484648448055,0.7736158142931102,0.29768070595765217,0.7922900368671232,0.3967594600289919,0.6366854824977801,0.6322121081623795,0.5650861591242116,0.382597623884934,0.6337846917844923,0.5831500111699437,0.5856976364432286,0.5252164040945939,0.5605489618200624,0.463634704422757,0.28963870770453715,0.6356915916752321,0.6409458634008057,0.3091975792466172,0.5939452150620017,0.0828400649457758,1.0
0.8772767914022498,0.1470308377248702,0.06873242920749706,0.7149522842136713,0.12989018285320067,0.8296304341672271,0.42539196692611503,0.8201179090627702,0.4739603238006919,0.4600044853583912,0.3996305775532569,0.6476034502314937,0.4616613404346963,0.6585949970989992,0.4069302010014695,0.3269528760845207,0.5489836719920177,0.31531321235819953,0.5800289778389615,0.35292723391824987,0.38063439211301164,0.7972323657213507,0.0677232279353868,1.0
0.7547642090563987,0.23531234396719278,0.12899042337996797,0.6491663869254187,0.2875209792682545,0.8099798147714952,0.14878754933942834,0.60785986856513,0.5814850620038294,0.47883652563805285,0.30168135485696884,0.6578128361656264,0.5346774760326234,0.5792406893738181,0.3986518096612917,0.6918231356320428,0.4344736298506711,0.2233368966553395,0.6850575111398022,0.5691974161460706,0.3463521603663559,0.68239297424469,0.044053743091641305,1.0
0.8495445566622479,0.12301254851082588,0.2534399138689204,0.7508296976565061,0.4191923971719042,0.8067659279417019,0.4444116196321214,0.710556420695915,0.7405581984054872,0.6339680059707579,0.4164875256456779,0.6714118621545393,0.6012902148741279,0.6130564159733854,0.6328991974232622,0.6131761895348954,0.5554975935330453,0.3330235692851056,0.7194706749649591,0.6404868692835995,0.2807790167126838,0.6423071477925767,0.10863864633208944,1.0
0.7613735715317819,0.21302858719503415,0.27275370573157187,0.7858302602975825,0.45186945802535866,0.9132009555836608,0.4378277162775774,0.6888806984904045,0.690014829711857,0.6162733949405748,0.38898063045444514,0.626828926392119,0.6584390029847109,0.6731743070717141,0.6996897579426099,0.5963989302559086,0.6142440380124672,0.3424492406992696,0.8340920607709811,0.6499393032125534,0.25274038458256637,0.5302411971176101,0.10256566618776242,1.0
0.739448867321423,0.13028077454220172,0.26315016405977537,0.886958901686445,0.3662588109285047,0.8469519761904066,0.40226552643742314,0.636034224996633,0.6836853442947535,0.5041195148021725,0.38304132290046283,0.6980930094890349,0.5564337073203716,0.6699454395088364,0.5590546857365228,0.524255451402526,0.5231462888454207,0.3026290165765256,0.6976593986669869,0.7227871893817297,0.30023158345667383,0.6592035142032743,0.0942742675941465,1.0
0.740346910058369,0.1850118171829376,0.2194530223957745,0.9218390414193338,0.30385525573699707,0.8568185623672736,0.38183887424591356,0.6632207468658995,0.627237106112518,0.4243342643989572,0.4461403416108286,0.683611421257231,0.4637577836315527,0.6567635108919027,0.5880573143023166,0.23406279509981606,0.535782887507456,0.24755227489761475,0.6629626111643918,0.41501497678631105,0.32539210039545774,0.6057706133352773,0.0990892922823624,1.0
0.7351114039969335,0.19382969691935406,0.13964498813436368,0.7645344984977862,0.22145298315990833,0.8503568150073633,0.23974168735793944,0.7672278887940391,0.5632204661750426,0.25652024148851793,0.3040231353072177,0.6302902518394533,0.4528750274869583,0.5831495834426899,0.4385646738426171,0.453346005046509,0.37149708447033736,0.2974119672203094,0.5289317160838448,0.7815829934328745,0.33259416029412314,0.7200112137311618,0.03301973153688183,1.0
0.8474398241317519,0.1710455115123741,0.11064192337790002,0.6912351733112144,0.16158595672725498,0.5894119600829509,0.192960589241206,0.5848294680235537,0.5546941823681127,0.6941656405148338,0.2601148124238616,0.5558894673345286,0.44326240325471006,0.5847787547843172,0.3008547620067597,0.5622752207612394,0.39831207552189657,0.4408128529294317,0.6353266712265195,0.7318399991476457,0.3719683740092396,0.8151457957113655,0.044015308642884915,1.0
0.7212888696156554,0.15983723203159003,0.298171368478654,0.8492764016151918,0.3016078480108701,0.7538365058558706,0.23844525723314916,0.5426822263188056,0.5328454047953567,0.27946665980978314,0.3150647344045926,0.5956031304993653,0.5421178170318551,0.4996042043645546,0.4614290194307675,0.5959410566419254,0.38051772388531474,0.22610443263685984,0.556948245989114,0.7342602531692136,0.3638051398214053,0.7013693938993958,0.05371428148782301,1.0
0.8233708741776041,0.17091291351584467,0.17701043845017198,0.6641807827191025,0.2006672875960354,0.71621536365342,0.08699528969280712,0.6415420734177852,0.47843470986410724,0.4931174589177916,0.237821104520828,0.6110856891400459,0.4833425791832198,0.5530700002047744,0.4059000269860372,0.5774707994457179,0.4205101188069014,0.29785007763763277,0.5385399644169456,0.6435933922913246,0.3331607054248658,0.7719472580895871,0.03770689080196388,1.0
0.6587523641741564,0.1931397079264229,0.2527186503864536,0.772641186151664,0.3104700774710126,0.850670988204077,0.28722414313342504,0.5188333789044877,0.4549576639779928,0.21221827366306115,0.2620715939250626,0.64066296276357,0.5118548598510219,0.5176208052606133,0.4434324080032407,0.3311128010290699,0.45467040664364156,0.18119758308582165,0.43094042454894194,0.3829703896522438,0.31534633318019356,0.6769873783774149,0.030335669151694878,1.0
0.7146122776873624,0.23834347905913145,0.22681752811981853,0.7197290749417308,0.3185535838083456,0.9118516961437608,0.4267307946491593,0.6260912919506991,0.6392476205206956,0.46053625431850953,0.38482614151897965,0.6080465614662087,0.5883907562347949,0.5614438741519809,0.5493397209488966,0.5147143917511622,0.5308451761205395,0.19483183809137555,0.5783105526359646,0.39927828776375096,0.28368002486184485,0.5818544558566973,0.057501840170773415,1.0
0.7083646679494353,0.287401775058565,0.21204099198628487,0.7246067084698575,0.3346567710370917,0.9157981398929375,0.4123089829324605,0.7024633383051007,0.6742126898069691,0.6222366217988788,0.3722164272227341,0.7238977146186166,0.5785079328866494,0.6379306788380639,0.5455301966824799,0.5601785065025818,0.5524816716147479,0.25930264421027055,0.6113559308889409,0.5150862751359753,0.2681236250053173,0.5079031074266311,0.06970535329640291,1.0
0.8933302222079001,0.13203473505052918,0.12981170113378887,0.7582608299721507,0.12762926068620709,0.7450131135817374,0.2541853797117319,0.7718339294135501,0.5477050364934569,0.6578840117254711,0.31919249702312796,0.7109242862454657,0.4541301756139177,0.7531318873313301,0.42246651969251287,0.5169484932648921,0.4364023488135539,0.4561010280365673,0.5663767901507764,0.6860801777313458,0.376844934239869,0.8005561520560958,0.06776818328988095,1.0
0.7739065316603594,0.25939110385571174,0.11307628551253664,0.7683698351280325,0.10319466261011438,0.7657802814563363,0.2330223505586683,0.661964290091631,0.5432039868186981,0.5369730349332182,0.32616656846516134,0.6769002395057152,0.42715667510046046,0.5887821004508733,0.3460120799739806,0.4685467926584095,0.4204590831064237,0.136929782314658,0.5655034845688655,0.5061558164673907,0.35634525916887716,0.683201579846188,0.04962199286763663,1.0
0.6211603718263112,0.33880845736481685,0.19947191176061393,0.8028716607363735,0.3285861713434735,0.843667042168084,0.39173958658010355,0.48506878086789207,0.633130754789759,0.3737088837353636,0.3711449471888614,0.6197825218067887,0.4518872512022536,0.6310444464283418,0.6044855460522318,0.4902068767517565,0.44636854098919093,0.0481191889566753,0.7895767189071939,0.5617231553293393,0.3029017765757146,0.4998137881701701,0.07132642659579787,1.0
0.8177150661607695,0.17738185048775293,0.03403813779035083,0.8600681067000759,0.0,0.6989516988420316,0.18963500500805155,0.8291607548443002,0.4323328624439513,0.6242376053678009,0.2944212765874994,0.7236925557022249,0.26589291936948717,0.8286748055563401,0.24785872500904055,0.5268418492979255,0.41424151924748837,0.3468151085329761,0.5261731060876079,0.43964516630638695,0.4553808594787603,0.8298443435580328,0.03788863302946825,1.0
0.9062860972423761,0.08818508663951179,0.05991153579857433,0.7202204530044195,0.06608237482154941,0.7294807001751844,0.20894649608680968,0.7452236027985841,0.4138003455652196,0.5064918282874041,0.28898975972996,0.6796087387278866,0.3604543864259865,0.7646733893155839,0.3173985941952358,0.633780536763082,0.39251294697978006,0.3223392570036378,0.4733368787505051,0.5511554804383995,0.4244332595837459,0.9379855402462866,0.04215138723939822,1.0
0.7494857634998069,0.19027361282015276,0.2458633348269962,0.7897938005264339,0.3206146391888841,0.8476844699414389,0.49348157070646825,0.6420061578753681,0.6836286832384154,0.45193905784423816,0.43962506850222927,0.5723163509342843,0.6258233029446882,0.6458070217437941,0.7048348415531042,0.26388547262442663,0.6071458467239444,0.1716965844520291,0.681525194357291,0.37239137247009285,0.30916810710939135,0.5895715302433563,0.12282559092219114,1.0
0.7248751382152825,0.15329293414161538,0.28393319002827877,0.8301932652322945,0.4169452284462059,0.7905655145611558,0.44491485753514853,0.6979273950020402,0.6252689552532031,0.29659260873089927,0.5077219984781068,0.5513572229412254,0.7276484343426722,0.4012358652576934,0.7329519761766711,0.39406944278010214,0.5471187165952606,0.12985686855550874,0.8325980225570665,0.22183206620593948,0.26813914899604113,0.5812895353495415,0.06000363120486265,1.0
0.824937599043746,0.161422081889218,0.1358133501608562,0.6842876512983491,0.1280887738077546,0.8107050651460356,0.24042120674977002,0.6609544297332838,0.5718591231496065,0.5224920075471263,0.3494317650401721,0.7285733475535595,0.3963057034919938,0.6539560675007154,0.3648691108523584,0.4595357850237443,0.4368822203380379,0.32148387855734667,0.4139157551110539,0.5346526953557857,0.3345617694127926,0.7991704377644664,0.0342910386755964,1.0
0.8974015567930356,0.014582694296522609,0.15286051705401815,0.673755771758168,0.1736333536972536,0.7213839053657369,0.29490034023486705,0.7778883807034888,0.3896659544794368,0.5056080714101324,0.21258382903110776,0.6781337382533347,0.4161690946717711,0.6834266814090931,0.3182542562933026,0.6128483928437802,0.3814269727914355,0.4031312687736793,0.442525859541562,0.5976867858229046,0.40742834623722884,1.0,0.03583343247963705,1.0
0.8816124683683987,0.09575734935607115,0.11592805923505245,0.7118058594607217,0.12956522069512233,0.7104580010217394,0.22850674173677107,0.7115654468588996,0.5671319173244163,0.5036453517214671,0.3830362611160409,0.6920413578700888,0.41983127479806454,0.6848505286170423,0.43986679020550173,0.4398647152908779,0.41598256932402766,0.4739229515070095,0.6457769211186205,0.5622727399978396,0.4667250958131247,0.8683689915375779,0.057726002276810774,1.0
0.8346280118617002,0.1685711238538725,0.19674897905391317,0.721064642258054,0.23650291216542085,0.7238083692597941,0.29858576673775855,0.7293244861414281,0.6260576748165105,0.759089197760274,0.36566531171994704,0.6334608079773145,0.5438316686688522,0.6803215395046261,0.4533976955856838,0.5350100365716416,0.4154148402687328,0.32672758953017095,0.6451171486096005,0.6458223029094681,0.3114129492526032,0.6972698297950335,0.06756050631633176,1.0
0.7675569900517693,0.19117871917812035,0.28278341425217246,0.7800413642374207,0.42366921491693266,0.9727704311187548,0.4714017784921712,0.766328197982596,0.6604704675181986,0.6493944618418394,0.4402271100863485,0.7468774925832218,0.653145143145639,0.7357304096338636,0.6140696433382242,0.5197990568100974,0.6237590040838448,0.3175664487226287,0.719358338025479,0.5675663026532438,0.2504173663882663,0.5217352111728646,0.10809459390898449,1.0
0.8394593389835878,0.09972954645575155,0.2122990423367529,0.642922727355734,0.27910373503523644,0.7194150096175294,0.1656483496095633,0.712841988359164,0.5466362031589348,0.6048706044944477,0.30483481555325576,0.6786187597317034,0.532933939843062,0.5939361692602441,0.4748139643132172,0.44196572806818585,0.5152143725810587,0.3171801238967933,0.6329162080363355,0.599162523555061,0.3948887425162304,0.8311788534911964,0.05781401100136866,1.0
0.7242767286560396,0.18520818565913275,0.32494097903359076,0.7838965624707036,0.39913593996438995,0.8018940316299127,0.474399897259505,0.6039657222493496,0.7604686986740695,0.38650402860178124,0.5609325724165746,0.5271931977170564,0.634834693431404,0.5451437277466158,0.8147984661867469,0.22834064549569374,0.672209390778422,0.18621162020502013,0.8266594712303472,0.3709233144462559,0.26444850764949546,0.5162514653803075,0.10532884499911994,1.0
0.7429483374438841,0.1406888379884035,0.16345667651169032,0.7754024606918062,0.22134530439507888,0.7534310780173837,0.3139024476771641,0.6551351942196195,0.4854275360221284,0.3530383215563928,0.3062667209219089,0.6151448398419012,0.4392029137013567,0.6125177412194527,0.3859395029555517,0.537294491161109,0.42771559655353625,0.16766888265410254,0.4950953971704647,0.45970908259471427,0.4040948379574066,0.8035980558559709,0.0377626659625587,1.0
0.7675412565846337,0.2416928752336511,0.05612407680094399,0.676750591362199,0.1659630245303745,0.7658519049801639,0.3705027073087848,0.7261915821149497,0.42770836397828,0.4254441163151191,0.1719849696088099,0.6597440436065208,0.4990042419712085,0.6946812532502064,0.26400053826854863,0.45430175072002466,0.47792425812247596,0.30426014790524913,0.3485297506298662,0.6170405948645022,0.3619515188437612,0.7078439490689774,0.037552723214358444,1.0
0.809184743929101,0.20847164899869103,0.05068056349199265,0.6951348460722778,0.12808478201056497,0.7009121458324198,0.1992744050830026,0.7411945396053881,0.4405760535804843,0.6537251519589088,0.32808545521885324,0.6321017483027072,0.4691699713675837,0.4550293551957606,0.1797430167404545,0.668639457181797,0.339877139680455,0.394801500538138,0.5637759706053237,0.6175346072344126,0.4379049029816367,0.7801107335728972,0.03906023024796913,1.0
0.7465427952996624,0.2614948939948098,0.14569890353251064,0.7709107208915305,0.14804242602069895,0.7580555893750022,0.28405349708406147,0.6505287081548102,0.4760812585141708,0.4947470588523206,0.23844577227423588,0.6196584541721816,0.46413607752006486,0.7104417789087386,0.40713400797107996,0.7114639420411488,0.4252316000909795,0.1706813532917508,0.4422849738463234,0.5564186842870992,0.3455323848885656,0.6703443072081694,0.044040755826837176,1.0
0.6687623556893024,0.16138559964090926,0.2414024856833132,0.8408758532257287,0.2611830687132222,0.8628523987461411,0.21102130201519104,0.6982240112925222,0.3611495165075263,0.309463445062832,0.3306549782902885,0.5900079249127719,0.5290969010107845,0.5624223635548553,0.30385103281609205,0.5230639948785585,0.3683721404728912,0.35737422892701803,0.5322180622342558,0.6281179525983791,0.37478699332933285,0.7140163276306558,0.04513361566983673,1.0
0.7407547135558737,0.18180796109704195,0.2569421072579418,0.8169965381635164,0.4129408722297323,0.905547263202864,0.42080130210803735,0.6498406459645372,0.737584913883303,0.6216232389955376,0.42948071154408873,0.6351835945764962,0.6111195254807545,0.6392309501923771,0.7059356241173594,0.6816819013414519,0.5655043043548209,0.2796607079906111,0.8731034223767373,0.6506792934439234,0.2541931408013263,0.5353225683325943,0.07966429845118389,1.0
0.8324638891735163,0.08469394502396238,0.21221377051091092,0.7867279234777741,0.3355591697594582,0.7869985816167706,0.45927831383426504,0.6960098460646787,0.6495721388691628,0.59101696281392,0.5031988682200689,0.6811716558670153,0.5378713325352205,0.6264176993262791,0.7063390877897606,0.39525314592927685,0.6105280687994907,0.20113674617111726,0.7665527354949309,0.4404897321292634,0.28893001945326685,0.7103465927026232,0.0876380454708034,1.0
0.6380422221363445,0.32205565339972286,0.21039148124893145,0.7744850742189077,0.37985783004824164,0.8036202706952228,0.38488994940789945,0.6263231972149996,0.6463023552552234,0.36042631011252857,0.35287798678253846,0.5219519261632881,0.5984892157590548,0.5408583558601583,0.5797044843392597,0.4780069808400289,0.5310995808205965,0.12572914159207998,0.6261681684213811,0.5017200626236318,0.29043857234519044,0.4780272391275758,0.09794299382106857,1.0
0.7617200322333249,0.20183681095904504,0.13272301146881108,0.6892920289933174,0.13413221994088326,0.7675600742761017,0.1777571584272487,0.6674265341024934,0.5171313691134414,0.4500088216267162,0.28006449281714973,0.6837406457783259,0.38905213883164264,0.5995442361867653,0.3409208146794439,0.38649130152807654,0.39293029316061956,0.3342707047360855,0.4151151779121617,0.5323557919426747,0.37310257268134916,0.7651274655536313,0.03064773688759278,1.0
0.9078100267155059,0.15316375870412122,0.04387610887115472,0.6122913369639553,0.08687534378582931,0.7203014600572188,0.3403357787803053,0.8263490439780647,0.4854665922016921,0.44269206372239556,0.22856900185236245,0.714377105236755,0.38882510590039493,0.6926407339329386,0.2887842012052302,0.4837469277923144,0.46713626924657087,0.4424942913447999,0.43972194476146287,0.5216866850812276,0.42361532486309367,0.8530191516690725,0.04697552558791671,1.0
0.8610052703344678,0.14048313323034464,0.11476644666888068,0.6427802536720453,0.13924438599022848,0.7010399605006993,0.18487404266301294,0.7307881055478408,0.5509253655956742,0.5672390237355363,0.28039397632305835,0.7504891585224411,0.35608442991474387,0.585003999579925,0.3362505192005748,0.3038778774106901,0.4329522991920383,0.3543484146833562,0.5225517866259075,0.6644574053144687,0.4284553405484039,0.8538567929255372,0.046327682396942696,1.0
0.8236240919243443,0.11341476579785788,0.14122882412092813,0.6586987044011882,0.11869999109687537,0.7778592543358797,0.1528925473669377,0.7486722635178936,0.44220758507451546,0.4648297301226432,0.25434962785025494,0.6714169006665547,0.3696694187918308,0.699064827150668,0.3084908004264303,0.34973785085998654,0.39283692400151415,0.30864672085865125,0.28113907521582227,0.5553359167394144,0.43281446248872607,0.8858769894896934,0.03331414951297468,1.0
0.7995399574349107,0.20433051053903342,0.1865531342097525,0.7724421557173483,0.2562761632785499,0.8206142660847301,0.37363930801351003,0.7877191719808372,0.6502785020902269,0.5628847811278231,0.38683931722474263,0.7898545738295374,0.5350377081394835,0.729369233756164,0.46345860353956414,0.533855975127649,0.4785177641919823,0.35398248267818033,0.6528819649408767,0.5903497442291222,0.3108926734910716,0.6407869781465538,0.07562122461904973,1.0
0.8266596860146959,0.16417612241225008,0.27076372180631825,0.7640866436817958,0.18963489168839193,0.7719695359805318,0.2621215692356293,0.6196237946293658,0.5998808331614114,0.549626212401588,0.28249980750676773,0.699488190242766,0.4913257543593109,0.6954602361855524,0.5150963599050694,0.4328011563307441,0.48796405097954937,0.3056297785560621,0.5353131315308859,0.6262172822264341,0.325347990748712,0.7047474520396567,0.06977011715980816,1.0
0.848130242284856,0.08851906053023742,0.1743649978663142,0.7630049697315047,0.15978802593601488,0.8086180313047591,0.17951024671260035,0.8616535085239481,0.44983608749191806,0.6937772726103777,0.3493391053193842,0.7068854050446632,0.48339454454123987,0.6320521441098156,0.3874548456618626,0.4729496886020041,0.4837093669064703,0.4159063917817571,0.530398280738464,0.7027338115080085,0.3696406513149797,0.8426495724240693,0.04866110480056477,1.0
0.8333926073499274,0.10265509257598952,0.22348958134059163,0.6554698337742126,0.1621605936101496,0.7857613610073492,0.2307165160307651,0.7143659351346054,0.4773269282902366,0.4528941497441275,0.2795239777829565,0.6960740117506155,0.4821866961369977,0.5108430919954889,0.47412141864943963,0.3270151834214029,0.5155933367488479,0.33214258553215187,0.5681960884696957,0.5082990921953999,0.4035469595297343,0.829890012041322,0.05780466233222919,1.0
0.7082868121171771,0.18008981354965317,0.26079193265006523,0.7022224442579952,0.226947550096052,0.866212650693179,0.06928279373144175,0.6604977115541701,0.5056254041942873,0.4653505414846299,0.21991337856207518,0.6388102278252316,0.5170371672918357,0.5732591482030017,0.46617718115289764,0.4610678061231795,0.48162579747058876,0.1620695902217555,0.49137493250181413,0.5375086821377736,0.3452831916889287,0.7254713566820655,0.03875082055340647,1.0
0.8289271639312722,0.17059104205723788,0.1655493041248192,0.6967266857964648,0.2937704788393745,0.7869925088514722,0.2741988687613561,0.7219178588385036,0.6041171062975126,0.3871370625580829,0.4174630671062531,0.5696917986468698,0.6418461652145325,0.5626582084694215,0.5537548072593149,0.4093532237272419,0.5515096616287021,0.18512835525780263,0.6632485311198756,0.33591080630306824,0.3776826672008577,0.6848028234454641,0.10332588373975841,1.0
0.7367011098866704,0.18743616140549155,0.20463368371880175,0.7279565821481516,0.20331546370934597,0.8342956717872124,0.2290265468246977,0.663813319104862,0.5762008032259127,0.5203028997044461,0.3036681401442991,0.6457849801820932,0.4844032023738253,0.6045687894558729,0.3955773458301063,0.6021779436432602,0.3835335453354052,0.28596289472249126,0.44482542230752237,0.6541953351668742,0.33233357455276025,0.7142328821868245,0.039264360643576114,1.0
0.8210377094548653,0.15490229889562038,0.1356368133683485,0.6272669856338873,0.16295035971945673,0.6808989763178643,0.1641134425079348,0.6941807137050321,0.5841674309023949,0.5125093172119114,0.13965668072322246,0.5910176474206887,0.4566982729814893,0.5581672427038079,0.23633451781071035,0.5838717147358276,0.384542796385737,0.3530642222739805,0.492899935020153,0.7838063980761459,0.44934611322778556,0.8349127156102286,0.04537018674949427,1.0
0.6983730849743657,0.06480890156148197,0.48355018118352155,0.4378949506166968,0.4401942560791772,0.7177039742313186,0.0990104614338052,0.6123089675022154,0.6134199102133309,0.17100633628614312,0.6077133659982468,0.19014716266912382,0.7665963533847778,0.12552832086392976,0.7436340808600855,0.1504910244087101,0.48390741562403544,0.0,0.5830586050907923,0.40434267277103464,0.32220517634204815,0.6384874475132434,0.11332996342445853,1.0
0.7633117226319615,0.32491454255528857,0.3371655725886929,0.7868040033640187,0.3612091538409112,0.8242195067975692,0.41447535903998817,0.7613853026895847,0.9151140601684346,0.7807186138381887,0.5375296876037825,0.6942640398903586,0.7161596829630958,0.6770429720477636,0.7010804536752414,0.7574357144070529,0.5821241630524859,0.3672073257933941,0.8756452396799476,0.751486320444877,0.23919686400394882,0.39114387841174003,0.2186116976974694,1.0
0.8202581114476494,0.31214432708195394,0.20294265964742633,0.8009714860734094,0.24162476654114481,0.9517317281007741,0.3704626889068323,0.8601438909588254,0.7394004361479007,0.7267968277006893,0.398503888053354,0.7337267743223576,0.6204699206697384,0.7754807104345947,0.6593682801119957,0.6008196696700232,0.5291364588959325,0.2709343521603147,0.806873666084862,0.6686099776236204,0.26182355830350296,0.48239085543955396,0.08377156852110818,1.0
0.7973280626951513,0.2679966490307653,0.2686489284312827,0.7349004429974426,0.26965128642218156,0.8495719384404846,0.26455933931030223,0.7928157565336564,0.6785584126136954,0.7954106760490129,0.30770542694552794,0.8036966967038426,0.5978396801170163,0.7546219067702343,0.5559606824465141,0.708961842874727,0.4697878265134802,0.2288438077122191,0.6026296418117046,0.7079150176803521,0.255186444630034,0.5270071887258665,0.06366755547561144,1.0
0.6519246549504878,0.3895177699781488,0.3156331238554458,0.7916438364563472,0.3909335060508483,0.7716413029976996,0.3890234719586126,0.6489201807024373,0.7771793573860059,0.5890971722710099,0.46218598845895714,0.7065884582327776,0.6103774074371,0.6673732116569496,0.5280719136243642,0.7647843879426975,0.5120974480411918,0.2262388686615075,0.7232749412759061,0.5741641858957568,0.2500922334452597,0.4154232675640865,0.07416423006062128,1.0
0.7028896559426132,0.4212944103055407,0.3049616333002338,0.7998404124149803,0.34789760973189193,0.7953379262426795,0.5028211702375985,0.6334968629182498,0.9829521824136634,0.6398433959065142,0.6095216470854401,0.5986112859539512,0.7275379498560774,0.6337450012662558,0.758950492783693,0.22376246343927428,0.6056773519644589,0.21077117621621028,0.9791412969022407,0.5482285363333022,0.23919686400394882,0.3106578130913536,0.16490492891837305,1.0
0.7770650135737455,0.3395317418749084,0.19906076623139565,0.7711873877207819,0.2537025320551254,0.8227204806113193,0.32140194359144986,0.7253351682614749,0.8338476665012579,0.7924574420008046,0.43955172861371533,0.7366508616833528,0.5665004579056949,0.734230568330088,0.574775663610624,0.4763447172199301,0.5014916086367518,0.4163334384557886,0.7369184540631326,0.840474535727041,0.27804743400894955,0.4774549621290392,0.11317047581585518,1.0
0.9173012287459175,0.17439070396300319,0.2809862629299995,0.7810275563550034,0.2847330801376188,0.7289488942610348,0.257003630828386,0.7376892987565652,0.6775557817468605,0.7397688679912299,0.48197149801547884,0.6523568427472582,0.651325866321997,0.7284272030669154,0.5936047635398588,0.5610269102779275,0.5407410333480178,0.3076275578175713,0.6923290920604726,0.5670720315089595,0.2778028246250393,0.6283228050624097,0.08820431542659476,1.0
0.7205326778233179,0.3296312843887929,0.3494857225414063,0.5979848005183852,0.39664224359176314,0.7298847967093631,0.42190209770793097,0.6095153588104579,0.8912918064948012,0.42217218213843855,0.613310848710164,0.4421933268699524,0.7705175427762431,0.32310663468513867,0.8390491200672209,0.35502093925423533,0.6246477098029415,0.13021384944967182,0.8067483575126358,0.5340780546974033,0.26383539561772773,0.4101515755731599,0.13140910534156802,1.0
0.7936074446859323,0.392979727873691,0.2233863249563547,0.6126099645786262,0.4058652798177477,0.9055939596518604,0.4247070573168694,0.7366285059498805,0.9927357461357561,0.6336691560200582,0.47192325999591345,0.6493327424034968,0.7503929853158535,0.5866933092247658,0.8167543293743483,0.6114626208236777,0.6632939427195461,0.1915981414399142,0.8910874711578294,0.564601323080303,0.23919686400394882,0.35869729957020585,0.16495188340013905,1.0
0.6864108147711444,0.44461684626840203,0.22000490807126263,0.7626630351921887,0.268569112956064,0.9108410898124566,0.3276141962423264,0.7110594812204298,0.8294572642833092,0.7198371417168399,0.4932586228007819,0.7345693948947819,0.5953464984700354,0.6532480240288661,0.6413265641680611,0.6715751865731803,0.5331894776029303,0.3344738963804733,0.8273468696516413,0.7917529228063458,0.24774434085159783,0.3595810916605828,0.11967719401952352,1.0
0.9031338049155802,0.24024845520021842,0.17068009055414685,0.7287255885878222,0.2214237449994621,0.7493781479500703,0.35091301279012393,0.8742852108061769,0.7754850171006177,0.8618792440633947,0.43197015294461605,0.7687798510919123,0.5404311838027984,0.7694501943028382,0.5501664198318255,0.7257682067227221,0.5119200763494225,0.4210264739172765,0.6518393232795192,0.7262571659869029,0.3142537260621874,0.6035244950087587,0.1405672213569644,1.0
0.791207979179535,0.23822537567582006,0.22273612139390045,0.8685562499966353,0.1564134545548237,0.855808223333564,0.3324177769322373,0.8493714042849505,0.6402211202799443,0.7398977128175671,0.34958541607226207,0.8132540333133927,0.4672084633993307,0.9139623010551208,0.4978558859553118,0.5860917622636646,0.43768273128809826,0.3622089802416527,0.6211253844238762,0.6536403348869084,0.29254851886047084,0.5913410294480633,0.07054627510218882,1.0
0.8530627516978674,0.22117577101575445,0.12326962579271822,0.9266896310263995,0.15417164373012718,0.8067145795563468,0.3281006741636062,0.8421353520508869,0.5699967357962966,0.6389829837430375,0.4276853252744682,0.8253629251692485,0.47772506554320066,0.9157475967993864,0.5034785145359754,0.7015570192572395,0.5157148911578038,0.40218671742615486,0.6079291522106155,0.5582975415502356,0.34640040033012215,0.6658537278948173,0.10153052426209455,1.0
0.7559027345190432,0.3312539756872228,0.18856414357812473,0.839626529240989,0.21363415842079173,0.7917907324342996,0.2706571492315198,0.8892865448963765,0.6395641784240162,0.6859686967547508,0.40704782668026385,0.8095118963002298,0.5145496450489795,0.7775984445433597,0.40603529536145816,0.6227067855157901,0.4788877013461962,0.4586615003533345,0.6385484213206818,0.5378035775414001,0.2668866489211333,0.5177202952869195,0.06287905376315867,1.0
0.8701722986116092,0.3191698125024617,0.32140405409796635,0.6854025586910003,0.5643550219491834,0.9016126843275678,0.5748908666391953,0.7693340922356676,0.9442294547416612,0.7474318541184252,0.645367852387406,0.6410561731659965,0.8192685969338006,0.5821949161697467,0.8797360529732283,0.4931179957672397,0.6939441409092905,0.24476897245066892,0.8730949497656187,0.5660698213463019,0.23919686400394882,0.3100993558539775,0.32244090248992896,1.0
0.9339110286592073,0.20606012050136785,0.22058072243785806,0.639332608580077,0.21733236806453343,0.7968112994319017,0.34950644380606666,0.7452183834065284,0.8428682393987121,0.781772153349197,0.40792538065911516,0.7103652743912011,0.5741028194960707,0.6882024410282228,0.6126869969507772,0.4503566543636832,0.5699718874384908,0.4250618433400756,0.7018001875522172,0.7928893527416482,0.3351648475771571,0.6297895779219438,0.16274708058321677,1.0
0.9909746845246055,0.13473253927386916,0.1703606413692153,0.7796730747808254,0.21681016953029705,0.7027290968033516,0.3815305189840231,0.9751819213701368,0.6356000959671476,0.8022810417514173,0.39949978700379646,0.7689943132072369,0.503707396951468,0.8722774058563573,0.4324377954092287,0.7072393297830859,0.5605882667394367,0.3417262662631617,0.5962129553507245,0.7517333446727437,0.29328219899947244,0.7417223463233406,0.07579528056295735,1.0
0.9830514153632532,0.11372329005812928,0.20828913487109715,0.7305135542988258,0.10311102692578121,0.7768315939546702,0.30086495443113737,0.8757898125482537,0.6944739802795071,0.8676366714349066,0.41280006952368953,0.7812574425584405,0.5162004290020782,0.7329196491636878,0.42657846710767866,0.6174030551166891,0.4385094181895862,0.421380151334653,0.6119085775782392,0.8173149603688867,0.30211324738631296,0.7737850899029585,0.06740942908999067,1.0
0.9593979925458369,0.15848760711026955,0.2918170212859818,0.7663354699488112,0.19582804534516957,0.7520572683959978,0.28657950564828694,0.7004922136934626,0.7376476527066945,0.8700024750782328,0.3784017730518013,0.7246886362599112,0.5429658534654537,0.7593942464095953,0.5752845977680501,0.5287222215689426,0.5147680055581697,0.4086357516137715,0.597445354359615,0.7533092402732109,0.27744097267305756,0.6683447044213212,0.07783433164724907,1.0
0.7978240354871612,0.2564725061915667,0.28059029115635054,0.7708757546527223,0.20133019398780042,0.7883733094102842,0.330972118471999,0.7467858979244281,0.702398417844213,0.7742333690281884,0.37220281967354857,0.741900864422592,0.5836062271788404,0.6906641230873609,0.4955596049651976,0.6953490414626684,0.4673747093164363,0.31876610113781473,0.6688137869144907,0.7376523232453723,0.293499871391294,0.561608901664967,0.10119686017234808,1.0
0.8440899429629527,0.1971654923787273,0.31333099943566817,0.7296747797155332,0.33618445850100337,0.7940983321487968,0.4554583977094865,0.7039673496972335,0.8104135632987597,0.6315135691087682,0.5080678665118195,0.8187042433495242,0.6108380260719561,0.8128447589801542,0.670225414504157,0.44775534462588795,0.5994994741123223,0.4308784736979734,0.7389557660137639,0.6518899433560955,0.2702666119217718,0.552516828791701,0.1758096720531421,1.0
0.8887782705054017,0.2673806010462739,0.1828861951542712,0.7394077658922817,0.20645176128946807,0.9510227451332595,0.44580784702237014,0.8105782774066718,0.7980002681240372,0.7625942205994355,0.45203368077758355,0.7695594582605151,0.5366689821561678,0.8381623265758325,0.6265569230055514,0.547561297823659,0.6064663056238284,0.29651156898150555,0.5712530089548455,0.6236642399443482,0.2669662504514208,0.5292204910832403,0.12074566629323413,1.0
0.9215908089820517,0.2216582369556603,0.12970199063407828,0.6807363032908897,0.18632451328857882,0.7604050095477046,0.30314962175299764,0.909555460839774,0.6799160786682745,0.6688377205937688,0.4156896954725347,0.7990855197720708,0.4934916631720377,0.7453240101689046,0.38838690349032584,0.6051733549538192,0.5383959316593973,0.41596567654102673,0.5679454968826352,0.6076378967811185,0.299880462383552,0.6782254342294339,0.06690740482572101,1.0
0.8581463999730702,0.2956078398516027,0.12445738707840126,0.7272758973411546,0.20532816118593503,0.7980426716721503,0.37749054759751643,0.8688370572703555,0.6917240024460205,0.6980165385773732,0.4498293901810654,0.7721460195581274,0.5279312218065693,0.8189056316762119,0.4973040138194418,0.6203195068733569,0.5362865840897477,0.24412462554946907,0.6236079972819893,0.5164924175020104,0.2703983090368861,0.5583230500001243,0.06757816405263793,1.0
0.8106842677451992,0.19942143353301772,0.23692930888890182,0.8888247481892285,0.21958396387910517,0.8438732645633551,0.24787143444341472,0.841195455848309,0.6098945622756574,0.6927703844600726,0.44445210747617486,0.7298370046955199,0.5405562013071811,0.7336402153426451,0.48891011162031717,0.5716308102811349,0.48827337631836765,0.29452115097905457,0.5160991684172949,0.5496278715316013,0.32063967243835373,0.6223076293988585,0.08914480211020344,1.0
0.8807293980280585,0.2741134710662985,0.15885590628780777,0.7222390428675265,0.1280916353902957,0.7833807458526441,0.3955812245682367,0.7835543439178224,0.7569849767479832,0.6894173809527474,0.47527653339111786,0.7534846786070842,0.49597556487345185,0.825057476486342,0.5322616359101583,0.40644890295680514,0.6172238171627447,0.27780995097488476,0.5481325169874699,0.5977783486372824,0.28252076732786147,0.5942855103956926,0.0694155301038733,1.0
0.8911366549373431,0.20310613359019555,0.1468298477342796,0.8518681205424108,0.18391200748420508,0.7296905407230142,0.5031828259293863,0.8169454927693237,0.6909582648360919,0.5088548783156344,0.5485130450040636,0.7690459637718234,0.47473438432006043,0.7921487169681863,0.6629548707669801,0.21543091580316362,0.6085580103690635,0.2499821416750995,0.740735602670414,0.49174506832846304,0.33819680021413306,0.6477350944797625,0.12368122951096565,1.0
0.8145160260589639,0.33741267979587913,0.24926637492848486,0.7884868751412537,0.3487448460449946,0.9167346332846441,0.555796856071055,0.8217110550697019,0.8378854145274723,0.7185480222462666,0.5635302143643135,0.7743837113237694,0.7116838702069149,0.7153057797471842,0.7678974575790702,0.3714225540532373,0.651984277648022,0.2759918435138425,0.8825054977547744,0.5657150034403959,0.23919686400394882,0.3906626026206197,0.16770091451926766,1.0
0.8487160762645545,0.24649121708081695,0.2753989593677068,0.7378170718199187,0.34066744316187375,0.8136189993791769,0.49196121015924316,0.7868438690995081,0.847438301543228,0.7497463670653389,0.5507908937334058,0.775919795023672,0.6464858849690297,0.732359064950276,0.7359800909680335,0.5249875809330462,0.6072350459291456,0.36684640172929855,0.7659300713238024,0.5985888966662638,0.2531817527079779,0.49639157647489895,0.1609141134577609,1.0
0.825349104128984,0.22740173959065202,0.22661857280056857,0.7428623653318033,0.19637796167785318,0.8609718864025622,0.3940447025952704,0.796817968264368,0.689350812023026,0.631353080130975,0.423078073515078,0.8713649615104929,0.5847048559797,0.6452144239642682,0.47266902514583287,0.5721721033853873,0.5041134693648271,0.3908751571091537,0.569889489425807,0.7685220993636267,0.30233404805626357,0.5943922620905746,0.0935667000220167,1.0
0.9952241489661046,0.11380843656355383,0.17345281040908758,0.6562575079909683,0.18970908694262067,0.7528122012938879,0.3376534803636186,0.8740161778886916,0.7086879236869085,0.8140920852712271,0.4087297374433599,0.7706984422037614,0.507817054897371,0.7560612779529506,0.4363363703677023,0.6553295562331555,0.529280319691919,0.414310379495947,0.5953364919632357,0.779326372821148,0.35148221142538955,0.785184838635888,0.09991349328599677,1.0
0.9916038159733745,0.13082997984982575,0.08739269973565268,0.7461500657156633,0.1275585105436099,0.8673449894987165,0.33744185193261755,0.9926433544339147,0.5968721769449801,0.7559824639295003,0.3912813324003269,0.8208567466301353,0.5242614125339939,0.8903187234973244,0.37654794564578403,0.6405878900697678,0.5165823568636221,0.5253325669794957,0.6738235736891681,0.6946508347428699,0.3577195072222155,0.7691031821858848,0.10805304579792256,1.0
0.9405437719917351,0.22772520995596693,0.11638935367468106,0.7056461070065957,0.15677953963473995,0.8292635951856557,0.24538688558750374,0.8442033163329974,0.6335700369656603,0.872223692143826,0.3786251755270207,0.7591034315719909,0.5036046628308593,0.754508309108286,0.43150504754717844,0.6841685929638819,0.511734492266661,0.4668006502401995,0.608850027989706,0.7748688565289398,0.33692679576121665,0.6531727597957829,0.12347287917848337,1.0
0.8481772764297997,0.1711524122760302,0.33142599370782055,0.7144126204334111,0.3331551799873128,0.784353490371955,0.3255540241260213,0.6682569462355109,0.7067298031213954,0.7061938631381365,0.41753371492940566,0.7048394006905584,0.6981418503065967,0.5376479878823968,0.6256649672983462,0.38469887918901585,0.5347882311419405,0.2536184328345077,0.7360999529772684,0.6558531732654858,0.29781518799063744,0.6297180602127569,0.09754326021219695,1.0
0.7871012776199705,0.308667443824931,0.24524115894829795,0.7577464570967588,0.21929519977454304,0.768719550497919,0.39229422863788804,0.806413807095666,0.744941372437428,0.8569911764424625,0.438460298715817,0.8114704855969894,0.5630835651294788,0.703471079725485,0.5279591606833431,0.4782941663767352,0.5380373907201218,0.38859852766502057,0.7594290399019978,0.8042202541685719,0.26499248308265544,0.4945207692197305,0.08859084939297804,1.0
0.8414813116622929,0.1724610134390217,0.35644193229262555,0.8415599502171378,0.3959468544651306,0.7976554475918668,0.4968145690792054,0.7136915903211983,0.9258396696262794,0.6959956637011355,0.6454636184218892,0.6362314039906929,0.7347968571371212,0.5489234733525458,0.8197067823120451,0.48109084736425906,0.6046324733835852,0.2798103213492736,0.8956156926023127,0.6382211700119667,0.2576628444930174,0.4910324452922144,0.24678057442393736,1.0
0.7177570742040357,0.30925201289569093,0.3084912942194362,0.823330368653584,0.3568109865857233,0.9535170624592787,0.3521663748674404,0.7046213260015493,0.7980024313257513,0.67371698887615,0.49508921765356195,0.7020747221919981,0.6507248297742431,0.6275217847285085,0.680721492086584,0.5932589302569309,0.6010149271710185,0.29818127965274127,0.734051784923585,0.6784766160846079,0.24204503323133708,0.40759614490682944,0.07265727043450963,1.0
0.9280956245293531,0.18276896211378552,0.10529610888228956,0.7558882495553351,0.1767374600262732,0.7603144926322144,0.2741653844522132,0.9447743127249189,0.6145608865635909,0.8173291173326509,0.4268500892794686,0.7671517960142313,0.5847361775239428,0.7452734327045563,0.38137902268039875,0.8050003271708657,0.4824457145906506,0.49669253856029827,0.7096649639798589,0.7591697751694384,0.3758990993475809,0.7182967653341675,0.11683519057119114,1.0
0.8982273774409739,0.22932144071892643,0.14010589786923974,0.7964648939781585,0.17719379793066614,0.857287742816261,0.31404088019010984,0.8582685723193961,0.6481688127630568,0.741051582311209,0.4059252008539787,0.7618916299137379,0.5802684136412413,0.7857960578960302,0.4460893863054975,0.6775437977263257,0.4786249393837608,0.4078526280211443,0.6122965135646165,0.7722387602812733,0.32986867235792205,0.6504099580376409,0.10347508189653809,1.0
0.814890932232223,0.19536470799993602,0.22376860805059157,0.8787498888656542,0.21493796037613863,0.808342933471384,0.402926111585988,0.8152497306546779,0.5128187902499248,0.6111794494892433,0.39118845264615754,0.7997402578437711,0.5819305655215573,0.8012359815913278,0.42484242995878385,0.7772166473109522,0.46916419588172853,0.3459612477170526,0.5454956437160743,0.8257523212239576,0.3150797720458934,0.6612995717382057,0.09231918903814922,1.0
0.6876200084794568,0.34484414232853755,0.28322607319036447,0.8737645537662331,0.18759204632900028,0.9269341325690474,0.3650537850741589,0.6498188112238705,0.643552750344465,0.5379904967871709,0.49089804722181035,0.7499173952905039,0.559668917075282,0.8131682786303643,0.5530965095039132,0.7307705091154872,0.4767747072551028,0.39859708018690193,0.6510389983712969,0.6809153583223241,0.2648241956582573,0.45468880135968204,0.10197954295160183,1.0
0.6992530341800115,0.3568872882191606,0.20796282439749436,0.9155667338272795,0.19004959629953128,0.8191084105450677,0.33772919757147957,0.8246848656682116,0.6179369608597363,0.546035838709206,0.5195684217420499,0.7418298653926804,0.5763755862577651,0.7444043439974048,0.3694038619596139,0.8815883067881951,0.4740353572884537,0.4977079243212321,0.608522252620388,0.7083011251880438,0.2870776530687121,0.4828618765289777,0.10582882171592531,1.0
0.7023039469588751,0.26717273665744834,0.39036581694954214,0.7977192272688195,0.4124291394009851,0.8219603947499918,0.4859835475375577,0.704452766763981,0.9098420981184101,0.5338015780946409,0.6782395563856448,0.46033759319891887,0.7466777530527228,0.545967737475487,0.7791403564567138,0.5023719750592216,0.5890912411821587,0.14641941176243323,0.7678021537155031,0.5025438458753768,0.2427223339652789,0.41207233963181406,0.1192124490592516,1.0
0.6813453327655842,0.37888320745401366,0.38723441299080685,0.7826154825465163,0.42020486221065917,0.8609831827230003,0.5205173576685541,0.6709624654135281,0.8927582397734913,0.68800644159005,0.5536861394845662,0.6800268675631563,0.7672514447515417,0.5671166019023018,0.7451485585397497,0.5659373451640364,0.5974618932656197,0.08822470976381443,0.808756048164519,0.48212297051529207,0.23919686400394882,0.304751916460126,0.14744371366876702,1.0
0.8001827414850763,0.2767986596271825,0.23014982870552583,0.8608278726584748,0.1422561890325163,0.9097558494807206,0.4313210395562068,0.7315076843708156,0.8113884332784156,0.5830901857524807,0.5918579951779767,0.8053615202330645,0.5157248398535452,0.7292655580698331,0.6437340304669213,0.3500143301590945,0.5926960850449113,0.2631793215497005,0.9084116650424429,0.4412160057520242,0.28584814116390234,0.520061554818354,0.11010314150541606,1.0
0.7416338618206331,0.3332517748541545,0.2414011730490997,0.8579113874675767,0.0832705678199906,0.8907444737041743,0.2266497635536902,0.7413082243655874,0.6747694528713215,0.6173634361904696,0.48775663880760045,0.8203293056554665,0.505343627776515,0.8662009147251069,0.5799631323455643,0.43794013374300655,0.528220818826251,0.396847563145249,0.6341475974956373,0.7778542916931409,0.2704506890111121,0.48836580201297114,0.08444112043839777,1.0
0.7874071588268092,0.3295448313645046,0.17975831915321197,0.7772341724947908,0.1441345989568587,0.8319056732563133,0.3829689866703287,0.6948433070658138,0.752311473225203,0.7736694337535622,0.4701332004833691,0.8792353975413232,0.3878234724799756,0.8625664199329249,0.4865697514925557,0.4947778017674905,0.5788861146848409,0.4044365073827284,0.5563488702158678,0.4968035183393274,0.30745398718823036,0.5232464554990904,0.10678009703893222,1.0
0.8954025822000627,0.24146096864167035,0.17016555950543424,0.7511160009856371,0.0796916197880942,0.8632212282529484,0.23124479166829984,0.8000450314347578,0.779147532536536,0.8200881232335446,0.4651542933177296,0.7964092161363755,0.4321528998848121,0.8197272406869935,0.5653941137606135,0.4539223954361374,0.5151944653203728,0.3241519202483519,0.49064209325486186,0.7690737930485987,0.31667144810898246,0.6166872814880706,0.10753078958182052,1.0
0.7805787260164236,0.25638397171752314,0.2515863618635489,0.7811736709234851,0.2068368177156825,0.9184180519441744,0.24108418878203944,0.7239881163323907,0.7003658953443237,0.7482709844095913,0.3881012880060285,0.700884341931286,0.524447594794377,0.6965998903830857,0.49406141997837877,0.6691472334971957,0.4351554724287319,0.35246635018193284,0.512203814263992,0.9151709123964801,0.30066374844071936,0.5663105661266752,0.09501050745334244,1.0
0.840933946487807,0.2829709076333999,0.16151003551508827,0.7015223639130728,0.14774293096198943,0.8498723795591203,0.2962088132410756,0.8792400822884751,0.645889379050029,0.7024468365583911,0.3590145835995946,0.8708865723584484,0.475196421146081,0.7800431336909938,0.45379620735751763,0.380852584076935,0.5673459542406019,0.5568676093843954,0.5287434707424608,0.754058515254945,0.31969345489638784,0.594729836921289,0.09490157338305387,1.0
0.8104823084211653,0.28983328447074375,0.19013577977205634,0.8352015705981952,0.19360220189643984,0.9372639820213732,0.36953455321239964,0.7365435565401639,0.7889736563352057,0.6487658643358833,0.4990109561154975,0.7416059131461729,0.46079922768746984,0.807309366828271,0.4958650319593027,0.38418683719754737,0.5360829569305047,0.33970005264496417,0.7281803799149531,0.42610241766417095,0.3019104105809043,0.5424591846384927,0.12198884570110223,1.0
0.7959823512843188,0.2758953241400051,0.2660442106388322,0.7321005166905218,0.32464671787093075,0.7942425523662311,0.2928060109867138,0.7006125741459525,0.8170348153335196,0.6454108230054004,0.6473369642321466,0.540474502135399,0.6738125193766251,0.6130625837408337,0.7742676543934757,0.4692040488423695,0.5871168175150205,0.24145649078887735,0.7645336134573365,0.55210244814977,0.2732584269261534,0.4932122700022487,0.16450919815687007,1.0
0.7827569524355186,0.24276889687940095,0.21222899751627358,0.8756036091760144,0.20624035921847825,0.8666264614563571,0.2795214226827194,0.7949488064869341,0.6932709297923944,0.7272134072979928,0.4423112456653721,0.671224802847845,0.5068188165729406,0.7805845518464025,0.5083554747130579,0.5807146237306853,0.5191031198363488,0.33505496857158024,0.6434720269166554,0.6362479520309645,0.29389616669304,0.5777241598910428,0.09427784299467491,1.0
0.7744169408545728,0.3186807119632166,0.1883329186820131,0.9102782755703633,0.1616826903348235,0.8045758607297347,0.30753499367776216,0.8118426967185481,0.5901055958590381,0.7883103719445176,0.44557244225572384,0.7706566262084094,0.5616819022369425,0.9005110877046991,0.487045236086271,0.807378588086518,0.5632457988920951,0.3631546096421845,0.5039190451264749,0.5016431053705311,0.28447963285168504,0.5230734398942783,0.09345593400600177,1.0
0.9587999114145109,0.21995279761499595,0.0923902474618061,0.6965964682116755,0.10121293066943082,0.8284364685355708,0.30882242851744696,0.8989189311570005,0.6960119970735948,0.772904433033013,0.33752394408908526,0.8689126843725016,0.38606393096949443,0.868937006971492,0.4150026806793621,0.4479699613279858,0.4942390949430168,0.476057445669216,0.5898196601589,0.6750380718555027,0.3761372049104957,0.7007167288717224,0.10817030183315458,1.0
0.8024656011981935,0.31886202121665164,0.19422913702881842,0.809827814258193,0.19074636799779807,0.7707944048830271,0.3922749991087773,0.7730454808523727,0.5793833444358792,0.6483585374959836,0.4124362386109149,0.8164628940342838,0.5513709707113937,0.8537887291121687,0.49661676969261626,0.6224895820660521,0.5513953970873167,0.3503929882677651,0.5224544966319428,0.6800307028583223,0.26465833588841375,0.5385514884651431,0.05958908865801445,1.0
0.866311583579269,0.24480181930623132,0.13195478839377506,0.7865072691203673,0.15602037241130964,0.8341905740487787,0.3377846811509843,0.827673297207284,0.7298127809356655,0.7387211243017574,0.41077443415009257,0.8634503703639916,0.40549290899049545,0.8782431916552804,0.39796147587113584,0.5878792041251696,0.5770005626259068,0.43927685857770066,0.46736862439347276,0.6695837261528238,0.3250540753484568,0.6289865049502504,0.09132644570019316,1.0
0.8519217936337562,0.28048600269839913,0.08966583089598577,0.8435295861343771,0.07667075698282193,0.891487682127405,0.3953172063718642,0.8769745759847578,0.6447343676208561,0.7298085645762478,0.4717588093819924,0.9389492365391191,0.39351524207181476,0.9947301285494122,0.3865709036771337,0.4137240039463976,0.5287287414785447,0.5794240378246857,0.5694932648592226,0.5470086536755986,0.3528770410625139,0.6244532935011875,0.10357768324281436,1.0
0.8502015185407271,0.2392031047567385,0.23967666826696338,0.8088602564951506,0.3738774096095302,0.8998470844486747,0.581114438997154,0.7636954596867644,0.9322544672366785,0.6472143385179152,0.5544693265660503,0.727601446960295,0.6620995145168871,0.7004876835473138,0.660691064490096,0.4901926728642742,0.6612638611215771,0.1497049878998118,0.8344157538662551,0.46791748535928057,0.2536675839256806,0.4811125777203929,0.24713546264649888,1.0
0.7140207958608854,0.3610435026123278,0.2756272303181656,0.8431914934522784,0.35931364335994853,0.9600181935028499,0.4960436417428185,0.6588067511140646,0.8955405443246518,0.6088393730189439,0.5592522717219824,0.6683602641985595,0.6559591814655776,0.7071255552837904,0.7368277070788768,0.4279595832830745,0.6405270510873807,0.2378855158595504,0.7147194681912327,0.46753319524066844,0.23919686400394882,0.36525901887286866,0.10590358861335403,1.0
0.7650663885724434,0.28779603948489846,0.2481864539205247,0.8985667972917806,0.1601623196047326,0.8842528759595714,0.3613273795092586,0.6848485759030469,0.7259439733201108,0.6913749001093499,0.43428926861108286,0.7556876696771556,0.4114192128194482,0.7618884575120365,0.4676608377516045,0.4739513953465964,0.49647351348004876,0.34563799277412477,0.5557066926710329,0.6689114975698265,0.2786153990219384,0.5391432872659156,0.06477523284552292,1.0
0.7838641380510352,0.37465299754828824,0.22341151263232278,0.6941824828159742,0.22078620799285384,0.8661176791339811,0.29485971497539876,0.6798482331999277,0.6490257666138503,0.7343398697677755,0.3211859956122828,0.7689690680790358,0.5630455864474537,0.6992879950846577,0.48795727963928265,0.6251735716799557,0.4778246067957016,0.4101334756232591,0.5740861011725427,0.7787818400426963,0.2606560962537795,0.47778985383833983,0.05888012472558797,1.0
0.6292652555071709,0.41444560515818746,0.2866727446063284,0.8599179893094292,0.23271991306338663,0.8238001902835776,0.4160770373564905,0.6661120017884901,0.7961816690515376,0.4383304649199295,0.4334135901654489,0.716094789412032,0.5668388773851407,0.7236383315985582,0.4886294215460657,0.48344849990682165,0.47560498622816516,0.28054749261507833,0.6880670541662336,0.7681549271415049,0.25559158567162693,0.38284848704272295,0.0909033443070621,1.0
0.7105798306650996,0.37734296748848417,0.2091171278593545,0.7957969526341345,0.23296732723271865,0.9325631374939337,0.35702003711987457,0.7476977664812962,0.6651428346858308,0.6403540311275098,0.3948296594995312,0.7658245936140184,0.5101253385082221,0.8271267198925545,0.481807692203256,0.3736629160405325,0.5358526460985307,0.4220756931988017,0.6187663386865797,0.5804667685081489,0.26696387367073077,0.4427558314396745,0.08864409333808153,1.0
0.7713320611972564,0.3069444010446162,0.22351981270215118,0.7787042997650391,0.19790770263600474,0.8603012686367966,0.3515091500054498,0.7455849011017105,0.660017715930512,0.6803357251167096,0.35719292889983906,0.8805932271180479,0.42854865229818967,0.849151502005827,0.5398518689623973,0.542158613107376,0.503468773875718,0.4398337723548162,0.6089926183524057,0.6156982727327454,0.29998752636474096,0.54280042860577,0.09830957448542647,1.0
0.9258561935746488,0.2958288668097623,0.08022302939381397,0.6662723692101984,0.16504417683452058,0.8312120270877331,0.2816164999017867,0.8207711750404703,0.7385895566902153,0.8550115414090452,0.3936774800072906,0.8127199546341529,0.5180102439305572,0.7831863357115443,0.43686959917300633,0.49243558416376876,0.5409700643197085,0.5546480591900507,0.6666647202351746,0.7435716450564002,0.32524430383498276,0.5925388473105847,0.12054976353566468,1.0
0.8885794447344136,0.17497970015461467,0.15043438382392121,0.8076011610893553,0.1859074428915087,0.8075653510238149,0.3829227684689036,0.8996957141503857,0.6227582973781068,0.6708156316776964,0.41395171384559576,0.6755668686350358,0.5414908202839706,0.8794055902937216,0.41276333961793243,0.6071718819481658,0.43585863316804807,0.4444915690312622,0.621699161944824,0.5665524472669535,0.31542955427871194,0.7012536476703848,0.08125408612526996,1.0
0.7894394729426935,0.2659226685738602,0.2414553663467929,0.7477156702530798,0.33230082933681254,0.8098928120565628,0.4640458996983055,0.7083032440554061,0.8163868870098642,0.9124696839233156,0.45454615021265266,0.7478028453491579,0.544844636705736,0.783845013576396,0.5779711687787799,0.6299711139411682,0.5221004396547059,0.3823004879067659,0.6224545318207441,0.6770729935850743,0.2830279190972298,0.5240250887702295,0.12308323735039121,1.0
0.7132017416485893,0.3293635159134675,0.36635960095629055,0.7745921442380697,0.40733091013789186,0.8081288927875601,0.4934063705268523,0.5914024377311808,0.9318327127311473,0.49479284616811925,0.577607221121748,0.6213354196625994,0.7504770150449138,0.5791418774920584,0.8599935842754007,0.3237055592131164,0.6537932797071642,0.1991418212717865,0.8523217651167105,0.5318274803763248,0.23919686400394882,0.35923956110772215,0.0890977085227991,1.0
0.7013165356256464,0.3757172483215035,0.25118446202671935,0.747753688171252,0.3484702686576024,0.8509355653178938,0.44231648300258336,0.7233162437024242,0.7315256832930185,0.6292563038470461,0.5293782512918476,0.7139580540726926,0.6505729156587454,0.7222433800970173,0.6896872473415033,0.47385689193653074,0.6028582326763804,0.20401947164541587,0.6163995533505231,0.6252963477212402,0.24152445833776107,0.38744723864786496,0.1172064129129043,1.0
0.6928297991548331,0.3717192341923152,0.24158616683802014,0.7829263038733433,0.28509203548864953,0.7907317886014984,0.3902394633574991,0.7368461181271801,0.7169628593502827,0.39218741900754056,0.4564384487420376,0.6947645959027566,0.6104876945977386,0.6547211430150564,0.5408436635906391,0.4253612032428258,0.5857142975373095,0.2728612558696328,0.5837715510740785,0.7688850713601834,0.27352248112383515,0.43605709322521663,0.09015869261983672,1.0
0.917329692900741,0.17798064471494954,0.15190393081271922,0.728892862859819,0.23139108495489946,0.7405647175070497,0.2693543395207632,0.879078285877488,0.5942142516249134,0.7320535012258502,0.37313841545211285,0.8152463927624126,0.5325711028277689,0.7966852403199077,0.36048397952736383,0.8197223672824091,0.51108960564303,0.5377589860965001,0.5576532081398802,0.6151472200995722,0.34304680477712945,0.6973038213446118,0.11141339141695873,1.0
0.8704319568787995,0.21834399081248476,0.1709118701886215,0.8154777058576217,0.12361574225677692,0.8716591707379462,0.391280143717379,0.8904347651501506,0.65324032283903,0.6248503604051896,0.47766362757450426,0.7581302600087366,0.6102575149375816,0.8090133699753679,0.5601080928520225,0.6564621924860757,0.46779250707580017,0.42345377509753634,0.5810472732303679,0.8290468312527883,0.29770735186009034,0.6454330196603536,0.07469333292049207,1.0
0.7278764593943475,0.2987542630833767,0.31433750668301774,0.7956393900785137,0.37305642947243456,0.7762214453218805,0.38008029285195977,0.7121388624968932,0.8765813338814836,0.4389801590588735,0.5765684879584354,0.6401782978862377,0.6863505764621238,0.5345516352397938,0.7718865247586805,0.25517304202689733,0.5982611213912921,0.1007227095200767,0.8319395182431591,0.48011034277743775,0.24884092646306133,0.4351140893865073,0.1106262425054521,1.0
0.7118282866449095,0.24514587274111999,0.4675965949860701,0.7124264926194922,0.4773932091227331,0.802064506307863,0.42179461474144436,0.660800372112763,0.8867089951889361,0.48646190012646634,0.6643831948192309,0.6116390618483541,0.7989494085400869,0.419990746252378,0.9073946986580035,0.3185301463295652,0.6058559215826651,0.2371829572228967,0.8975172836757618,0.5124015085968527,0.23919686400394882,0.37637665267109877,0.11982847649338793,1.0
0.8510605820758017,0.22217898982762288,0.2262819875045993,0.7273529823018168,0.2847114471889427,0.8540923180102475,0.4176478980443194,0.7647803261151598,0.8236484263734392,0.6216974999225847,0.5216276769959705,0.7445094939787181,0.5951969536584325,0.6925356028586966,0.6936779510044964,0.39570625696243933,0.6002084548020937,0.285090986637433,0.8067736918383036,0.6121573192825402,0.29530983570290953,0.5647705623793697,0.14244469699125636,1.0
0.9046980049089862,0.11806205203496696,0.2417638516134412,0.7922229602228403,0.20465996337085487,0.8024446288835168,0.29724973573924635,0.894243993559144,0.5994351605020255,0.7083287507549558,0.413384029654157,0.6988388625402797,0.5883584332085897,0.7348997210613285,0.47165030705702266,0.6857708230513635,0.44447666677668113,0.5371372408124724,0.6080331542639986,0.7744463237442538,0.29343477888888225,0.7433630028484196,0.06154457313341228,1.0
0.8927867812098249,0.2044976310299407,0.16738220916695204,0.8036288796051329,0.18635816243762562,0.775941662877595,0.3354785752930339,0.861906132906147,0.5517888162227331,0.7844619271566039,0.4733856726610358,0.7787879830504986,0.5218511086997686,0.8595172188483865,0.39597992371608864,0.7301866984771321,0.4901540804250196,0.5132229080070038,0.529319476148911,0.7254829545341819,0.3421196000423683,0.6751000880368979,0.10378141772049601,1.0
0.9624829316024863,0.17029228675247407,0.19908041607896845,0.7438849328070691,0.16626528667595947,0.727394956478838,0.1679925495889678,0.7593502870707847,0.6912331060859213,0.8940736342934502,0.35945430006430046,0.7712083671144715,0.4935514310094992,0.7499745856737681,0.5492977870092194,0.5518451798388695,0.4979823320683877,0.408637518664527,0.5601915308450169,0.7893905786236242,0.3204824318072681,0.7109393294328703,0.08900893003583035,1.0
0.9540915000720613,0.17299103654985398,0.1436562227328524,0.8104478019102865,0.1594748962743354,0.7986390898165072,0.4017017774634435,0.8855721984784698,0.6539763487095825,0.683219398646545,0.4240398404707368,0.7713597901807605,0.5404582162138262,0.7781114401141759,0.4537564812891105,0.689082746413838,0.5362998025609739,0.35697977628102995,0.6119048553041966,0.5823086570727272,0.3325763082752943,0.694329867653358,0.11650752379436044,1.0
0.9364032705526554,0.2569240220846532,0.10026503276867456,0.6850598276124257,0.16530212848921422,0.722981648217395,0.3120523728286444,0.8309155378453844,0.6782129645596604,0.8913623823637499,0.4625818941215238,0.7637112723191284,0.4924716337760014,0.7670396794314085,0.522599955267644,0.5133165746137258,0.5167830830741245,0.5122683789389493,0.7580307542500512,0.8600055785330281,0.35101035717655854,0.646224712278376,0.12496714598556669,1.0
0.8414560099047198,0.25464676895586075,0.23011805853038428,0.7002354412202673,0.2744651113221456,0.7510598305331034,0.3831939725643424,0.7578736614629115,0.7608061438031921,0.5830897698823886,0.5467487111179105,0.6339949451855003,0.6426323698087961,0.6118636320144437,0.6009840493293633,0.42326285708592637,0.5573809952942067,0.3566805267138968,0.7726539567203556,0.6007930458895894,0.28793322701801793,0.5750766727420336,0.10891587886209501,1.0
0.8234603817327637,0.278931236821049,0.2537729580326143,0.8045360762450289,0.36859064361867877,0.8807759794612045,0.49506561625161044,0.7373238393815813,0.8162872487491748,0.7166939631247174,0.6151196043059611,0.7353966148311757,0.6686837428324157,0.7336767360503804,0.6728582851246251,0.39566472944519177,0.591461405308705,0.36469637689786666,0.8395776081606215,0.5735712149017352,0.24609858816043512,0.4330015981211632,0.1963688510302476,1.0
0.931046608621197,0.2463396672097256,0.2601634447692806,0.5287373758967114,0.3275047469349423,0.8711625141397907,0.3267738216945993,0.7076482623949217,0.8215335410635768,0.898040090447288,0.42777106788987745,0.7552621431945395,0.6630470570306767,0.6696768412599634,0.7220014439838115,0.6253589082372285,0.6021333449872024,0.3091201284828804,0.7515656450087583,0.6972245725158617,0.2833741701650346,0.5465280411846364,0.21616623731945206,1.0
0.8547147124980063,0.20529055211477926,0.22873378666303307,0.7747561437792773,0.24271817192321324,0.9275371168334299,0.41906738312777814,0.8137983020069897,0.7206069510175681,0.5814643543409344,0.4179955877833889,0.7966486914786954,0.5809743920994229,0.6870606051739439,0.6000029802031858,0.5541303421026024,0.5229431942844756,0.38209966751550367,0.7225032343894373,0.6637157780906623,0.2793780831037802,0.5994117061528986,0.10006900772117193,1.0
0.785264001493504,0.39983902232811036,0.15343993282154314,0.6793620978204887,0.22559166040485476,0.8725921552469852,0.33714517218306117,0.7523034012167439,0.6850654097112121,0.8448740969028301,0.3365198254995724,0.7924788479237815,0.5406863990535842,0.7979811963213561,0.47172937361279177,0.740192156108815,0.5335161549072849,0.4160440263537886,0.43150434864699116,0.6221092356562659,0.27367756159522155,0.47498993665959627,0.08034028557653665,1.0
0.9668993638416882,0.20336719958395325,0.11379346929343435,0.7574751794261997,0.09942433593947023,0.7984025469542616,0.39585119374303335,0.85040164361699,0.7627437129625178,0.719560559303734,0.5093267642324218,0.7662851520051605,0.5055246457946505,0.8330973119920573,0.5544090978632075,0.43980985600071965,0.5478263108003897,0.2364296155391211,0.7128122296843233,0.539751353291465,0.3579679003578922,0.6840973874453237,0.12857271322470554,1.0
0.7687739987412459,0.2961000785816861,0.24579430686556633,0.8340175749061131,0.2342759323770432,0.8044644347524885,0.37409443874717374,0.7195998750293566,0.5882983803277233,0.7059561925902502,0.35162331773069844,0.7418813701325084,0.5612062360904765,0.7694023673481205,0.48662487217422656,0.8235306307038345,0.505353346433053,0.3286561263550185,0.569554387734209,0.5954534203344645,0.31439852397235457,0.5510567349283743,0.10785435137672444,1.0
0.8620731551904595,0.21569008946225415,0.19127841161203396,0.7204341047060226,0.1566219668188841,0.8333292487630878,0.3602633187595675,0.7510662059232753,0.6842604590486969,0.7066201857563307,0.46172685990571866,0.7537952550021151,0.5651683001927398,0.6258812141278689,0.41754216878327094,0.620077673234361,0.48731324304176316,0.35577827617889324,0.5844291346565517,0.9496080050105014,0.30796485284672614,0.6570048526228452,0.07550145632729872,1.0
0.739461235581269,0.3470686836993786,0.22159759915686447,0.7827761595255934,0.1772858190729625,0.852934612059842,0.3082591716826989,0.7978229569934173,0.7057166250674543,0.6126045243592255,0.4672950952587757,0.7391766477146713,0.556119604041603,0.7422129841056032,0.5422714057946919,0.6439127522885394,0.49356217177822337,0.4759970442197365,0.6384426370437029,0.7979358349708072,0.25919895034611934,0.47307558367844854,0.06622289220413093,1.0
0.9263935541597738,0.17700473426755067,0.26486352692967957,0.7208526681801452,0.40599431967322025,0.7539072234028349,0.4016482236014104,0.7213296768956531,0.7957848463014504,0.7740697199499804,0.47304217676474675,0.7395243299200726,0.6519773920030952,0.6819172477700544,0.7179189817902256,0.5289225322328657,0.627465491781716,0.3921267163360382,0.873464206295268,0.5822770868981844,0.26841451916718523,0.554564646801877,0.19476546359651328,1.0
0.7960036215368337,0.2742083539670102,0.24005944232005666,0.7735653873007409,0.34235597272603124,0.9217857430582991,0.49177906925065706,0.7121827900286166,0.8681894838600382,0.5338452366445033,0.5877065947155293,0.6978510433256563,0.6805799571885132,0.64832175933276,0.7700447791527111,0.39342477135420234,0.64666373274384,0.24489835680268668,0.7730294391608118,0.475725821059561,0.24737960484385366,0.462143266297338,0.1449074623074678,1.0
0.7993780979676658,0.33375055693681804,0.21687534790872698,0.6271641773126887,0.2819072098875683,0.7669415751984461,0.40913489329373565,0.703836606328875,0.8529488401713418,0.74460359107282,0.541671120165502,0.704069591924112,0.6261774621023652,0.571122194612662,0.6101077477484194,0.33525109067967906,0.5635440482391169,0.20268849486214494,0.8204907279599958,0.6776370215545283,0.2559316365279371,0.4739062922421531,0.08411245773555878,1.0
0.9053658002880017,0.25459078247138045,0.1592585687597518,0.6781774885698212,0.22002573820807403,0.8496961278083944,0.34737565200414755,0.8471064692205649,0.6601360100667419,0.7224672032579769,0.426032263095272,0.8291481693017833,0.5075179360138468,0.723842727857404,0.5344388149695392,0.4837479548100043,0.5568775562706038,0.3603942715133047,0.6414528466360122,0.7193546912190493,0.30018748092418723,0.6013506778342417,0.11822188439789709,1.0
0.8830932940613435,0.2224051028675592,0.1310838956704857,0.7830758516129213,0.14140352564921796,0.9429980666004142,0.3217504731342103,0.8932972983015887,0.5328618119652824,0.5778506009550026,0.36502014014876477,0.8419839047703225,0.5178827576138906,0.8254572140529763,0.4551478115099826,0.5242387919041164,0.5589619403780894,0.4351734774843867,0.449874274987456,0.5870675932532463,0.3656970842463196,0.6630845986757326,0.11039725238934933,1.0
0.8057309279075399,0.23437941257527292,0.2819549548642648,0.7435751497604867,0.29794230474207456,0.7821580664680239,0.371121947187076,0.6875686762662635,0.8775048911659149,0.6699830178559201,0.5861949337544606,0.6978189131259522,0.6109113543970068,0.6771310011664711,0.647628328255661,0.4128087025373107,0.5621718079822943,0.3844936273038445,0.8309832332323736,0.6593313431917711,0.2593953174285068,0.5185202700107298,0.09221792390539552,1.0
0.7773896251930201,0.2520517850288092,0.37744606009807913,0.6634894787639198,0.38106496780707505,0.8000397478060134,0.3688546553726086,0.7150049675746717,0.9403227408024712,0.39337599649661414,0.7193260191551345,0.4242092429994622,0.755316999413496,0.49253862860557096,0.8467709517149072,0.26112790197702773,0.6259436822153295,0.1739356750850284,0.7236054204887323,0.3708755895695548,0.2596150484792923,0.4354009066761788,0.16192139025632193,1.0
0.7914364182850309,0.27623471188610066,0.22736095902889505,0.7876311559471147,0.26538828139165666,0.8546709185529974,0.37162927914525967,0.7288143883606847,0.7397372525845759,0.6844480371575552,0.5245103238244746,0.6545396500390712,0.582997955770342,0.7430479059213618,0.554461571105138,0.7353338711608086,0.5355661293674322,0.31318181307517073,0.7562244129379211,0.5447589219488503,0.26586399451467346,0.5294026328352779,0.09016598719125665,1.0
0.8415770008394162,0.3413450647145117,0.09250283811400971,0.7297636871424309,0.11764510842306368,0.8604111575789075,0.34009952302525054,0.8276391107570958,0.6966843449808493,0.8308689562707481,0.3822881266009365,0.7393894206160462,0.5322089752081964,0.7754036695697315,0.3777518664370518,0.5508650847418182,0.5099112255178533,0.4962057768271205,0.6346422757407987,0.6234594439412185,0.29370044394060596,0.5549270522460181,0.07606282327180373,1.0
0.6971004459963276,0.3593515212927431,0.33203935180164684,0.7585952033043479,0.2753673953876763,0.7769449708419885,0.35772243052648717,0.6137102406451318,0.8420796701339239,0.5135892919776814,0.49695451925137235,0.6580886885660754,0.622965857829211,0.6481420319615234,0.6664144816335535,0.3836737161464303,0.5887927440853217,0.1638443255780827,0.5389345684356455,0.6316336154598632,0.25103483342269595,0.4329536978237693,0.060247372919698984,1.0
0.8395439250820572,0.25434229865211955,0.17531326424779514,0.7981206676848749,0.21324927687448578,0.8083784186186141,0.297973452653732,0.8179396978092321,0.626680114496823,0.6777570520870103,0.3861628053038878,0.7817044621964369,0.5051765817962127,0.8879815522497105,0.41071603375461185,0.6764422686893158,0.4892858809839114,0.3686527182666336,0.5881293512737,0.6106842238985937,0.28240572878409537,0.608437504302284,0.0568301067588303,1.0
0.8217571806312278,0.213328109410852,0.22034273343140426,0.804752592719192,0.2084483560553945,0.8347002357310538,0.16727774826260636,0.7772409638948894,0.6942434893812256,0.7632191462506251,0.4390630954745269,0.7800520172938815,0.5065358350385993,0.7375357439015242,0.38637040970374276,0.5121961723729835,0.4424698145149186,0.4925028853155644,0.6421028317851423,0.675735923452108,0.3257310623674495,0.6380112629086172,0.08624650750155725,1.0
0.7448077838704015,0.26653995834960276,0.23531908161647436,0.8449053722656303,0.20207584806383327,0.9653270869841218,0.2040164276965111,0.85775323303663,0.5735846994517761,0.7683129408105965,0.37596850201021703,0.7481616533859277,0.5533578095646142,0.8433821930199447,0.5024419531727815,0.6593169674791608,0.4898061596283677,0.40632447735087884,0.47832150514453914,0.7358799673652123,0.28548864911704874,0.5499406000156051,0.0664980172038975,1.0
0.7799185700501843,0.31147749117151885,0.24607212652653573,0.7447617975648563,0.26749432581482,0.8583092756616565,0.4326487888622819,0.7752463776266347,0.7517516937782402,0.5933212742005163,0.5367043559267881,0.861040771079561,0.5209670217902326,0.7172673359265888,0.5742522207338067,0.47369152758279465,0.5702998506850888,0.4018511415333336,0.6534565876134398,0.6463278455500104,0.25924492333927135,0.49047886601726387,0.08233481292059965,1.0
0.7079319323195579,0.3731926642072322,0.3315601609091495,0.8414858972639362,0.3456951160601182,0.9078854604210348,0.5503309052328696,0.7850347171124292,0.875511994433712,0.5583988229530317,0.6576932136322478,0.6360415517446975,0.6733287399294023,0.6672294066217641,0.7665377280714214,0.46488768389998675,0.59561075069278,0.2203138921539498,0.7344100095565955,0.5007296116237975,0.23919686400394882,0.3160684519268314,0.22465972145895002,1.0
0.7609527203252995,0.30999365578958693,0.21103923055277737,0.8128418346909903,0.16519954859588912,0.7899059536935412,0.32316211550418605,0.7796842269457513,0.7390724536513168,0.7108290006363618,0.5022662101553081,0.7950545381859612,0.469497219033794,0.7865322193005378,0.49221505898316825,0.42230291115467067,0.5184296819542659,0.5360521834049966,0.6886015208700312,0.6321779076987699,0.29152504334694995,0.5258801372521444,0.08698459716500612,1.0
0.7868538675319191,0.30686633029466737,0.20124684490786335,0.759526108774457,0.17627818063119058,0.9195774152962113,0.3448391674395942,0.8432205381725795,0.613435405331473,0.7170580174539599,0.36765396097904957,0.8009435129853038,0.49323520755615274,0.8337218635686324,0.45943775024697325,0.4595133906209271,0.5597843295228745,0.4951856219299646,0.6075275297448162,0.6353627860989033,0.295745431172421,0.5387773421612556,0.09926097638052105,1.0
0.9027130627908733,0.2188264139116906,0.1634825909636206,0.7429918522489595,0.1726434532192702,0.8472182848313375,0.30183482708487797,0.81654853165781,0.6436962478867327,0.8269326062198233,0.46540018085707324,0.8572822559179036,0.44702396908471526,0.8322557739883418,0.5354488705834762,0.42186486440319415,0.4931693247051178,0.6226059448284957,0.5394331282245075,0.5754599679679672,0.2885730926198001,0.6516978844796764,0.06091024847513631,1.0
0.8542693990670177,0.22534369072676774,0.26053023781478496,0.6749491027247404,0.2784054092748669,0.7870262867485094,0.23844680596063675,0.7547999126141872,0.6396319385560424,0.8379132947315037,0.2603781518593952,0.7859622831414703,0.5454113328530605,0.7372550109175529,0.4402477304029132,0.7680260789715045,0.48965087904609644,0.4581055040197925,0.4882730095009508,0.8100000020879464,0.28836024744297223,0.6083031023411414,0.08146451304664662,1.0
0.7920369588495829,0.25154850325476147,0.23277955501282885,0.8548659947561136,0.2560425692871589,0.7945987688398879,0.3233512385202719,0.7688276410554935,0.6694228353671625,0.572411589338356,0.4880445913074604,0.7637300443149156,0.5258348105675693,0.8270337104656112,0.44736937838060503,0.6422659352605924,0.4733175888020534,0.4032594047897445,0.7148640694013002,0.7069827761239591,0.2964334858730885,0.5948794560536105,0.07916420412311698,1.0
0.877185621179177,0.20750144088602085,0.21607017240595552,0.7669385523111172,0.348352137174979,0.7596288003488834,0.369258245308422,0.7471253576062488,0.8421520483060405,0.5323684140271012,0.5174416551967337,0.6048745123938127,0.753929079790745,0.5804082383654848,0.5968435379117655,0.401941644299496,0.5756028582761962,0.257266530386892,0.7665127835551142,0.5211248549279975,0.3233284090625427,0.5977013623011181,0.1495938531594915,1.0
0.7679073044881202,0.30267341538137443,0.36851367574058613,0.6922079696102645,0.47345383037302735,0.8573710978845825,0.5264457154062662,0.6616819993580009,0.8706432154256392,0.7130804483997641,0.6133412479152067,0.5566783494943488,0.8460206409364843,0.49886508813637376,0.7561985971620273,0.26640697234459687,0.5977364445712623,0.20936717199450186,0.9331298379641507,0.5692505459650474,0.23919686400394882,0.35713808318844004,0.10708290035992007,1.0
0.6946053964105312,0.32218187803256726,0.32384360671881984,0.8138107015146212,0.28438939503864374,0.9180192010533541,0.37539507889363766,0.6558864464096595,0.809967409207392,0.574389932888993,0.5657392257183372,0.7221750413109247,0.626526627024985,0.687671690066697,0.6574745171280905,0.42951541070369104,0.5679325452374957,0.23448434084206865,0.6931702922407572,0.5778575938098283,0.23919686400394882,0.41237860990958464,0.0727116904765499,1.0
0.7222663976144192,0.32468131878557543,0.1987050887360188,0.8567549647823259,0.18248614790697046,0.7995660306953123,0.29173635222296673,0.83038093403073,0.7186439688186501,0.5818410457149933,0.4576317536347031,0.804914734546709,0.4497263357344952,0.9197188754176183,0.4786224323470088,0.5639850284830754,0.49771309593351787,0.4196204989450441,0.574827124001926,0.5407892815904997,0.2788562826180891,0.5122444201213904,0.07180869811106555,1.0
0.8656984420813252,0.3011250908662143,0.09966758070730207,0.7347522113518637,0.1388663169399695,0.7875704966713817,0.36592981349364423,0.7706613416228766,0.6523643046087092,0.8087426147045521,0.4765401005635972,0.7937207451062838,0.47078057952721253,0.7100967124825178,0.373590665806809,0.6946632502476513,0.5058103072670447,0.5751406924362586,0.48612887866988486,0.6644796620300935,0.3609660065920914,0.6084525323281674,0.12168034008120843,1.0
0.8521424799572842,0.2587120693716507,0.13460953879073118,0.6987460799476297,0.21185425413206108,0.8816883345056002,0.32039912702771267,0.8565850966581863,0.6603670030681305,0.6622762136458463,0.39524158699833983,0.7915484894439687,0.5592258609118563,0.6918039257826946,0.4198463628326615,0.5437403388174188,0.5484244338274067,0.40832832584305634,0.5190302272015107,0.6865065666524505,0.3155681172793696,0.6275522634994429,0.07927703996272865,1.0
0.8185827074625287,0.2529527122860552,0.24301478285736342,0.8313328408528139,0.2561827682055054,0.9060525881306195,0.2942209111654433,0.8723030276661219,0.6859182571692756,0.8215315873680484,0.45694094524219353,0.7624315551020284,0.5658597160650092,0.8404361883497979,0.4560237553479047,0.6947085550266677,0.46429477517146694,0.3754571275504734,0.6257537108934488,0.6536379137068077,0.2590302975025731,0.5460346231323768,0.07643418606526105,1.0
0.8490704301826462,0.29049298622842873,0.1710223567712091,0.6926922728387205,0.17250216863932824,0.9395536558163463,0.3215717530010857,0.8971668665885294,0.6894228098737225,0.7814613857482886,0.4168978814816706,0.8577133093086154,0.4768635918731493,0.7919457998798807,0.5537858489818884,0.6150591253880401,0.5679814666145233,0.5406030352993894,0.6143130370890288,0.6351871689474957,0.2814152285508044,0.5455861847161441,0.09508950561981593,1.0
0.9028228698065439,0.2730570444124223,0.1033789646148099,0.7497088439740259,0.09880884407895761,0.8165285451407719,0.2778888832808093,0.9988763164123908,0.6198335413631428,0.7693329696228415,0.3520171614654614,0.8027664845790654,0.4515266483091472,0.8654605823181957,0.3831784680391426,0.6377330377663185,0.49237115687324284,0.4908174864982946,0.6420284207176299,0.69775405466346,0.31100319130380066,0.6353218920090222,0.0846990729395201,1.0
0.9693233665607124,0.20193262370751022,0.1574415940553151,0.6442956827356767,0.1345881242028891,0.7803676004382479,0.235068434157332,0.8031918004621288,0.64296475689688,0.9311551925564209,0.34589551605958596,0.8014790561187439,0.5145425497355306,0.8144742257716098,0.5431942471557603,0.6109972481674575,0.49481347033136175,0.4802021808939831,0.6013891664075102,0.7959755699224098,0.29306760819711364,0.6997168148179849,0.06402731869154064,1.0
0.8615651785057956,0.20368201798744012,0.27294110205419464,0.7202366375336022,0.23188424409296646,0.8608320680699807,0.21826369304761056,0.7858101110283536,0.6714979698696096,0.7354126235898041,0.3683404105927162,0.7079425543401671,0.5951669472808399,0.6697372793519473,0.4120839925884635,0.5975206887743624,0.4882255184574565,0.4606738492571608,0.5179310432696874,0.8256907639254295,0.3111772781102913,0.6171062636886216,0.1158257042458998,1.0
0.9534536707224253,0.24596797366271506,0.07649411715102149,0.630808233140686,0.20628841949026733,0.8545024486446589,0.25756078618161976,0.837676411280981,0.6245349939567945,1.0,0.3802207716576889,0.7612423982250756,0.5095862922189962,0.7832263600130143,0.37370173261795026,0.8444998445581392,0.4849734794188164,0.5026842396459484,0.5582217647923747,0.8038929988481083,0.3246126701926407,0.6500208526718916,0.11077991627139196,1.0
0.829875005893182,0.2926220029731478,0.1489475641051438,0.7942706925252402,0.11223354005016657,0.8490478879351535,0.271073658192802,0.7951556003337056,0.6533024245344469,0.8575463547579981,0.43959882077801193,0.743856057042283,0.5072595754738174,0.6730179797333694,0.4473416218147838,0.41584119902660194,0.48518420458637923,0.48044352483200115,0.6587832057830656,0.6831999701245696,0.30013071662544305,0.569675093786754,0.08431924752750446,1.0
0.9683838121410728,0.12306335102317016,0.1924530715366327,0.6015280611497704,0.19563658346290894,0.7998642920461574,0.2832363295975238,0.8371777598594555,0.699651166149481,0.8338425509984969,0.3439641097694053,0.7484921432868967,0.4601214244887406,0.7904674134550195,0.482252747482505,0.4793407604185667,0.4728125241857183,0.4128153713657439,0.5611761117885672,0.9242946132424942,0.3606288589366041,0.7919976072948278,0.09212015211395552,1.0
0.7379523613450879,0.3687852647305215,0.32549810067378726,0.7881098142377061,0.3530150022210504,0.842872887398367,0.35515803010382496,0.7114710521279992,0.8693467814046554,0.6273361648873106,0.4896918700658784,0.7380818546951191,0.7668053469897237,0.5944276198593289,0.6717598705141107,0.3844202741851739,0.5999171659674206,0.22958291496821404,0.8044189770502383,0.6312635306869057,0.23919686400394882,0.3790957301460396,0.15121298403645675,1.0
0.6526484554613957,0.44137838133870705,0.4124483916119907,0.7445676610106683,0.4491906391645408,0.780381249566239,0.4452442604466376,0.5661064977407241,0.9471619036047223,0.5563911993457575,0.6988969253013972,0.5154903654197418,0.7738301563271759,0.4628087083744702,0.8670726082117511,0.22530505077167123,0.6222394084312867,0.20720206787547185,0.9189914090300653,0.5041138044045694,0.23919686400394882,0.2406261246581156,0.1446304980268611,1.0
0.8166507440797297,0.2961204692152006,0.1959302209593188,0.7515321280410019,0.3506527682784657,0.8934592095949251,0.3136291927725893,0.7572573111880145,0.879636927052746,0.5773344288346486,0.500443226012286,0.7306485992650018,0.5864171967411421,0.6808309996380402,0.6912798341187288,0.494074742510206,0.6017575785921923,0.14805999225920277,0.7894668891160159,0.4214708729969473,0.2658026548128577,0.4928007439974432,0.11256287114939602,1.0
0.8149783511657915,0.2660736839098407,0.15057464031298207,0.8209475870367011,0.15701258801911788,0.7970727047894081,0.35664037199235726,0.8727496333695887,0.5770499091372114,0.6127398182107753,0.4338553849437241,0.6853425571398153,0.621302313111167,0.8036153324232478,0.390090775000252,0.7121972423846038,0.5271417832454027,0.37669391122921386,0.5526525431131969,0.564259870434222,0.2716064604117757,0.5909404099105628,0.05367184583074643,1.0
0.8466104454144483,0.2425552595561568,0.1906514539336733,0.6944464774294943,0.229278216963536,0.8098648897454203,0.3142194455733191,0.8255892953577545,0.6529420034951441,0.8574714354656621,0.43231088371046317,0.6951736680709163,0.5877833162140385,0.599782926300233,0.41738093997234743,0.7164914952799405,0.49749101055929945,0.3520573300838393,0.6050998753790502,0.7913032943871361,0.2958483561173683,0.6218308555356633,0.0772450959692333,1.0
0.8537562362563322,0.2688189072009368,0.12370742768902539,0.814059352164476,0.16047504253535855,0.9000649201741313,0.35546275426617874,0.864683688506762,0.552465844859819,0.5898842273414678,0.3886445537180512,0.7687005838774364,0.4545159196173739,0.773373701682789,0.4752844981274619,0.4793655943769523,0.5568341564648306,0.26269752024033133,0.5592581274063653,0.5538121648780595,0.31744142314466706,0.595686659426215,0.09382020955920317,1.0
0.9398291570370929,0.11106213551336071,0.16305790733933231,0.7707722474033857,0.15480908313984856,0.7721792517489504,0.36215063975892664,0.9241886718280279,0.5690641302317581,0.7793492450402613,0.4828871377348948,0.6783335642564684,0.497024889419322,0.7587234912463389,0.3012838795682438,0.7751893835524578,0.43632727993815174,0.4436470493931393,0.5327875693395318,0.7252232235657324,0.3171597110496308,0.8030367667896668,0.055654456470316464,1.0
0.8994699179504746,0.3186965631153369,0.07155007190073603,0.6952685679666144,0.15959310932893886,0.7985987041246824,0.4116904364265277,0.8878586846247931,0.7356331114139538,0.5820376169936052,0.4781666967427218,0.6970702605199633,0.5789961278041272,0.7196750430189095,0.47899699693877024,0.582583682633937,0.5880802303933053,0.3350004496507121,0.6741576282780128,0.46430806109525163,0.3219776214991614,0.5829800071523806,0.10872374884855154,1.0
0.8365963273890005,0.2188660097389268,0.1845410323529174,0.7792967150063728,0.22325740582824916,0.8961524416950637,0.41944240141107625,0.7843672157507,0.6249866229894964,0.5374559591486434,0.46954222389100275,0.704662335365797,0.6986231463215532,0.6250365590124511,0.48412442707002074,0.7500768288821594,0.5060358744717193,0.4443845549708717,0.5642706169840435,0.5623095441142505,0.3252042319163774,0.6503377284833969,0.08298595347834584,1.0
0.8337059622465692,0.2529287426343289,0.31488542257072405,0.7609100940518522,0.3944817476195186,0.9409259570537446,0.5656917602092424,0.7186151967796086,0.9563030561838686,0.5074044541244369,0.6930633932229733,0.607311017121946,0.7371977326087436,0.5129776542682871,0.9038258695643632,0.3356078990647031,0.7084511562371063,0.24532640045103463,0.801016492130234,0.4775302442763004,0.24124262824314593,0.40055052955884957,0.2540110137120791,1.0
0.8095935053484353,0.2999174712472357,0.19995313583288363,0.7440167824023695,0.18644179146775813,0.9164631844646484,0.20477980110108465,0.8707367030683519,0.5903511745003319,0.8819652822880758,0.4018592923064629,0.7870034385776034,0.5365187909234627,0.7894503184004609,0.3521601018429751,0.7169424710385238,0.4898067739401157,0.5318039114223821,0.6132129606075255,0.7594065864390205,0.28087714331764096,0.527941874527744,0.08368375022536095,1.0
0.7878038283456062,0.33369772204044384,0.25291511931909616,0.6745680847076664,0.3007210193552592,0.7821860998470105,0.40731708779470516,0.7304138350608307,0.7460537676603022,0.6058666063883693,0.4782339765594749,0.6970068125897697,0.6083981273570188,0.6898996552049443,0.6459629358714385,0.42364180274409374,0.5794188319756797,0.2750953187377851,0.7620915950238513,0.5116059263628522,0.26366706406507273,0.46939943447985605,0.097798815310197,1.0
0.946892378006936,0.19459270495137887,0.14345255973567256,0.6644455940799086,0.12686952464074228,0.826014932943342,0.25504476852473823,0.8350777987926783,0.6969889523129157,0.9517829680700287,0.4503169855626039,0.7771833805549956,0.4728646909388566,0.7496750559364216,0.45819424902213407,0.603638688647943,0.5012923035096303,0.4068598284655185,0.58378315143896,0.6632462990813042,0.3105331449653919,0.7033615743252278,0.07226737464144391,1.0
0.8855574140517818,0.18207549737737974,0.2342779904475657,0.7552668122480882,0.24503600379889554,0.7930166097943466,0.26291284408546195,0.7662643185205005,0.7018286774537058,0.6788889280650409,0.4046454225202344,0.7312322301853947,0.5362495780775771,0.7027909290556967,0.5091980869794476,0.46569194174693745,0.542114279538891,0.3086229863065449,0.5623770769081718,0.7091414721410283,0.3143988320311579,0.6577045488227847,0.09237034821645909,1.0
0.7703641728873769,0.2796110364901906,0.3429066244516977,0.7778292939743807,0.40597566386070816,0.8269198964984876,0.4369453655372517,0.777954861404219,0.9320531214164773,0.5279512704227759,0.6270260445917736,0.5596695587029654,0.8075463268719627,0.4723492522083552,0.6859129550144923,0.5066614745802619,0.6277445078258308,0.29292755693930744,0.9017200511040097,0.7252705182273304,0.2564850895204005,0.42861368880086,0.2444866686620981,1.0
0.8276597452110622,0.28114877420717355,0.18896498746572307,0.755463020251692,0.2732638350344085,0.9060698494681094,0.43672501902218014,0.8436802849480447,0.7557334035861268,0.6291230372292397,0.521293024687518,0.668551482481759,0.6253891565486998,0.6942195351201847,0.5945798823399715,0.5774006570378253,0.5777270134945584,0.3112239660811464,0.6821235802931094,0.6023046077528561,0.26104501042503375,0.5200763576846903,0.07677837853365233,1.0
0.7578663642038995,0.3661203528020086,0.17114176138597917,0.7295458177449148,0.2563990625572684,0.8042505038667419,0.3100922845953628,0.8408848056926449,0.7309881683732246,0.7210331999620427,0.4481496795645029,0.6731326926022134,0.6053718109874252,0.8048735757184219,0.4373107087849381,0.651427012912491,0.5228195150594832,0.37825693822958767,0.654472973009297,0.6531712654221411,0.2757087089024334,0.4752801123113819,0.1164597950895897,1.0
0.8886169605980839,0.23965197034209532,0.14950725437659868,0.695283509277439,0.22629639787784508,0.7471934725746852,0.3975091402847301,0.8793180689880011,0.6484449319374127,0.7020432273854289,0.5325451128741369,0.7029905012237526,0.5546415898997766,0.7073603330863075,0.40589738805543557,0.7523348055570753,0.5038738274132047,0.4563185977352497,0.57325280064931,0.6005375172266312,0.32398249901664505,0.6583276314591565,0.08975290667216124,1.0
0.9185323243779204,0.19516978492622816,0.14855160766219383,0.721707276108507,0.16040384904027558,0.8308518923588069,0.4023652439868701,0.8747098330349351,0.592167261101642,0.7354128901779964,0.4365600178739269,0.6827048692018788,0.5566289493042536,0.8542488156296331,0.40504096233857556,0.8207149153452593,0.4431813102938217,0.3758373690345536,0.5077557243508032,0.7212576737910402,0.35320696281563624,0.6919029455584008,0.09910554787883766,1.0
0.8287470250788173,0.2811462170161146,0.18448432470243112,0.8537698713091515,0.2986100891899932,0.7132704668370511,0.35891845790697097,0.8588292009320219,0.5461873340735991,0.7498316978578168,0.343559042740776,0.6935100210936823,0.5534670251872454,0.8718014915707143,0.3837265471391763,0.8710159191411112,0.47603064069129225,0.451538166467904,0.4931696549789121,0.5569902878927065,0.2964179059653637,0.5638400332946744,0.10305787613823396,1.0
0.739204589059522,0.2583714215979423,0.28266539286497666,0.8096896321528273,0.2620329285580164,0.8357430799986793,0.32970133706332055,0.7808390717389783,0.608970232294706,0.5748783059389099,0.4101605875441061,0.7055074676990524,0.613594763625922,0.6793727219511826,0.5545159768284122,0.6600464385107943,0.5366392296076398,0.2484726028721131,0.6044581782526208,0.6740611437605398,0.275111736464524,0.5492610890190167,0.06923043498760073,1.0
0.943119000404933,0.2650385095026093,0.18306096345650733,0.6988405288676776,0.30358992048719824,0.7939127140270474,0.5906651503406358,0.8293287315235643,0.8910571670283778,0.6535427917530144,0.6044770332504934,0.5981614417802332,0.6930483315924162,0.6841649670854945,0.718882768471019,0.5408929390985047,0.6563716199451521,0.2049823391957501,0.839063770617997,0.4997855905921375,0.2686097732062771,0.5060922272836771,0.18952912822469872,1.0
0.7441724274548092,0.2641754701584456,0.4412433064911685,0.7869238920714177,0.5419895516738522,0.8582075419192784,0.4781879499419917,0.6581016366093125,0.9237296323366587,0.7191315356262107,0.588210133837537,0.5871524515660695,0.7806310418317142,0.5582436740596765,0.7881349857272936,0.46857666519497304,0.669464708794377,0.24223449403381003,0.8750191504857209,0.5504955399204142,0.23919686400394882,0.3424788536637701,0.12749537435655503,1.0
0.8342254595669866,0.25381615043768824,0.1999618998421768,0.718212284043876,0.13173909264284203,0.9167043200556665,0.23811002046623708,0.7391744468820701,0.7663750801627532,0.7195832211799321,0.4106498270934152,0.7670414296596536,0.48345222102385194,0.7925675807546945,0.3966237612820235,0.5614174140792644,0.48337146423797817,0.46019044213604987,0.5102959297006345,0.7059415823688274,0.3304662855166943,0.606866649135733,0.09354905746069694,1.0
0.9027412335675714,0.21519242325474058,0.13196159279171257,0.757971745220722,0.10783133999940779,0.8938168206540898,0.3543269113371935,0.9202745025218786,0.5878425704738524,0.586154247743712,0.43135395305431923,0.8530943059231803,0.5247793947543422,0.7927016575391823,0.396640446673736,0.4375262639900119,0.50914064434553,0.5051417916085664,0.6288856055181,0.6527885314874189,0.3580540264550489,0.6725010796717288,0.09969530916234072,1.0
0.9667881087468574,0.12214370209330562,0.23605966970327605,0.6464281724207654,0.17996048945427046,0.8310539504923442,0.20257050547008973,0.7453769194781572,0.7182020164213303,0.798525800023386,0.4600407440452278,0.7183607760333096,0.6084384067537759,0.6663532424789861,0.47914651206531716,0.6695137774375982,0.43567264261368976,0.48413888673949873,0.6791508746768647,0.9320193524612306,0.37378239738009134,0.7710710430269737,0.12028892241738763,1.0
0.8869489617119507,0.22860375587857146,0.23043548608270792,0.7337552965813073,0.22138887556857098,0.7776987963248744,0.12195901959460002,0.7163224764273703,0.7729055346100855,0.8186936228684445,0.42302478252920006,0.7276955170897378,0.5498287710939491,0.6268119917194152,0.4777021101082495,0.4375657194187459,0.4959177279197459,0.472461059095365,0.6484085749811912,0.8659269995110871,0.3091253425883389,0.6220659527549403,0.08677755318809223,1.0
0.8809919568607532,0.26434004601363065,0.1750063509026975,0.6207315736835738,0.2537873425221832,0.7719043509256582,0.37731217632131203,0.8745616966460065,0.6187871916541603,0.7138517348640441,0.37604926776544423,0.7387011699523992,0.6204425941345227,0.7400879602999183,0.4238671632438907,0.8372049319965299,0.5193981240138746,0.30937496006211695,0.5589432548016593,0.661836649491157,0.29569182605257566,0.6062585061606094,0.08086484557199125,1.0
0.9285805087252758,0.21640965242583546,0.09216944671811685,0.7010355083479214,0.1646230234997058,0.8770707610038176,0.22735715100737558,1.0,0.6276486717222582,0.8537169363485555,0.41241287180256636,0.787622537328945,0.482085810972572,0.837787125173653,0.3320105381008923,0.605275658777959,0.48930112247342233,0.4886450171394363,0.6535743867740907,0.7900880911503578,0.3600026036854217,0.6784240029176427,0.11437118403718291,1.0
0.7965944584645914,0.26924549309559004,0.24453945863370735,0.775557724934147,0.29311602470491765,0.7889227528813141,0.3406880435639834,0.7598276126800759,0.7366309346850869,0.7488895254850274,0.49079822316541205,0.6818172190508792,0.6418467900674085,0.6385437620217673,0.4519821185169449,0.6393404771896279,0.4839428968345824,0.3712222872214354,0.7878350688197988,0.7179656375948109,0.2867925816805229,0.5537282228722525,0.0948003920722872,1.0
0.7270068432378768,0.38859977796536654,0.31985528332408913,0.7816839782935664,0.47592301166763923,0.8988887921687635,0.39195745247965047,0.65452349258436,0.8943136248859251,0.8777470860491595,0.5639788778169661,0.7126194672026034,0.6836258616743641,0.6765942468281848,0.6426017078141841,0.5851918123120236,0.5321733574561218,0.3583547126489744,0.790088817182884,0.6265624293816313,0.23919686400394882,0.3197368552464763,0.15118237218325414,1.0
0.7601463149121158,0.3588684027581811,0.13710871249033493,0.7774258250430718,0.21734218473566405,0.9457776073521715,0.3256009876138162,0.817039008822723,0.7026555178743211,0.6562336203770419,0.38984139647817684,0.7725640657384626,0.5200913704301291,0.8352291910932591,0.5415880897501933,0.6209590936516018,0.5177009785886704,0.3175550023034432,0.5550148244285237,0.6807398775070215,0.27877054087246383,0.48981947898997,0.07887928530785018,1.0
0.8571220015323887,0.18887780047325337,0.17709022842872432,0.7689047264771267,0.22336008165450977,0.8011009885503212,0.28670492225752525,0.9546651465874777,0.6062927917639871,0.7223399944478005,0.39781480305936445,0.7294685809110879,0.5788849442985279,0.7904038283753667,0.3489528592675922,0.7742689134245468,0.4260196838751522,0.5579681456651584,0.5720520363156265,0.8107391755304951,0.3029334256146506,0.6794431943955525,0.07124190313145956,1.0
0.9270424426643832,0.17471722861439534,0.11629343986849859,0.7547861018877469,0.1603518479785045,0.8588820139167285,0.3640304654524079,0.9279017783016723,0.5656184599928754,0.7507939524460993,0.45447572389558644,0.8163621246146462,0.5119716834555634,0.7991373009178899,0.3157921721912785,0.7751106778291742,0.45126254344067895,0.5557160721011722,0.5189700110224552,0.8587681211081729,0.3690031702277558,0.7273650838984294,0.11499850577551707,1.0
0.7989424540052482,0.31319841032986423,0.1780654971243244,0.7813841004405371,0.2034891844241278,0.8764025822956636,0.4334472005893335,0.8816737806613993,0.537275287181764,0.7188905627076302,0.35010976564327334,0.7355776648774998,0.5627505828125162,0.8271561252353012,0.41439696429049816,0.7615224766563822,0.530114851415537,0.4818245886323757,0.4848081475462841,0.47667327319804026,0.2733972142317229,0.5317513385809116,0.06926813873421518,1.0
0.6739431751161071,0.3387072232228101,0.3003153883509112,0.7994496860296156,0.2528344421403647,0.8260953479109893,0.27358659887148457,0.6893335817798825,0.6526582765326608,0.653079005670035,0.49951628825571437,0.7282473548668799,0.5965707257963203,0.7105733536890136,0.5802264534174293,0.7052673505883851,0.4740934958743722,0.4532520348092564,0.6157420918179198,0.7847492682592184,0.26072832172773097,0.4613599498244937,0.09179707582025096,1.0
0.7741866723608279,0.18100631014153612,0.4563319365783381,0.5628070690599606,0.48992645953485975,0.7902703540889522,0.4134884453084584,0.7190257852793829,0.8434690807131034,0.3040363549142084,0.7775194644891563,0.49418764702800494,0.9142690282401594,0.256668940755314,0.9991480268854609,0.2177925848819076,0.6171567577987874,0.2952695913897736,0.8054615877044864,0.5432882120671471,0.2456514971124019,0.4108410176192734,0.1286311044871205,1.0
0.7380976300492531,0.30644338358397655,0.29960302932248634,0.8172545117355132,0.40373133554572044,0.847807123644469,0.5184559272771403,0.7557364334470343,0.7843028470567945,0.6398994086613167,0.5512758464711006,0.710893646223205,0.6756757900295703,0.7374562370521772,0.7229672888070007,0.4571884698665192,0.6193562456948195,0.3369595466451367,0.7963291053976898,0.4716910733145775,0.23919686400394882,0.3816053811381147,0.09532085291501552,1.0
0.8213944977297715,0.22152787552160577,0.2303411389221239,0.730203435036875,0.18567699777453195,0.8300168396085733,0.32459872630617276,0.7315700029828396,0.7277454678578781,0.6942532812878748,0.46906245352246373,0.7274259511174667,0.5448758416414626,0.694671047966234,0.6037745714267576,0.34575618766827065,0.5233420560640766,0.38331558309601693,0.6099223581663551,0.6764441206256706,0.3106908164119105,0.6074102431284966,0.09896299536537544,1.0
0.882818946995008,0.2177692162787704,0.2077195284404934,0.6945627761798346,0.21213413200495007,0.8905793625919378,0.29187176857401415,0.8200744844000472,0.6235289911395903,0.7451875493374158,0.31082047786283484,0.7849376865920932,0.5443857436334767,0.8079544353036054,0.46747543221220006,0.7565406869446831,0.45395257622317836,0.4190689086646312,0.4711682265035915,0.7077552304966382,0.28506560452657437,0.6456280605239103,0.06633451773872769,1.0
0.9157430828003291,0.32113401361063987,0.06698884861682865,0.6724279640448336,0.08761496493546195,0.8262572075866216,0.20860524523968915,0.8045569322772242,0.7635192190449083,0.9737792401969259,0.3479435307127155,0.7925068164144256,0.4213759404579316,0.8183033036242552,0.5338334009547795,0.5334290916663552,0.45241010615163135,0.47593342084001,0.686420677975706,0.8238107093986732,0.32910227910656475,0.6088647074797832,0.09176172514346106,1.0
0.7431681914290552,0.3377943241625066,0.25776642572812575,0.784820453694476,0.30428348454608156,0.7353343249963408,0.46066010120543777,0.7432062739173989,0.8071759744283953,0.8208791691894827,0.5203044790462719,0.6393613878703401,0.583787311891745,0.7772968497806254,0.5874304153555644,0.46852353445726536,0.5356494718653348,0.3993299509093462,0.8755803430946871,0.5047123616263228,0.2511597917308251,0.43159487653514284,0.10427273660304538,1.0
0.8078755321502533,0.30386956567736734,0.24152728814388758,0.5895851529488715,0.3141839177217008,0.7917420695255041,0.3020544356123951,0.7741735314258914,0.6989660874980924,0.9312288132750307,0.3814399292025901,0.7640574449426167,0.5462191209436054,0.7283738243269438,0.5591212822862385,0.668965212808022,0.5431179802875697,0.3688555043360269,0.7219358840208325,0.519756309173771,0.27845140816521935,0.5265846509621408,0.09410114003741873,1.0
0.7818066619294736,0.3049892092668167,0.21770243792062183,0.7057503336528091,0.2755338539277288,0.8457037532117615,0.43840022888758173,0.7377673807720838,0.703425876638226,0.6438470463882232,0.3807712120734075,0.7362639314606673,0.5464987080127948,0.8494433275819828,0.48525106824872133,0.7536734476629137,0.5511571207431174,0.332533556027438,0.6625580841461971,0.5821355742454433,0.2798552872459409,0.5165374243879572,0.10634784977600999,1.0
0.7962058733856191,0.27534300901612135,0.27371602117785104,0.7835933610880224,0.36897167765775946,0.7488559732541851,0.5395944399126897,0.7612371995088896,0.7640842237899748,0.7180786833331967,0.5495253125306118,0.6501507567578675,0.6615681999061505,0.6614606178370049,0.6486049605901465,0.5341365352474632,0.5865780177266808,0.3207251501355787,0.8061060116376157,0.4683300500584804,0.2618058494731814,0.4855201585070433,0.11076139622512413,1.0
0.8350645576250525,0.22669335778975758,0.19747679193699472,0.755408005897055,0.2143516628554765,0.7728606578481482,0.4360049895980037,0.8324088899466295,0.6359378766678033,0.6790927094737137,0.5258727165337216,0.7248081978147751,0.516790404975257,0.6976466530906734,0.426623931950595,0.6681750607362216,0.4925358119128828,0.47159228445917883,0.616362212110683,0.6464486791529865,0.28308854772649444,0.6114919323077589,0.06450217903008962,1.0
0.8251048306322711,0.30792404821873687,0.2478981507308771,0.6337432803388552,0.2552439440134459,0.8368619165699817,0.348890132109315,0.7071332332830942,0.6322720609586138,0.6400671319271807,0.3217174348623326,0.8108886636440068,0.5808256281743248,0.7140572233127735,0.461131153315589,0.5446533449214704,0.49313662067084907,0.43081611593074176,0.565116739532909,0.7817306977130613,0.30402627299899077,0.5262922873082367,0.11521533922808172,1.0
1.0,0.2125768108817534,0.10396353944258557,0.6222783216621444,0.08770455048832264,0.748203899493441,0.2766204381944858,0.8347052522997173,0.6611513776789546,0.8415010450136264,0.39534468452263577,0.800487743968598,0.4684636523085168,0.8446870098297221,0.434188023887241,0.6381645590656405,0.4957156375259937,0.5402734620579525,0.591918965783024,0.8666959597936333,0.31452477193908546,0.7053389911528791,0.0816803824090747,1.0
0.8633196863374192,0.18862258573799845,0.24940371187222687,0.7125452380956939,0.25233133739201186,0.8320612211074879,0.28049081427097666,0.749146578108583,0.5868765127411506,0.7787139240359413,0.33297291599785594,0.7847789832111071,0.5999943935679437,0.6711040954419105,0.3769554358556565,0.7520115575743821,0.44520804875506764,0.43048121062457934,0.45932750469910794,0.8683795724747302,0.2757648541615418,0.6586563624329168,0.05032438009202426,1.0
0.9483387329149557,0.25924828034238667,0.11210980143950217,0.60771480063486,0.21832607071856663,0.6941970220730384,0.3420345882156498,0.9078498829865979,0.7330227832499999,0.8691562636362098,0.43547772498315307,0.7907230834962945,0.49037616304406967,0.6926817766678957,0.5054462694821353,0.6746947749623502,0.5320501720042874,0.3757653786086009,0.6335332108436232,0.6016197691229609,0.31201341057216525,0.6337330578355044,0.10590974537874137,1.0
0.8707827104386225,0.25665501235850524,0.1738441261283585,0.6495293500325,0.17546277320540588,0.7776307078777676,0.21683419023441128,0.7455078206123965,0.7224226975883151,0.9216473181886284,0.4339850235996991,0.8151050186968901,0.4706921728006845,0.6782423879207901,0.43058921823802565,0.6238661759728803,0.4538525760918601,0.48795018075310104,0.6963694352369619,0.8293708463466664,0.3424418407499198,0.6232338076740087,0.11092057350691098,1.0
0.8642081710769266,0.22405775556383917,0.24060442794262552,0.8341510322708385,0.32303874079033706,0.8062408565139467,0.3791420191680115,0.8648443046914626,0.6566611514393225,0.8614496604292734,0.48475857582444093,0.7003000203369505,0.6595042027850818,0.7869628034542095,0.37340327045141386,0.7711321759038533,0.3968844047166223,0.43086322513292524,0.7606742752287355,0.6626950769963414,0.2757281568310612,0.5756614233628978,0.0990158399156066,1.0
0.7117757539173418,0.3490771356298155,0.42709500453485205,0.6769095716985648,0.5022241050515985,0.8981328874615958,0.5131261591584155,0.6951720229066142,0.9190902367752737,0.5951390484671099,0.6983354600806114,0.5659358616417887,0.7876516714681715,0.4605617287601827,0.8591462198411522,0.41784196478815866,0.6401363693496019,0.18917263193977918,0.8256290101678677,0.46589147911419065,0.23919686400394882,0.29336561872438943,0.1910124749711876,1.0
0.7506838602061552,0.39059458173296296,0.16952856869694963,0.6684313950809385,0.2131047576490879,0.8558786104966886,0.3637315213494794,0.8216885505991144,0.65061979184957,0.5734051152038498,0.4595702614553306,0.8295186819370436,0.523995336355995,0.8408073224554905,0.39404874111183485,0.5819879092047001,0.5349336817016284,0.5395357025036256,0.5759255520303128,0.6546544843398179,0.2740768571526106,0.4613264207567557,0.11093080715986518,1.0
0.8696435080611162,0.22680898885200731,0.17326319166932225,0.7029325597587281,0.17284687767029383,0.8146572724624598,0.35409824536797285,0.8672314130269431,0.6215360126500578,0.6936482118959361,0.47291404408664806,0.8340629551377066,0.4959300090462201,0.7356224552943085,0.4714263952823291,0.7486572657314395,0.5239648880099602,0.471627745270127,0.5775875968217897,0.6348286055048222,0.3160655273971684,0.6385238857578487,0.09327619061936114,1.0
0.886699473642647,0.18670500228218465,0.1446075438304287,0.795083777316881,0.10462035524630711,0.8356220868690067,0.36217244743107396,0.898252698670767,0.5710664095585737,0.7291014668757179,0.4636343852200072,0.8067897916886019,0.3594970887359676,0.9117787691144522,0.3289758849347871,0.646891558868623,0.4547245433942414,0.37434856442995257,0.5721265061679353,0.5142015627899873,0.3279390163215294,0.7181731543984943,0.07121364790451096,1.0
0.8339933460915849,0.2082002201438101,0.18235414778104558,0.8796607264223081,0.2038896898576007,0.8864179328647667,0.3678975627976172,0.8897962322321443,0.42572970013172234,0.6655437638490754,0.36452484896188125,0.8342389772802488,0.5377465861653752,0.8625505956933471,0.3151997464233692,0.8181663033819683,0.5062340232511566,0.5315403063444477,0.5046023543356917,0.6216549537992904,0.2821661731366786,0.6481471505489594,0.055051570055479525,1.0
0.7348236981343353,0.2615215996457599,0.2853722418360723,0.8438475838502294,0.25192028241240677,0.847468267425332,0.2847749771296605,0.751964125256723,0.6117191707707571,0.6123559009362276,0.37140291301389583,0.786417031995726,0.5646205303201056,0.6456747052322429,0.46129176130919786,0.6510590867110287,0.4500491743149884,0.4613480299022962,0.5441851120836935,0.7344676625484561,0.29213584807745185,0.558142567138356,0.07360635988113517,1.0
0.9253621093867298,0.23968844162412928,0.12794231162415307,0.7168355160439622,0.27235308748154885,0.89636921080319,0.3963397175350773,0.908044416671459,0.6206334199298563,0.8843326629269903,0.4512364334418536,0.7470720418000214,0.6112022357140318,0.8056485607478472,0.4233306005079349,0.6829765473631749,0.5412285348048198,0.45345842844788464,0.7270962727521155,0.5636884295533531,0.2704868435275419,0.5945325319489253,0.0823104823972617,1.0
0.9177452188737709,0.21869594341670218,0.17897338574340269,0.6042316718924515,0.25994924835099187,0.7622479299891032,0.33466837762864177,0.8520996754421055,0.7221088350988634,0.8829876963367014,0.49318736394826174,0.7582368751628293,0.5600987716858591,0.7036381720215523,0.5597568726224369,0.4792856064405012,0.5965452975344788,0.33700448315067044,0.7046539636651636,0.6529066417728372,0.32073599767399374,0.6176911897978739,0.16170572021524723,1.0
0.9170014428908955,0.22400288079909206,0.3475064197693749,0.6357853430178723,0.5448833857194328,0.8613633924428007,0.5375070205343212,0.8117559532478426,0.8792220736325634,0.6924234457562781,0.6336371804706704,0.6411103345834054,0.8554887877873293,0.5668166690515044,0.7729203925498447,0.4619317762070314,0.6622717150944677,0.23910947665860754,0.8491469650251028,0.4660997352002407,0.2416429437287475,0.42707951786183024,0.22235092637554457,1.0
0.861674772452856,0.2639720255615688,0.1507934061474604,0.7147639941089986,0.20006151967890268,0.9433860618375349,0.27569310014778403,0.8157191818958351,0.7472255801482236,0.6966723080299392,0.3800714693939984,0.8449870660251994,0.5226119055673883,0.7118368260176371,0.5003560361272668,0.4178062245837825,0.4676909675117643,0.4697564881143941,0.6524491307214251,0.6803814068165321,0.3178235719196037,0.6045177596789902,0.094011029964007,1.0
0.901102383022783,0.2252029193541349,0.20183862630607452,0.721982974490013,0.22855823238144948,0.8532311211498753,0.28580644218233425,0.8447978384571038,0.6349901963876577,0.6946175876721933,0.34336509058261233,0.7879439726648365,0.5231900882984466,0.7212659280487275,0.4630234953064142,0.4875904104818074,0.5502212891333629,0.3722176581569019,0.5690850525063614,0.6631046627861074,0.32901492630164214,0.6246520877947261,0.12630244008181973,1.0
0.8839415262409115,0.15970139071330602,0.29558973141436784,0.7935186205008679,0.17892093848056978,0.895493843495241,0.21448332119686997,0.7466765853117794,0.6252972982328495,0.7991534935893775,0.37251638465111037,0.7868444826428137,0.5458427223450368,0.7690752079411288,0.5205928063098031,0.7119909822208742,0.49019393308925285,0.43411642719485205,0.4960533783807795,0.8091806127535728,0.2945455111051678,0.6672355453077516,0.07606754167550704,1.0
0.707134309199596,0.3526453739392212,0.279392668383337,0.8142042650238379,0.22986015110152788,0.8718192480261889,0.2556781670585753,0.798966201101984,0.7476471354852914,0.5873344434002782,0.4536749458922318,0.7812512346215412,0.5341758228120885,0.6908467826041882,0.3541390887280861,0.7164037508741518,0.443999015527175,0.4589042836916946,0.606522015748697,0.7438976397919622,0.2637772523838317,0.4592491598935898,0.06453308225171162,1.0
0.6566698829685835,0.3915736748483211,0.337529338076828,0.885560479016358,0.3221176451496486,0.8855162840925604,0.409391086872972,0.6984796114004419,0.8406276595406859,0.5885087523843227,0.499015021407525,0.786781093141739,0.581738598469047,0.7536085915981371,0.5609787581749367,0.6365730418298154,0.5355594414910285,0.31761639459678165,0.6155299088528989,0.4667556428288663,0.23919686400394882,0.3504087259963473,0.07182950475176718,1.0
0.7113695826157689,0.38656841286058763,0.3604140213130912,0.7898101768443516,0.3832916259286768,0.9250966362130695,0.39312580290560994,0.6984039225212292,0.7931384011269366,0.5839644620172785,0.46366612450881817,0.7251154744123574,0.6285260554408231,0.631209582474505,0.6269024166751251,0.7362405235468573,0.5551074643301127,0.3153445867873143,0.7290719719896006,0.6091688233584746,0.23919686400394882,0.34414660537459896,0.14919248896252277,1.0
0.6867138334581488,0.3568340823493689,0.2974312416905394,0.7719093179179942,0.3368197435558604,0.8622761979612137,0.4120521193650285,0.6858543491881525,0.827176253812855,0.3986779051410534,0.5750422914180537,0.6440755367161036,0.6815083806973553,0.4919474446341871,0.6130279798893137,0.46982994307789916,0.5745424080448661,0.2550994331086889,0.6884723189649966,0.5347102234345834,0.25330501771047104,0.40384329418498865,0.12578987428973543,1.0
0.8366157574375493,0.29976178546367693,0.14886513454954498,0.7649965344972727,0.1921005751321467,0.8428054940109008,0.34248844540893586,0.9425440117902061,0.5182902229871481,0.6848031267187183,0.4494378153383109,0.7478659369893735,0.5309170668977135,0.8751064425728861,0.334528974450691,0.8144776537544336,0.5005243870607888,0.5572460608350353,0.5311787425076179,0.6166949678014987,0.3129872028502012,0.5841149393584832,0.10908618509142536,1.0
0.9205188883758701,0.24264946707133797,0.10207493180498747,0.6856544273612833,0.15124663012027717,0.7602128347391371,0.33153313620667574,0.9013806283888642,0.6831862408407867,0.8334558705497442,0.4440042222391975,0.8086698217164746,0.5469783555557015,0.7582268334261547,0.42745172438574897,0.7394101051390725,0.5256851459458992,0.4078180232487459,0.6345366965381815,0.5300899766977186,0.29817799979646553,0.6489494840503495,0.07451908095149308,1.0
0.9309994224416664,0.29091924880579056,0.09776476976209404,0.6765540283808037,0.18314510020175562,0.885378200529647,0.3308819372098083,0.8844450669905778,0.7046370896739801,0.6406492107100116,0.3834294046765709,0.8084957895941658,0.5882358423762718,0.8207402896811148,0.532186726414626,0.45972043832043263,0.5885424604325873,0.36062283206997053,0.6527566238729586,0.5265257265069102,0.2787745160265081,0.5696200610342272,0.0863952245321665,1.0
0.7925996072278737,0.23257246690163397,0.23130340864341645,0.8908623710932206,0.2762824774386478,0.8205221096862176,0.2976116748863581,0.9053019454289022,0.47477105965987904,0.6424199688275143,0.3780355477214633,0.764775193307331,0.5831535916009941,0.7693248115704492,0.38220332731968587,0.7419613382698254,0.4108588508392314,0.5126553993216667,0.6155636235856723,0.5402290675098717,0.27250011714409383,0.5919457618229685,0.056268087558603484,1.0
0.9193106973246987,0.23232957759963407,0.11561722950195155,0.6186243729951069,0.2419676907623146,0.8828008361799143,0.3024721570714609,0.931307420566018,0.7126571705993384,0.7492070824521107,0.40331734019377724,0.7828568855711774,0.6024432409207485,0.6906830547481905,0.4123964200279847,0.9005694076323202,0.5061016806079598,0.3988588062538619,0.47854459188185217,0.7556451871774357,0.29022311025494524,0.6528049411992276,0.07477966632427009,1.0
0.7948682103471306,0.26916401901920634,0.2526918198749936,0.754644208765345,0.32045761699714104,0.827374350020756,0.375549701868826,0.8331822174385382,0.6814975427026063,0.6950195630052831,0.5031714006086048,0.7796528262289377,0.5714880174241198,0.757631581470298,0.5223048329064536,0.5696573788722165,0.5095970907477753,0.5231764721925894,0.6892596434045333,0.7140902645655379,0.2610459649027067,0.5137983830244662,0.11026539553972521,1.0
0.7560998391718504,0.259839482614028,0.38950413780110893,0.8414432028828447,0.5124941653540676,0.8380678522566278,0.5230064335526255,0.7183136015110018,0.8896275464869092,0.6502811876805052,0.5198953915141953,0.7140394358992057,0.7514089833229509,0.6472461992664572,0.754633320784001,0.5254174932030878,0.6019987690998212,0.32065068033401106,0.8671963384536091,0.5470787992537907,0.23919686400394882,0.36535275477500384,0.129950241724218,1.0
0.7874093024181064,0.2781304739230733,0.27046875665659775,0.6513290976360154,0.322786971822657,0.7523939480467007,0.31162842306068933,0.8030447415737717,0.83384385113067,0.6238298286259251,0.5213920005279515,0.6969200904248836,0.618462363394935,0.6148254070783313,0.5628280181743701,0.328271386377191,0.5731930547802374,0.3223886944946786,0.6908548641916659,0.756535908931287,0.2906611559144076,0.5416444757050707,0.11954097348325078,1.0
0.9437454520222918,0.24918095687703487,0.06518029507610706,0.6823152891806857,0.07265894326841812,0.882213300221804,0.39710479261230364,0.9382254075488617,0.5681358358358538,0.8741362863507585,0.3396124739419264,0.8927098952138951,0.44335051975926043,0.9028511822380446,0.39533734333401,0.6588897035638083,0.5156070309888872,0.5239641982377099,0.5253900013244113,0.6978768812847519,0.3289572629369059,0.6682944573579086,0.09839840767529852,1.0
0.9005192889817716,0.18393014273103842,0.1481174385599024,0.7493210057817498,0.14836250088829184,0.8154934412282492,0.30070904008553573,0.8950933322682906,0.6010781113484662,0.7685063813768421,0.4875697540627737,0.8151885744668157,0.5080667695106479,0.778521858846592,0.42288326861560344,0.6497064107006192,0.4493451304362793,0.5418695237056601,0.5925415105304784,0.7911986698112268,0.3069514837887002,0.7042247993126283,0.06448574139018334,1.0
0.9136083014429521,0.1758853681914149,0.22166721153343863,0.6495319840472646,0.17342814925437566,0.7765104320275709,0.2942101972926888,0.846218106384768,0.6763980652326222,0.8537472430478087,0.38233817263734465,0.741954657576793,0.5695095749557385,0.649721320218829,0.49423404388328007,0.6909171883770758,0.45653693132849826,0.4996118332066849,0.5785315742409041,0.9726697372050397,0.31646666166567666,0.7084900369869269,0.07745274836081606,1.0
0.9613785582311196,0.20646030082005615,0.09470851507856774,0.6749644115318955,0.19408998113972292,0.7814655682874923,0.2797191347423514,0.9343443997353238,0.6658952159079832,0.8324834091021882,0.4264322016943471,0.8094386271724919,0.5060394448169381,0.814727163170279,0.365153908241217,0.6478253673871901,0.5021444087531335,0.5113139825247232,0.5610450923374435,0.7949675826009673,0.30985022285442887,0.6936705998518423,0.07678062305574403,1.0
0.8160353092183938,0.2917927443662983,0.2548631055274544,0.7209643164201616,0.24416028551130686,0.7814232437927694,0.215426946866661,0.6789178822260317,0.6675204683866112,0.8468419641590474,0.3198297772905491,0.6885732519052224,0.5614607190998505,0.7454612678980885,0.5598153768469982,0.6694330651694119,0.4444117854915035,0.46507171269796643,0.4962113614609336,0.7804914388894932,0.2823591982613126,0.5465271371311989,0.08180929541349767,1.0
0.7960623511556111,0.2876957764864807,0.25851454824878334,0.7359889601482847,0.39438492658279034,0.7559479614553961,0.38034466590671273,0.7645698355102644,0.8241876620761311,0.4132731302306495,0.5538086169622193,0.5852848959075432,0.7037047956202559,0.5630160917801865,0.6366424280634109,0.4024304635264997,0.6199378973686008,0.0701927681291006,0.7990157151048858,0.5612791744209819,0.2649242658606817,0.48119067018380357,0.12882267174037035,1.0
0.776372522008441,0.318419535806629,0.30312563025180833,0.7513366831253694,0.45281320470596215,0.8683639493099609,0.47551960096901025,0.7233658468214044,0.8661975479033504,0.841134069276064,0.53155432553302,0.6647621267568095,0.7271393123543053,0.6260142661255591,0.7235938555280876,0.5512952239964855,0.63929798339854,0.32078097235024694,0.9045144201770194,0.5065514149648752,0.23919686400394882,0.37506195532079034,0.16969119048468767,1.0
0.7747333031843426,0.3624511161935547,0.2171148049518146,0.6948480531490123,0.3531100462445284,0.8144791190430974,0.4328862935770534,0.7093795534096802,0.8533485000613923,0.6151735359781086,0.5004257085295892,0.5931827203341595,0.6860845041983133,0.5480588073776852,0.7617795659932537,0.4181523717312063,0.678846490493175,0.1030429461315289,0.8312551204828244,0.4363825060203052,0.2417576381864342,0.3972560880510176,0.09415205381531959,1.0
0.8433861041589742,0.256540764147111,0.09809952599062798,0.8083063602198164,0.2184321659313105,0.9401260119626167,0.2549170487482964,0.9093523623201505,0.5785838303717387,0.6771527150268265,0.44271075302471125,0.8144665067737357,0.5585589382651647,0.9209998841351638,0.34516581939091295,0.82545959778694,0.4886827978246662,0.40747179907536357,0.5648064755418905,0.579571026441435,0.33129460047557363,0.6133392316294516,0.10988073973121802,1.0
0.8902990111138649,0.23968703070627162,0.1299118785791516,0.6715052784700197,0.17511670289570289,0.8351352679350958,0.3537093157875178,0.8704698893380939,0.6521888994917261,0.7654484567745731,0.4193106051652543,0.8180106645595356,0.5000550156616358,0.767453678460252,0.41566773179954264,0.6483803601807775,0.5410903202588323,0.4890286923522342,0.5752694528014473,0.6140017604318397,0.33943462496760923,0.6417176798193513,0.11344378157303464,1.0
0.9227840407236861,0.22251744156410075,0.16408314040509392,0.7454743880615905,0.22890794222249783,0.8731880278694032,0.3868281865358487,0.9173714284961597,0.6361976472175065,0.6972424181966783,0.4325149053353055,0.6664188203331989,0.5980490787873747,0.7238577923470704,0.4288598436535764,0.5742297000441896,0.5502084247066115,0.39556958037255635,0.704282411232993,0.5691313968345127,0.3199782549062614,0.6151053174953738,0.15476860572301557,1.0
0.876310691638619,0.20216498504621247,0.1422017029811992,0.8682472929119377,0.14633189457899312,0.8094156512396349,0.26407225676591,0.9079406733164115,0.45736443826266165,0.7988275445838771,0.4174663570900584,0.7310861240940696,0.5335282555289403,0.8343891785505773,0.46241157205023986,0.8268227062913424,0.43835822213952835,0.4737819447280697,0.5676272251970633,0.782596486422462,0.3732201665744545,0.6840385190612245,0.11331662718502293,1.0
0.6029722591408004,0.4193020970949376,0.35455412979673,0.6867154564322749,0.3713947091354873,0.849785782815168,0.412068575316132,0.6722569520349574,0.8115005843473871,0.4091052518261143,0.48498142369212854,0.6048668403288303,0.7444594893470873,0.5635456311761559,0.6278853351085245,0.6439837548592855,0.515985338759972,0.28310138160855514,0.6010400702440452,0.4696238781941909,0.24482847902294544,0.3647475555205007,0.10594006191218971,1.0
0.78515383104677,0.24325039947903013,0.3059170741347305,0.7246759637379079,0.4218090718449118,0.7501188923036828,0.42608896441303096,0.780781211682489,0.871619272586104,0.5431780166681432,0.6171515726889457,0.6352579356347517,0.7204061379100334,0.5327416514663029,0.8485419741800017,0.42406312936540674,0.5737523505340265,0.10974798965563173,0.8991691236233356,0.4842618045741728,0.2524895416519466,0.47669774141934607,0.13347088713585667,1.0
0.7151867821400271,0.33647734836919685,0.28402119501211087,0.7506385756799533,0.35596714091665677,0.814017970020894,0.3176999568718539,0.7458033886947875,0.790281408302763,0.6287906742629131,0.5261268538490854,0.7510742752508766,0.6468788298046749,0.5884213262645069,0.6768024410202704,0.3794154900173744,0.5610543841739417,0.2807931655872117,0.7984722684607397,0.534904688269889,0.25788416391518054,0.4265010254273452,0.13204554079161765,1.0
0.791261793172891,0.28093172903547026,0.23629417508053874,0.732566235316251,0.2230637005679268,0.8060654644858039,0.3110777566083206,0.7975866103928221,0.7102773801423322,0.7915410938199586,0.46818461386219895,0.8206804234668156,0.5064764801122373,0.7118930864172374,0.5487278875407782,0.5157766940776712,0.44478779978585914,0.4544546363510581,0.5754863388361295,0.8456846466813315,0.29061382497706356,0.5632530243778379,0.08230512938551265,1.0
0.6566488771929394,0.35920396727329545,0.32574138479301157,0.8039132962183099,0.32107210041745154,0.8418828860777205,0.3182537430104109,0.7188226583625977,0.7836113599645824,0.5891789767171213,0.4662380088456487,0.6774575302742875,0.6139681477352409,0.6271710987228032,0.5483330680988833,0.6278023288029259,0.49040449008539566,0.3828432204265139,0.6514672990621978,0.6969169126693456,0.252852118508279,0.41423452828462637,0.09055470340053422,1.0
0.91485359262205,0.2311278193599996,0.1019633137068842,0.6835676819527831,0.15533287483690963,0.8137021877562721,0.2344124612984444,0.8342787848679473,0.6197558292146614,0.917313083404005,0.33715769215557656,0.7827098922147602,0.47372139532485213,0.7585108646735594,0.4200003809079499,0.6335379391546629,0.4684381741982584,0.4423988263116253,0.47993378358229694,0.737205198761255,0.3111606298574631,0.6789455158556212,0.0687019000766998,1.0
0.8405572100824032,0.2825179809541451,0.1294257657451016,0.6739164618472545,0.20857293917533049,0.8347731619240256,0.32468651493847217,0.880857638116868,0.6262239978179985,0.6946296958508816,0.42654359237563577,0.8334200800395445,0.5126039082785614,0.689202983255476,0.4343954634377117,0.47315664379357075,0.45406524812122917,0.4580847090186162,0.6227473609910201,0.5877825834045838,0.3315554137926153,0.606179832114708,0.10153385052226382,1.0
0.8519346344869234,0.27530521964253635,0.23484793822780642,0.6383507316936297,0.2648069463675564,0.863982232292391,0.28546567258999805,0.7554902872860273,0.6987559696873368,0.89872833624165,0.38477490682464177,0.757535473595857,0.5724530599193638,0.6073291222281475,0.5710637881047504,0.5543138466372802,0.5731696033402418,0.27871794966907104,0.7232815332007027,0.8579533751652487,0.2763781002170888,0.5531945984209461,0.0835797380043814,1.0
0.909575785252194,0.2268272576864336,0.18124668998447951,0.6142756530797141,0.23103052587959175,0.8599959924915122,0.3187742670065248,0.8743147717836806,0.6771002542462853,0.7907695544179738,0.34804527004711905,0.8073874896327742,0.5619732709200065,0.8128418860358368,0.5947417174021723,0.49932154358607705,0.5284421323826307,0.30896682651693025,0.5287514628243861,0.7207748932103438,0.33389228080911343,0.6288963494090617,0.13071032506275435,1.0
0.8816872849156184,0.2201662492788092,0.23970907452895157,0.6651030065161692,0.25310896560031315,0.8358776281086078,0.3301368289520715,0.8525115174740079,0.65333976242464,0.8497520940888548,0.34482898968549935,0.7876230780698221,0.578434637862616,0.7267777720393042,0.5816016070935689,0.6134715676254927,0.5154732511586282,0.3066539371571526,0.6300750321819126,0.913725040733294,0.2662264074447062,0.6081424630286086,0.06133446548554073,1.0
0.8541939697293598,0.2162991228489432,0.2299103693064818,0.7858785967983584,0.2993926981417607,0.7755492417307468,0.29625235738317923,0.7814996481733377,0.636961109369683,0.8088081968917485,0.3967474474660531,0.7301088733293477,0.6601093013368917,0.6955442574162588,0.5353942877984015,0.8034381400485291,0.4911077106870707,0.40679544185228417,0.7138982512059662,0.7836363614403902,0.28187326907325666,0.6086146225003612,0.08000841233221131,1.0
0.7989059858090677,0.339636002192949,0.21241445964078287,0.7275789136307902,0.346352731464762,0.9344129453938508,0.31381657429488924,0.8659910106628097,0.6833147887537125,0.7696450367621182,0.32315598723855804,0.8340076934678455,0.6235427539113593,0.7057563662931139,0.600701866593317,0.8617518320775711,0.5608184187858085,0.36682848265424134,0.6720134006923132,0.7831993264368303,0.24036067710642758,0.4357280227987114,0.14809019595261078,1.0
0.8139644587367348,0.25881611095071905,0.21153940668340424,0.7435488348004401,0.2813557629139846,0.9503577476522149,0.36784634610938416,0.7996315877252659,0.614999828906953,0.5750469417532662,0.34224848247311834,0.8008373158074137,0.6208928175178501,0.7124230401887609,0.6186992260661286,0.5273662956121887,0.5656730997967597,0.4011233135244358,0.6314341974751554,0.5359386875330444,0.2839189399294287,0.5480747052881604,0.1174085584498422,1.0
0.6708583242222741,0.3742371899097895,0.23279413582871938,0.803608959807964,0.2737410439090437,0.7814394155887304,0.3054496260915541,0.8341137790740923,0.5941362270194186,0.5921658320241875,0.41221545364842604,0.8230167584557175,0.5986294225858855,0.7014301671420672,0.4936511092045939,0.4603969865692711,0.5064856116474298,0.42374316044917715,0.43484488614899997,0.8149066106721262,0.2593474589006643,0.44427614789441666,0.06382030565687549,1.0
0.8742205705654796,0.24271662540313324,0.13943334679123368,0.6785652550442334,0.26595790106522843,0.7231914121376855,0.4103638491582321,0.840616741501411,0.6685686900252807,0.743004885341348,0.4059254161892895,0.6794803618062781,0.6679226599376485,0.7779105863265895,0.4325630715284506,0.8225229708578206,0.5045507630392134,0.29240878981338586,0.7315076630886719,0.5981817863268645,0.3447665126744942,0.6657470571244958,0.105213935547035,1.0
0.8607426148136331,0.2262142389663403,0.1793828235638302,0.834693838487941,0.19530053699288946,0.8368071079954958,0.4273330346572606,0.8287223020334695,0.5805966803652117,0.8775023303920638,0.4132417152390164,0.8077404076578949,0.511282450368521,0.8759877088179143,0.4832025975629515,0.6530277731521696,0.514402226947034,0.4091210592164714,0.5024908134892669,0.5357008367569855,0.30885357044368783,0.6300695398176597,0.10425563963021053,1.0
0.7708449926208083,0.18753083590232808,0.27005543800198417,0.9984869609145158,0.2472940683489807,0.7587697023913907,0.28119511459026136,0.8841651576507483,0.502388921776137,0.7956463806945097,0.4612906890659308,0.6795105866765307,0.6020974717549005,0.8206467063416025,0.3623310075165421,0.9386552820406359,0.4102426932139165,0.4360803068364993,0.43683629705067806,0.7121455779010991,0.2804405546469346,0.6358253224815005,0.051206657129975346,1.0
0.656049672961219,0.37762724155784516,0.27252226480149216,0.7862083939296556,0.2951338537348207,0.8212251206610577,0.32757011397434127,0.7837461327971734,0.6075369609264434,0.7668485583392481,0.4536955631145331,0.7080828142579267,0.5647721078400859,0.8289319173662149,0.4409798191999888,0.768851571243098,0.4682757842720055,0.4710813563685665,0.5216170012829938,0.6839971787792024,0.2539094760025065,0.42779670824275723,0.06797452512585932,1.0
0.8313323799987207,0.23124359559233815,0.2630275405164996,0.7401011457314407,0.31882417316915124,0.9037288005439255,0.4328459337467572,0.7637377459508009,0.722088641717511,0.7530264896238533,0.504119856685393,0.7298876648796762,0.638582911151103,0.7590659103861719,0.6188093205481996,0.6106240144238654,0.5066749095631546,0.4707927595220259,0.7660996697227694,0.588913666497047,0.26237190132979415,0.5376615648506281,0.09978888849981753,1.0
0.8831008545746157,0.41588678470643486,0.11555165620779792,0.5413668663822395,0.3460897570492692,0.8854330999393378,0.29210587675614,0.5501001540213104,0.9039514957698196,0.837624405649168,1.0,1.0,0.6765832209783266,0.03985867376771931,0.24488292341697052,0.7300612587174559,0.9988945786790516,0.20548562653153318,0.666529871627144,0.8660267226705424,0.3180846845776667,0.3898699052109082,0.33455312816436683,1.0
0.7214698988555306,0.26016778648690575,0.40297689208237786,0.6101109360984847,0.3297897283555127,0.95103122054477,0.09114410718814056,0.8217821278566361,0.6597073871357358,0.7552480529810022,0.43295146701829473,0.9032096500605823,0.5884200082122895,0.5458582972173723,0.46467166020071426,0.7536801252906201,0.47765724842432017,0.46421473484285586,0.44849933582910173,0.9063411963250698,0.2677025591167331,0.5622040415266477,0.07090858292118557,1.0
0.778918923110731,0.28750188255628584,0.2602241482455389,0.748744021812914,0.3589091091776141,0.9587625201989647,0.3253009861816184,0.7856561070876285,0.7390631410084911,0.5669118961188037,0.46178994284994285,0.7911201884001683,0.6487401746372888,0.6728063597303727,0.6452717080011976,0.5203199892347807,0.59509274933903,0.36299292525330074,0.7660890759816811,0.5758029643998714,0.24683425081703506,0.46824775387968465,0.10631958260645094,1.0
0.8558932725302731,0.20315414022533496,0.31499407959820275,0.6676600511102784,0.2795414629801428,0.7970408622655483,0.22176235303330938,0.7460242552369944,0.758977339953302,0.7516965946990638,0.48337793213270835,0.6380767972401357,0.6056298071071351,0.6562390025621676,0.6842419566974628,0.46964545218060283,0.5824055619888971,0.2282759599866799,0.5761548508091029,0.6351314749148108,0.2813573089964776,0.5944211099550999,0.09112520310367565,1.0
0.9273044486295531,0.15164304409348658,0.2313672203022861,0.7449758342676802,0.25442263150012173,0.8016877706059502,0.2984308876943287,0.880077718560761,0.6896011203262317,0.8067397798234136,0.4424888806039192,0.6005564889169147,0.6867728206844866,0.6354256541083124,0.5112634901412547,0.714963198967611,0.5098470535102276,0.48188710373273086,0.7396521144540806,0.7612569366930048,0.2899772262472057,0.6702916481340458,0.11496783914181927,1.0
0.790287012263133,0.2099261700333615,0.27590388458014037,0.7699098277562084,0.2955411418637383,0.8381781582571994,0.24909085433310352,0.8012870064518229,0.6617588380922218,0.8168691414903442,0.42701958170107135,0.6467257364677419,0.6365473378373214,0.5880631256159807,0.43371293200524774,0.5886614975354643,0.41072576012892725,0.5063878599375479,0.6097050025740421,0.8271027456485893,0.2747433233273742,0.6080183917514408,0.056000577083575406,1.0
0.8713034252487365,0.1694969987011455,0.38676585784976053,0.685016163600947,0.5308253344106724,0.7568741388467449,0.516179251323581,0.7970912612660692,0.9988719036298205,0.6120056044449923,0.7419688950222589,0.44820829349105856,0.8838047544400429,0.4108262475247761,0.9315068707126202,0.4884506307936832,0.6728376454748846,0.40764960865030353,0.9609595645500172,0.5393929957219208,0.23919686400394882,0.4195527496896836,0.3369656880586158,1.0
0.8569336309120177,0.19185559770090402,0.2406266379878965,0.7761277001614739,0.3482978701606603,0.915459673477394,0.3768656280845454,0.7877728491319912,0.74744934889635,0.8050587246226849,0.38088549106482633,0.7444579661348721,0.6613092265104321,0.6241344764668063,0.6750346209256385,0.7032282470485252,0.538795241164476,0.4130037835463968,0.6267233865193266,0.7171850433255934,0.2544889371164758,0.5543014606573701,0.10865487021282084,1.0
0.7352541203533729,0.3427674667469406,0.19618719919381156,0.8004928923214343,0.27942620056701534,0.9160317290990998,0.33664315340307077,0.7665344082489792,0.6484578653546008,0.7287682923478568,0.4107364700210862,0.7590631079961896,0.5906244102253149,0.7642673490394617,0.6192579172050762,0.4192361054488867,0.5441022595259163,0.5048684408421991,0.6532020366035431,0.5247359587920493,0.2615407610728182,0.45392828839843796,0.1059051002081646,1.0
0.8634397870181924,0.2671877479912747,0.13783651947025105,0.6509910183631306,0.24564029653313008,0.7430699953878122,0.25976935812137747,0.887483548900754,0.6691948326402519,0.8957023820041743,0.36989216665836566,0.8593650500346722,0.6047366095813056,0.6199460508485416,0.344683939981131,0.6768246604705095,0.4606178941617937,0.5810213045093889,0.7308279576696172,0.7806752972441781,0.3022293098182093,0.6159121691125435,0.07621327650951551,1.0
0.8672247806858491,0.20612699149902375,0.2039448414333165,0.7744434295576395,0.23316466656406606,0.8408411770098732,0.25725995115144956,0.8247826324112333,0.6269778692234922,0.7650135787750976,0.37257047749100175,0.8167299305824575,0.529770982429048,0.6882929771664266,0.49355577657915234,0.5928964710899053,0.5036499716628112,0.3284560937149561,0.5690499293496198,0.7821726894720028,0.28559255449619636,0.6428480281879413,0.062266807473407994,1.0
0.759794539068861,0.2933278844789582,0.23766062052283402,0.8388599971085333,0.2350375131725733,0.7812997430509667,0.26315600976464915,0.831122579946901,0.6082130099194958,0.6048798571865042,0.4370050030816217,0.740916713934066,0.6369441663794766,0.7538868962926554,0.3992558605977791,0.5993599144361277,0.43575908161120674,0.42800195874152624,0.6806050869553595,0.4820969767963114,0.28020151930616727,0.5534772570589713,0.06812740239529223,1.0
0.9096684333034515,0.14020236936737904,0.22699024565847067,0.7122966907334997,0.274997024452668,0.8118891894134377,0.3445171890256349,0.9075347535760178,0.6639584321139952,0.7226695186198466,0.4871580693199354,0.6723000222256332,0.648882249650626,0.6870659923775523,0.5088414016359256,0.7459450748406407,0.5395186501813864,0.39307141700739234,0.6360774654909824,0.7294068264651803,0.30407194297587503,0.7050919913544592,0.10146150296261115,1.0
0.8226611702830467,0.3534752762338242,0.11248820411896474,0.7306786998749958,0.17303443554846837,0.769986437961532,0.379959385101796,0.9387789578326954,0.6976100284359422,0.69445794758477,0.4353745425577073,0.7088774417436411,0.6034847252344026,0.6963218280848247,0.4010315456377146,0.8087722357023398,0.4954353029976372,0.42969755172463747,0.6017722872855642,0.7478254113879548,0.28690600539374095,0.5429849837877588,0.09127918242275782,1.0
0.7639628996674865,0.32260830129936263,0.2783934018668101,0.7253246783639277,0.2927705141599728,0.813416679458436,0.3709215124047679,0.7607988811726819,0.7657854105019791,0.7504922257039659,0.4830147506949201,0.6954674354978757,0.670431924667341,0.624013325363119,0.5959557085453143,0.8095900569010126,0.5446143111047402,0.35058387947657843,0.6972963214519926,0.7610516444249361,0.2508877809331813,0.45087490426840593,0.14645837633377187,1.0
0.7644539168827077,0.2789159383695927,0.3255397230331357,0.7536432398896762,0.3527040675981117,0.8187718705790696,0.48167258707945276,0.7104080004929638,0.834437061845998,0.6219184297186924,0.5675217510413506,0.7068584296743968,0.6606660624497297,0.6239146370885249,0.695785471629808,0.41056422072433024,0.5845065144658194,0.27545927915771484,0.7107932511200267,0.5596026633259837,0.2468249088315305,0.46248476256766696,0.09810629185060614,1.0
0.9355399557163716,0.18594845163522636,0.1401009152728209,0.7479133025066819,0.17772598562154981,0.803627516577916,0.3410827793818293,0.8222715390451156,0.5886792670556195,0.8313527182619656,0.4444349177039364,0.8295360924771784,0.4470501866822797,0.8166982744195581,0.4503445252554201,0.7288832823029526,0.4771585667711058,0.503132386034968,0.5309756892208257,0.6442948806317377,0.31827760122827403,0.7134201588712579,0.07737276092638817,1.0
0.7958700353440861,0.31370956167595304,0.1569576219874593,0.7856178657485827,0.22830242896335412,0.8393756688001294,0.2688541101099175,0.8187778848919265,0.6100281254372479,0.681890249578549,0.4070363706637558,0.8427590785766021,0.4648909961670685,0.7902969779009982,0.44431958044308406,0.5417357975329433,0.5603528077410977,0.44501262585824974,0.6491789165947116,0.5847033076713097,0.28607932801107816,0.5187808058767301,0.09775892793128632,1.0
0.7514745395406707,0.2892140578859913,0.280548522835511,0.8306205089102564,0.22074506233609403,0.8422820709263443,0.3592155562690548,0.6909511650979041,0.7697545065181434,0.7184717823609035,0.5456994087896389,0.714562595525897,0.5522833550741224,0.6530697498792845,0.6667890834082131,0.3621837932780116,0.5755345442669364,0.3350957277742503,0.7643863164731575,0.6092479837449056,0.26363361070097513,0.4988222758835581,0.08133971498220617,1.0
